[2025-01-16 14:34:56,540] INFO: {
    "abs_dir": "/home/diwang/siMLPe/exps/baseline_h36m",
    "batch_size": 256,
    "cos_lr_max": 1e-05,
    "cos_lr_min": 5e-08,
    "cos_lr_total_iters": 80000,
    "data_aug": true,
    "deriv_input": true,
    "deriv_output": true,
    "device": "cuda:4",
    "h36m_anno_dir": "/home/diwang/siMLPe/data/h36m/",
    "link_log_file": "/home/diwang/siMLPe/exps/baseline_h36m/log/log_last.log",
    "link_val_log_file": "/home/diwang/siMLPe/exps/baseline_h36m/log/val_last.log",
    "log_dir": "/home/diwang/siMLPe/exps/baseline_h36m/log",
    "log_file": "/home/diwang/siMLPe/exps/baseline_h36m/log/log_2025_01_16_14_34_18.log",
    "model_pth": null,
    "motion": {
        "dim": 66,
        "h36m_input_length": 50,
        "h36m_input_length_dct": 50,
        "h36m_target_length": 25,
        "h36m_target_length_eval": 25,
        "h36m_target_length_train": 25
    },
    "motion_fc_in": {
        "activation": "relu",
        "in_features": 66,
        "init_w_trunc_normal": false,
        "out_features": 66,
        "temporal_fc": false,
        "with_norm": false
    },
    "motion_fc_out": {
        "activation": "relu",
        "in_features": 66,
        "init_w_trunc_normal": true,
        "out_features": 66,
        "temporal_fc": false,
        "with_norm": false
    },
    "motion_mlp": {
        "hidden_dim": 66,
        "norm_axis": "spatial",
        "num_layers": 48,
        "seq_len": 50,
        "spatial_fc_only": false,
        "with_normalization": true
    },
    "num_workers": 8,
    "post_dct": false,
    "pre_dct": false,
    "print_every": 100,
    "repo_name": "siMLPe",
    "root_dir": "/home/diwang/siMLPe",
    "save_every": 2000,
    "seed": 304,
    "shift_step": 1,
    "snapshot_dir": "/home/diwang/siMLPe/exps/baseline_h36m/log/snapshot",
    "this_dir": "baseline_h36m",
    "use_relative_loss": true,
    "val_log_file": "/home/diwang/siMLPe/exps/baseline_h36m/log/val_2025_01_16_14_34_18.log",
    "weight_decay": 0.0001
}
[2025-01-16 14:35:12,931] INFO: Iter 100 Summarn  y: 
[2025-01-16 14:35:12,932] INFO: 	 lr: 0.00030000000000000073 	 Training loss: 0.43537332326173783
[2025-01-16 14:35:24,791] INFO: Iter 200 Summarn  y: 
[2025-01-16 14:35:24,791] INFO: 	 lr: 0.00030000000000000073 	 Training loss: 0.4115407878160477
[2025-01-16 14:35:38,798] INFO: Iter 300 Summarn  y: 
[2025-01-16 14:35:38,799] INFO: 	 lr: 0.00030000000000000073 	 Training loss: 0.37489653468132017
[2025-01-16 14:35:52,440] INFO: Iter 400 Summarn  y: 
[2025-01-16 14:35:52,441] INFO: 	 lr: 0.00030000000000000073 	 Training loss: 0.3519932046532631
[2025-01-16 14:36:06,434] INFO: Iter 500 Summarn  y: 
[2025-01-16 14:36:06,435] INFO: 	 lr: 0.00030000000000000073 	 Training loss: 0.3383316969871521
[2025-01-16 14:36:18,654] INFO: Iter 600 Summarn  y: 
[2025-01-16 14:36:18,655] INFO: 	 lr: 0.00030000000000000073 	 Training loss: 0.32896856606006625
[2025-01-16 14:36:32,203] INFO: Iter 700 Summarn  y: 
[2025-01-16 14:36:32,204] INFO: 	 lr: 0.00030000000000000073 	 Training loss: 0.32366483002901075
[2025-01-16 14:36:45,547] INFO: Iter 800 Summarn  y: 
[2025-01-16 14:36:45,547] INFO: 	 lr: 0.00030000000000000073 	 Training loss: 0.32195316642522814
[2025-01-16 14:36:57,816] INFO: Iter 900 Summarn  y: 
[2025-01-16 14:36:57,816] INFO: 	 lr: 0.00030000000000000073 	 Training loss: 0.3187699916958809
[2025-01-16 14:37:10,896] INFO: Iter 1000 Summarn  y: 
[2025-01-16 14:37:10,896] INFO: 	 lr: 0.00030000000000000073 	 Training loss: 0.31505048036575317
[2025-01-16 14:37:23,689] INFO: Iter 1100 Summarn  y: 
[2025-01-16 14:37:23,690] INFO: 	 lr: 0.00030000000000000073 	 Training loss: 0.311520956158638
[2025-01-16 14:37:38,215] INFO: Iter 1200 Summarn  y: 
[2025-01-16 14:37:38,216] INFO: 	 lr: 0.00030000000000000073 	 Training loss: 0.31089858323335645
[2025-01-16 14:37:52,033] INFO: Iter 1300 Summarn  y: 
[2025-01-16 14:37:52,034] INFO: 	 lr: 0.00030000000000000073 	 Training loss: 0.3081488233804703
[2025-01-16 14:38:05,616] INFO: Iter 1400 Summarn  y: 
[2025-01-16 14:38:05,616] INFO: 	 lr: 0.00030000000000000073 	 Training loss: 0.30418515592813494
[2025-01-16 14:38:18,473] INFO: Iter 1500 Summarn  y: 
[2025-01-16 14:38:18,474] INFO: 	 lr: 0.00030000000000000073 	 Training loss: 0.304403161406517
[2025-01-16 14:38:30,581] INFO: Iter 1600 Summarn  y: 
[2025-01-16 14:38:30,581] INFO: 	 lr: 0.00030000000000000073 	 Training loss: 0.30243144422769547
[2025-01-16 14:38:44,891] INFO: Iter 1700 Summarn  y: 
[2025-01-16 14:38:44,891] INFO: 	 lr: 0.00030000000000000073 	 Training loss: 0.29969372689723967
[2025-01-16 14:38:58,539] INFO: Iter 1800 Summarn  y: 
[2025-01-16 14:38:58,540] INFO: 	 lr: 0.00030000000000000073 	 Training loss: 0.2969072392582893
[2025-01-16 14:39:11,643] INFO: Iter 1900 Summarn  y: 
[2025-01-16 14:39:11,643] INFO: 	 lr: 0.00030000000000000073 	 Training loss: 0.29804762214422226
[2025-01-16 14:39:24,558] INFO: Iter 2000 Summarn  y: 
[2025-01-16 14:39:24,558] INFO: 	 lr: 0.00030000000000000073 	 Training loss: 0.29437041193246843
[2025-01-16 14:39:39,686] INFO: Iter 2100 Summarn  y: 
[2025-01-16 14:39:39,687] INFO: 	 lr: 0.00030000000000000073 	 Training loss: 0.2947463148832321
[2025-01-16 14:39:53,772] INFO: Iter 2200 Summarn  y: 
[2025-01-16 14:39:53,772] INFO: 	 lr: 0.00030000000000000073 	 Training loss: 0.29630674839019777
[2025-01-16 14:40:06,824] INFO: Iter 2300 Summarn  y: 
[2025-01-16 14:40:06,824] INFO: 	 lr: 0.00030000000000000073 	 Training loss: 0.29117711693048476
[2025-01-16 14:40:19,698] INFO: Iter 2400 Summarn  y: 
[2025-01-16 14:40:19,698] INFO: 	 lr: 0.00030000000000000073 	 Training loss: 0.29101247161626814
[2025-01-16 14:40:31,901] INFO: Iter 2500 Summarn  y: 
[2025-01-16 14:40:31,902] INFO: 	 lr: 0.00030000000000000073 	 Training loss: 0.28832715660333635
[2025-01-16 14:40:43,422] INFO: Iter 2600 Summarn  y: 
[2025-01-16 14:40:43,422] INFO: 	 lr: 0.00030000000000000073 	 Training loss: 0.2880563032627106
[2025-01-16 14:40:56,461] INFO: Iter 2700 Summarn  y: 
[2025-01-16 14:40:56,461] INFO: 	 lr: 0.00030000000000000073 	 Training loss: 0.28750809967517854
[2025-01-16 14:41:09,621] INFO: Iter 2800 Summarn  y: 
[2025-01-16 14:41:09,622] INFO: 	 lr: 0.00030000000000000073 	 Training loss: 0.28573543697595594
[2025-01-16 14:41:21,627] INFO: Iter 2900 Summarn  y: 
[2025-01-16 14:41:21,627] INFO: 	 lr: 0.00030000000000000073 	 Training loss: 0.2878937208652496
[2025-01-16 14:41:35,395] INFO: Iter 3000 Summarn  y: 
[2025-01-16 14:41:35,396] INFO: 	 lr: 0.00030000000000000073 	 Training loss: 0.2873775202035904
[2025-01-16 14:41:48,644] INFO: Iter 3100 Summarn  y: 
[2025-01-16 14:41:48,644] INFO: 	 lr: 0.00030000000000000073 	 Training loss: 0.2845054221153259
[2025-01-16 14:42:01,499] INFO: Iter 3200 Summarn  y: 
[2025-01-16 14:42:01,499] INFO: 	 lr: 0.00030000000000000073 	 Training loss: 0.2869616961479187
[2025-01-16 14:42:15,240] INFO: Iter 3300 Summarn  y: 
[2025-01-16 14:42:15,241] INFO: 	 lr: 0.00030000000000000073 	 Training loss: 0.28441304951906204
[2025-01-16 14:42:27,457] INFO: Iter 3400 Summarn  y: 
[2025-01-16 14:42:27,457] INFO: 	 lr: 0.00030000000000000073 	 Training loss: 0.2834918347001076
[2025-01-16 14:42:40,580] INFO: Iter 3500 Summarn  y: 
[2025-01-16 14:42:40,580] INFO: 	 lr: 0.00030000000000000073 	 Training loss: 0.2831887397170067
[2025-01-16 14:42:53,472] INFO: Iter 3600 Summarn  y: 
[2025-01-16 14:42:53,472] INFO: 	 lr: 0.00030000000000000073 	 Training loss: 0.28094248712062836
[2025-01-16 14:43:07,100] INFO: Iter 3700 Summarn  y: 
[2025-01-16 14:43:07,100] INFO: 	 lr: 0.00030000000000000073 	 Training loss: 0.28137255340814593
[2025-01-16 14:43:20,806] INFO: Iter 3800 Summarn  y: 
[2025-01-16 14:43:20,806] INFO: 	 lr: 0.00030000000000000073 	 Training loss: 0.28079248309135435
[2025-01-16 14:43:34,007] INFO: Iter 3900 Summarn  y: 
[2025-01-16 14:43:34,008] INFO: 	 lr: 0.00030000000000000073 	 Training loss: 0.2806530037522316
[2025-01-16 14:43:47,787] INFO: Iter 4000 Summarn  y: 
[2025-01-16 14:43:47,787] INFO: 	 lr: 0.00030000000000000073 	 Training loss: 0.27980927646160125
[2025-01-16 14:44:03,816] INFO: Iter 4100 Summarn  y: 
[2025-01-16 14:44:03,817] INFO: 	 lr: 0.00030000000000000073 	 Training loss: 0.2789370220899582
[2025-01-16 14:44:15,733] INFO: Iter 4200 Summarn  y: 
[2025-01-16 14:44:15,734] INFO: 	 lr: 0.00030000000000000073 	 Training loss: 0.2771582806110382
[2025-01-16 14:44:29,939] INFO: Iter 4300 Summarn  y: 
[2025-01-16 14:44:29,940] INFO: 	 lr: 0.00030000000000000073 	 Training loss: 0.27643106132745743
[2025-01-16 14:44:43,049] INFO: Iter 4400 Summarn  y: 
[2025-01-16 14:44:43,050] INFO: 	 lr: 0.00030000000000000073 	 Training loss: 0.27812525898218154
[2025-01-16 14:44:55,875] INFO: Iter 4500 Summarn  y: 
[2025-01-16 14:44:55,876] INFO: 	 lr: 0.00030000000000000073 	 Training loss: 0.2769906134903431
[2025-01-16 14:45:09,140] INFO: Iter 4600 Summarn  y: 
[2025-01-16 14:45:09,141] INFO: 	 lr: 0.00030000000000000073 	 Training loss: 0.27806117564439775
[2025-01-16 14:45:22,190] INFO: Iter 4700 Summarn  y: 
[2025-01-16 14:45:22,190] INFO: 	 lr: 0.00030000000000000073 	 Training loss: 0.27484126806259157
[2025-01-16 14:45:36,081] INFO: Iter 4800 Summarn  y: 
[2025-01-16 14:45:36,082] INFO: 	 lr: 0.00030000000000000073 	 Training loss: 0.27488558799028395
[2025-01-16 14:45:50,211] INFO: Iter 4900 Summarn  y: 
[2025-01-16 14:45:50,212] INFO: 	 lr: 0.00030000000000000073 	 Training loss: 0.27551276594400403
[2025-01-16 14:46:02,791] INFO: Iter 5000 Summarn  y: 
[2025-01-16 14:46:02,791] INFO: 	 lr: 0.00030000000000000073 	 Training loss: 0.2743066392838955
[2025-01-16 14:46:15,372] INFO: Iter 5100 Summarn  y: 
[2025-01-16 14:46:15,372] INFO: 	 lr: 0.00030000000000000073 	 Training loss: 0.2738044211268425
[2025-01-16 14:46:28,249] INFO: Iter 5200 Summarn  y: 
[2025-01-16 14:46:28,249] INFO: 	 lr: 0.00030000000000000073 	 Training loss: 0.27188582584261894
[2025-01-16 14:46:41,196] INFO: Iter 5300 Summarn  y: 
[2025-01-16 14:46:41,196] INFO: 	 lr: 0.00030000000000000073 	 Training loss: 0.27449627459049225
[2025-01-16 14:46:54,168] INFO: Iter 5400 Summarn  y: 
[2025-01-16 14:46:54,169] INFO: 	 lr: 0.00030000000000000073 	 Training loss: 0.271899348795414
[2025-01-16 14:47:07,253] INFO: Iter 5500 Summarn  y: 
[2025-01-16 14:47:07,253] INFO: 	 lr: 0.00030000000000000073 	 Training loss: 0.27134665340185166
[2025-01-16 14:47:19,908] INFO: Iter 5600 Summarn  y: 
[2025-01-16 14:47:19,908] INFO: 	 lr: 0.00030000000000000073 	 Training loss: 0.2712028907239437
[2025-01-16 14:47:34,089] INFO: Iter 5700 Summarn  y: 
[2025-01-16 14:47:34,089] INFO: 	 lr: 0.00030000000000000073 	 Training loss: 0.27118447810411456
[2025-01-16 14:47:47,039] INFO: Iter 5800 Summarn  y: 
[2025-01-16 14:47:47,039] INFO: 	 lr: 0.00030000000000000073 	 Training loss: 0.2703030663728714
[2025-01-16 14:47:59,632] INFO: Iter 5900 Summarn  y: 
[2025-01-16 14:47:59,632] INFO: 	 lr: 0.00030000000000000073 	 Training loss: 0.2699936942756176
[2025-01-16 14:48:10,646] INFO: Iter 6000 Summarn  y: 
[2025-01-16 14:48:10,647] INFO: 	 lr: 0.00030000000000000073 	 Training loss: 0.26976777106523514
[2025-01-16 14:48:26,498] INFO: Iter 6100 Summarn  y: 
[2025-01-16 14:48:26,498] INFO: 	 lr: 0.00030000000000000073 	 Training loss: 0.26832582890987394
[2025-01-16 14:48:38,827] INFO: Iter 6200 Summarn  y: 
[2025-01-16 14:48:38,827] INFO: 	 lr: 0.00030000000000000073 	 Training loss: 0.26686439782381055
[2025-01-16 14:48:51,515] INFO: Iter 6300 Summarn  y: 
[2025-01-16 14:48:51,515] INFO: 	 lr: 0.00030000000000000073 	 Training loss: 0.2665928144752979
[2025-01-16 14:49:03,805] INFO: Iter 6400 Summarn  y: 
[2025-01-16 14:49:03,805] INFO: 	 lr: 0.00030000000000000073 	 Training loss: 0.268124208599329
[2025-01-16 14:49:16,715] INFO: Iter 6500 Summarn  y: 
[2025-01-16 14:49:16,715] INFO: 	 lr: 0.00030000000000000073 	 Training loss: 0.2663908803462982
[2025-01-16 14:49:30,725] INFO: Iter 6600 Summarn  y: 
[2025-01-16 14:49:30,726] INFO: 	 lr: 0.00030000000000000073 	 Training loss: 0.2663264392316341
[2025-01-16 14:49:44,464] INFO: Iter 6700 Summarn  y: 
[2025-01-16 14:49:44,464] INFO: 	 lr: 0.00030000000000000073 	 Training loss: 0.26641166672110556
[2025-01-16 14:49:58,958] INFO: Iter 6800 Summarn  y: 
[2025-01-16 14:49:58,959] INFO: 	 lr: 0.00030000000000000073 	 Training loss: 0.2650251339375973
[2025-01-16 14:50:11,249] INFO: Iter 6900 Summarn  y: 
[2025-01-16 14:50:11,249] INFO: 	 lr: 0.00030000000000000073 	 Training loss: 0.2639504951238632
[2025-01-16 14:50:25,224] INFO: Iter 7000 Summarn  y: 
[2025-01-16 14:50:25,224] INFO: 	 lr: 0.00030000000000000073 	 Training loss: 0.26523934304714203
[2025-01-16 14:50:36,997] INFO: Iter 7100 Summarn  y: 
[2025-01-16 14:50:36,997] INFO: 	 lr: 0.00030000000000000073 	 Training loss: 0.26341946721076964
[2025-01-16 14:50:49,585] INFO: Iter 7200 Summarn  y: 
[2025-01-16 14:50:49,585] INFO: 	 lr: 0.00030000000000000073 	 Training loss: 0.2633584716916084
[2025-01-16 14:51:01,544] INFO: Iter 7300 Summarn  y: 
[2025-01-16 14:51:01,544] INFO: 	 lr: 0.00030000000000000073 	 Training loss: 0.2626923428475857
[2025-01-16 14:51:12,608] INFO: Iter 7400 Summarn  y: 
[2025-01-16 14:51:12,608] INFO: 	 lr: 0.00030000000000000073 	 Training loss: 0.2631351260840893
[2025-01-16 14:51:26,393] INFO: Iter 7500 Summarn  y: 
[2025-01-16 14:51:26,393] INFO: 	 lr: 0.00030000000000000073 	 Training loss: 0.2604914207756519
[2025-01-16 14:51:38,037] INFO: Iter 7600 Summarn  y: 
[2025-01-16 14:51:38,038] INFO: 	 lr: 0.00030000000000000073 	 Training loss: 0.2614926199615002
[2025-01-16 14:51:51,978] INFO: Iter 7700 Summarn  y: 
[2025-01-16 14:51:51,978] INFO: 	 lr: 0.00030000000000000073 	 Training loss: 0.2639244098961353
[2025-01-16 14:52:04,579] INFO: Iter 7800 Summarn  y: 
[2025-01-16 14:52:04,579] INFO: 	 lr: 0.00030000000000000073 	 Training loss: 0.2611671413481236
[2025-01-16 14:52:17,021] INFO: Iter 7900 Summarn  y: 
[2025-01-16 14:52:17,021] INFO: 	 lr: 0.00030000000000000073 	 Training loss: 0.2607302534580231
[2025-01-16 14:52:29,802] INFO: Iter 8000 Summarn  y: 
[2025-01-16 14:52:29,802] INFO: 	 lr: 0.00030000000000000073 	 Training loss: 0.2600491048395634
[2025-01-16 14:52:46,228] INFO: Iter 8100 Summarn  y: 
[2025-01-16 14:52:46,228] INFO: 	 lr: 0.00030000000000000073 	 Training loss: 0.2616997069120407
[2025-01-16 14:52:59,684] INFO: Iter 8200 Summarn  y: 
[2025-01-16 14:52:59,684] INFO: 	 lr: 0.00030000000000000073 	 Training loss: 0.2609667479991913
[2025-01-16 14:53:11,970] INFO: Iter 8300 Summarn  y: 
[2025-01-16 14:53:11,970] INFO: 	 lr: 0.00030000000000000073 	 Training loss: 0.2584385943412781
[2025-01-16 14:53:24,812] INFO: Iter 8400 Summarn  y: 
[2025-01-16 14:53:24,813] INFO: 	 lr: 0.00030000000000000073 	 Training loss: 0.2603886607289314
[2025-01-16 14:53:38,632] INFO: Iter 8500 Summarn  y: 
[2025-01-16 14:53:38,634] INFO: 	 lr: 0.00030000000000000073 	 Training loss: 0.260271862745285
[2025-01-16 14:53:50,259] INFO: Iter 8600 Summarn  y: 
[2025-01-16 14:53:50,260] INFO: 	 lr: 0.00030000000000000073 	 Training loss: 0.2585254664719105
[2025-01-16 14:54:03,248] INFO: Iter 8700 Summarn  y: 
[2025-01-16 14:54:03,248] INFO: 	 lr: 0.00030000000000000073 	 Training loss: 0.2603612998127937
[2025-01-16 14:54:15,454] INFO: Iter 8800 Summarn  y: 
[2025-01-16 14:54:15,454] INFO: 	 lr: 0.00030000000000000073 	 Training loss: 0.2602767093479633
[2025-01-16 14:54:29,689] INFO: Iter 8900 Summarn  y: 
[2025-01-16 14:54:29,690] INFO: 	 lr: 0.00030000000000000073 	 Training loss: 0.2593191400170326
[2025-01-16 14:54:43,709] INFO: Iter 9000 Summarn  y: 
[2025-01-16 14:54:43,709] INFO: 	 lr: 0.00030000000000000073 	 Training loss: 0.2583092972636223
[2025-01-16 14:54:56,426] INFO: Iter 9100 Summarn  y: 
[2025-01-16 14:54:56,426] INFO: 	 lr: 0.00030000000000000073 	 Training loss: 0.2574015837907791
[2025-01-16 14:55:09,796] INFO: Iter 9200 Summarn  y: 
[2025-01-16 14:55:09,796] INFO: 	 lr: 0.00030000000000000073 	 Training loss: 0.257227603495121
[2025-01-16 14:55:23,691] INFO: Iter 9300 Summarn  y: 
[2025-01-16 14:55:23,691] INFO: 	 lr: 0.00030000000000000073 	 Training loss: 0.2576184256374836
[2025-01-16 14:55:37,132] INFO: Iter 9400 Summarn  y: 
[2025-01-16 14:55:37,133] INFO: 	 lr: 0.00030000000000000073 	 Training loss: 0.25685657292604447
[2025-01-16 14:55:50,844] INFO: Iter 9500 Summarn  y: 
[2025-01-16 14:55:50,844] INFO: 	 lr: 0.00030000000000000073 	 Training loss: 0.2568692460656166
[2025-01-16 14:56:05,274] INFO: Iter 9600 Summarn  y: 
[2025-01-16 14:56:05,274] INFO: 	 lr: 0.00030000000000000073 	 Training loss: 0.2574856013059616
[2025-01-16 14:56:18,424] INFO: Iter 9700 Summarn  y: 
[2025-01-16 14:56:18,424] INFO: 	 lr: 0.00030000000000000073 	 Training loss: 0.25696009293198585
[2025-01-16 14:56:32,893] INFO: Iter 9800 Summarn  y: 
[2025-01-16 14:56:32,894] INFO: 	 lr: 0.00030000000000000073 	 Training loss: 0.25684495732188223
[2025-01-16 14:56:46,100] INFO: Iter 9900 Summarn  y: 
[2025-01-16 14:56:46,101] INFO: 	 lr: 0.00030000000000000073 	 Training loss: 0.25827061757445335
[2025-01-16 14:57:00,566] INFO: Iter 10000 Summarn  y: 
[2025-01-16 14:57:00,566] INFO: 	 lr: 0.00030000000000000073 	 Training loss: 0.2548931905627251
[2025-01-16 14:57:16,338] INFO: Iter 10100 Summarn  y: 
[2025-01-16 14:57:16,338] INFO: 	 lr: 0.00030000000000000073 	 Training loss: 0.2553247117996216
[2025-01-16 14:57:30,541] INFO: Iter 10200 Summarn  y: 
[2025-01-16 14:57:30,541] INFO: 	 lr: 0.00030000000000000073 	 Training loss: 0.25733774811029436
[2025-01-16 14:57:41,839] INFO: Iter 10300 Summarn  y: 
[2025-01-16 14:57:41,839] INFO: 	 lr: 0.00030000000000000073 	 Training loss: 0.25653038650751114
[2025-01-16 14:57:53,872] INFO: Iter 10400 Summarn  y: 
[2025-01-16 14:57:53,872] INFO: 	 lr: 0.00030000000000000073 	 Training loss: 0.2535632385313511
[2025-01-16 14:58:05,384] INFO: Iter 10500 Summarn  y: 
[2025-01-16 14:58:05,384] INFO: 	 lr: 0.00030000000000000073 	 Training loss: 0.25434829995036123
[2025-01-16 14:58:18,450] INFO: Iter 10600 Summarn  y: 
[2025-01-16 14:58:18,451] INFO: 	 lr: 0.00030000000000000073 	 Training loss: 0.25401820793747903
[2025-01-16 14:58:31,738] INFO: Iter 10700 Summarn  y: 
[2025-01-16 14:58:31,738] INFO: 	 lr: 0.00030000000000000073 	 Training loss: 0.25464167684316635
[2025-01-16 14:58:44,158] INFO: Iter 10800 Summarn  y: 
[2025-01-16 14:58:44,158] INFO: 	 lr: 0.00030000000000000073 	 Training loss: 0.25639927804470064
[2025-01-16 14:58:56,986] INFO: Iter 10900 Summarn  y: 
[2025-01-16 14:58:56,987] INFO: 	 lr: 0.00030000000000000073 	 Training loss: 0.2553354576230049
[2025-01-16 14:59:09,879] INFO: Iter 11000 Summarn  y: 
[2025-01-16 14:59:09,880] INFO: 	 lr: 0.00030000000000000073 	 Training loss: 0.25276418969035147
[2025-01-16 14:59:23,319] INFO: Iter 11100 Summarn  y: 
[2025-01-16 14:59:23,319] INFO: 	 lr: 0.00030000000000000073 	 Training loss: 0.25352214962244035
[2025-01-16 14:59:36,370] INFO: Iter 11200 Summarn  y: 
[2025-01-16 14:59:36,370] INFO: 	 lr: 0.00030000000000000073 	 Training loss: 0.25129647091031077
[2025-01-16 14:59:48,479] INFO: Iter 11300 Summarn  y: 
[2025-01-16 14:59:48,479] INFO: 	 lr: 0.00030000000000000073 	 Training loss: 0.2543888822197914
[2025-01-16 15:00:01,411] INFO: Iter 11400 Summarn  y: 
[2025-01-16 15:00:01,412] INFO: 	 lr: 0.00030000000000000073 	 Training loss: 0.25431665375828744
[2025-01-16 15:00:14,909] INFO: Iter 11500 Summarn  y: 
[2025-01-16 15:00:14,909] INFO: 	 lr: 0.00030000000000000073 	 Training loss: 0.25226669251918793
[2025-01-16 15:00:28,666] INFO: Iter 11600 Summarn  y: 
[2025-01-16 15:00:28,667] INFO: 	 lr: 0.00030000000000000073 	 Training loss: 0.25257029667496683
[2025-01-16 15:00:41,679] INFO: Iter 11700 Summarn  y: 
[2025-01-16 15:00:41,679] INFO: 	 lr: 0.00030000000000000073 	 Training loss: 0.2516094209253788
[2025-01-16 15:00:54,587] INFO: Iter 11800 Summarn  y: 
[2025-01-16 15:00:54,587] INFO: 	 lr: 0.00030000000000000073 	 Training loss: 0.25168625310063364
[2025-01-16 15:01:08,776] INFO: Iter 11900 Summarn  y: 
[2025-01-16 15:01:08,776] INFO: 	 lr: 0.00030000000000000073 	 Training loss: 0.2515429036319256
[2025-01-16 15:01:21,081] INFO: Iter 12000 Summarn  y: 
[2025-01-16 15:01:21,081] INFO: 	 lr: 0.00030000000000000073 	 Training loss: 0.25287205681204794
[2025-01-16 15:01:36,532] INFO: Iter 12100 Summarn  y: 
[2025-01-16 15:01:36,532] INFO: 	 lr: 0.00030000000000000073 	 Training loss: 0.2529135513305664
[2025-01-16 15:01:50,038] INFO: Iter 12200 Summarn  y: 
[2025-01-16 15:01:50,038] INFO: 	 lr: 0.00030000000000000073 	 Training loss: 0.25352448180317877
[2025-01-16 15:02:05,126] INFO: Iter 12300 Summarn  y: 
[2025-01-16 15:02:05,126] INFO: 	 lr: 0.00030000000000000073 	 Training loss: 0.25039117634296415
[2025-01-16 15:02:18,732] INFO: Iter 12400 Summarn  y: 
[2025-01-16 15:02:18,732] INFO: 	 lr: 0.00030000000000000073 	 Training loss: 0.2513762004673481
[2025-01-16 15:02:29,937] INFO: Iter 12500 Summarn  y: 
[2025-01-16 15:02:29,937] INFO: 	 lr: 0.00030000000000000073 	 Training loss: 0.25057106524705886
[2025-01-16 15:02:43,337] INFO: Iter 12600 Summarn  y: 
[2025-01-16 15:02:43,337] INFO: 	 lr: 0.00030000000000000073 	 Training loss: 0.2508808334171772
[2025-01-16 15:02:56,739] INFO: Iter 12700 Summarn  y: 
[2025-01-16 15:02:56,739] INFO: 	 lr: 0.00030000000000000073 	 Training loss: 0.25130332097411157
[2025-01-16 15:03:11,514] INFO: Iter 12800 Summarn  y: 
[2025-01-16 15:03:11,514] INFO: 	 lr: 0.00030000000000000073 	 Training loss: 0.2503618043661118
[2025-01-16 15:03:23,719] INFO: Iter 12900 Summarn  y: 
[2025-01-16 15:03:23,719] INFO: 	 lr: 0.00030000000000000073 	 Training loss: 0.25130253210663794
[2025-01-16 15:03:37,553] INFO: Iter 13000 Summarn  y: 
[2025-01-16 15:03:37,553] INFO: 	 lr: 0.00030000000000000073 	 Training loss: 0.2509619036316872
[2025-01-16 15:03:51,783] INFO: Iter 13100 Summarn  y: 
[2025-01-16 15:03:51,783] INFO: 	 lr: 0.00030000000000000073 	 Training loss: 0.2510068464279175
[2025-01-16 15:04:03,573] INFO: Iter 13200 Summarn  y: 
[2025-01-16 15:04:03,573] INFO: 	 lr: 0.00030000000000000073 	 Training loss: 0.24875224515795707
[2025-01-16 15:04:17,647] INFO: Iter 13300 Summarn  y: 
[2025-01-16 15:04:17,648] INFO: 	 lr: 0.00030000000000000073 	 Training loss: 0.24938240841031076
[2025-01-16 15:04:30,173] INFO: Iter 13400 Summarn  y: 
[2025-01-16 15:04:30,173] INFO: 	 lr: 0.00030000000000000073 	 Training loss: 0.2501108118891716
[2025-01-16 15:04:43,644] INFO: Iter 13500 Summarn  y: 
[2025-01-16 15:04:43,646] INFO: 	 lr: 0.00030000000000000073 	 Training loss: 0.2485373005270958
[2025-01-16 15:04:56,509] INFO: Iter 13600 Summarn  y: 
[2025-01-16 15:04:56,509] INFO: 	 lr: 0.00030000000000000073 	 Training loss: 0.2485755367577076
[2025-01-16 15:05:09,764] INFO: Iter 13700 Summarn  y: 
[2025-01-16 15:05:09,764] INFO: 	 lr: 0.00030000000000000073 	 Training loss: 0.24759403482079506
[2025-01-16 15:05:21,927] INFO: Iter 13800 Summarn  y: 
[2025-01-16 15:05:21,928] INFO: 	 lr: 0.00030000000000000073 	 Training loss: 0.2497945800423622
[2025-01-16 15:05:34,459] INFO: Iter 13900 Summarn  y: 
[2025-01-16 15:05:34,459] INFO: 	 lr: 0.00030000000000000073 	 Training loss: 0.24884627386927605
[2025-01-16 15:05:47,670] INFO: Iter 14000 Summarn  y: 
[2025-01-16 15:05:47,670] INFO: 	 lr: 0.00030000000000000073 	 Training loss: 0.24813099682331086
[2025-01-16 15:06:02,999] INFO: Iter 14100 Summarn  y: 
[2025-01-16 15:06:02,999] INFO: 	 lr: 0.00030000000000000073 	 Training loss: 0.24953836262226103
[2025-01-16 15:06:14,274] INFO: Iter 14200 Summarn  y: 
[2025-01-16 15:06:14,274] INFO: 	 lr: 0.00030000000000000073 	 Training loss: 0.24974216133356095
[2025-01-16 15:06:29,049] INFO: Iter 14300 Summarn  y: 
[2025-01-16 15:06:29,050] INFO: 	 lr: 0.00030000000000000073 	 Training loss: 0.24957259565591813
[2025-01-16 15:06:41,948] INFO: Iter 14400 Summarn  y: 
[2025-01-16 15:06:41,948] INFO: 	 lr: 0.00030000000000000073 	 Training loss: 0.24788078173995018
[2025-01-16 15:06:55,719] INFO: Iter 14500 Summarn  y: 
[2025-01-16 15:06:55,720] INFO: 	 lr: 0.00030000000000000073 	 Training loss: 0.24762279644608498
[2025-01-16 15:07:07,487] INFO: Iter 14600 Summarn  y: 
[2025-01-16 15:07:07,487] INFO: 	 lr: 0.00030000000000000073 	 Training loss: 0.2480613335967064
[2025-01-16 15:07:21,752] INFO: Iter 14700 Summarn  y: 
[2025-01-16 15:07:21,752] INFO: 	 lr: 0.00030000000000000073 	 Training loss: 0.2459130798280239
[2025-01-16 15:07:35,868] INFO: Iter 14800 Summarn  y: 
[2025-01-16 15:07:35,868] INFO: 	 lr: 0.00030000000000000073 	 Training loss: 0.2481575806438923
[2025-01-16 15:07:47,999] INFO: Iter 14900 Summarn  y: 
[2025-01-16 15:07:47,999] INFO: 	 lr: 0.00030000000000000073 	 Training loss: 0.24802394315600396
[2025-01-16 15:08:02,694] INFO: Iter 15000 Summarn  y: 
[2025-01-16 15:08:02,694] INFO: 	 lr: 0.00030000000000000073 	 Training loss: 0.24770043775439263
[2025-01-16 15:08:14,780] INFO: Iter 15100 Summarn  y: 
[2025-01-16 15:08:14,780] INFO: 	 lr: 0.00030000000000000073 	 Training loss: 0.24860168173909186
[2025-01-16 15:08:28,690] INFO: Iter 15200 Summarn  y: 
[2025-01-16 15:08:28,690] INFO: 	 lr: 0.00030000000000000073 	 Training loss: 0.24668646410107611
[2025-01-16 15:08:41,735] INFO: Iter 15300 Summarn  y: 
[2025-01-16 15:08:41,735] INFO: 	 lr: 0.00030000000000000073 	 Training loss: 0.24585271805524825
[2025-01-16 15:08:54,681] INFO: Iter 15400 Summarn  y: 
[2025-01-16 15:08:54,681] INFO: 	 lr: 0.00030000000000000073 	 Training loss: 0.24637717962265016
[2025-01-16 15:09:08,238] INFO: Iter 15500 Summarn  y: 
[2025-01-16 15:09:08,238] INFO: 	 lr: 0.00030000000000000073 	 Training loss: 0.24620403170585634
[2025-01-16 15:09:21,967] INFO: Iter 15600 Summarn  y: 
[2025-01-16 15:09:21,967] INFO: 	 lr: 0.00030000000000000073 	 Training loss: 0.2459153114259243
[2025-01-16 15:09:36,681] INFO: Iter 15700 Summarn  y: 
[2025-01-16 15:09:36,681] INFO: 	 lr: 0.00030000000000000073 	 Training loss: 0.24577662721276283
[2025-01-16 15:09:49,934] INFO: Iter 15800 Summarn  y: 
[2025-01-16 15:09:49,935] INFO: 	 lr: 0.00030000000000000073 	 Training loss: 0.24456093281507493
[2025-01-16 15:10:02,380] INFO: Iter 15900 Summarn  y: 
[2025-01-16 15:10:02,380] INFO: 	 lr: 0.00030000000000000073 	 Training loss: 0.2466692990064621
[2025-01-16 15:10:15,672] INFO: Iter 16000 Summarn  y: 
[2025-01-16 15:10:15,672] INFO: 	 lr: 0.00030000000000000073 	 Training loss: 0.2463173119723797
[2025-01-16 15:10:30,891] INFO: Iter 16100 Summarn  y: 
[2025-01-16 15:10:30,891] INFO: 	 lr: 0.00030000000000000073 	 Training loss: 0.24809326484799385
[2025-01-16 15:10:44,521] INFO: Iter 16200 Summarn  y: 
[2025-01-16 15:10:44,522] INFO: 	 lr: 0.00030000000000000073 	 Training loss: 0.24593219727277757
[2025-01-16 15:10:58,564] INFO: Iter 16300 Summarn  y: 
[2025-01-16 15:10:58,564] INFO: 	 lr: 0.00030000000000000073 	 Training loss: 0.24557649195194245
[2025-01-16 15:11:11,801] INFO: Iter 16400 Summarn  y: 
[2025-01-16 15:11:11,802] INFO: 	 lr: 0.00030000000000000073 	 Training loss: 0.24499337062239646
[2025-01-16 15:11:25,230] INFO: Iter 16500 Summarn  y: 
[2025-01-16 15:11:25,230] INFO: 	 lr: 0.00030000000000000073 	 Training loss: 0.24479854702949524
[2025-01-16 15:11:36,021] INFO: Iter 16600 Summarn  y: 
[2025-01-16 15:11:36,021] INFO: 	 lr: 0.00030000000000000073 	 Training loss: 0.2457384340465069
[2025-01-16 15:11:50,599] INFO: Iter 16700 Summarn  y: 
[2025-01-16 15:11:50,600] INFO: 	 lr: 0.00030000000000000073 	 Training loss: 0.24585941925644875
[2025-01-16 15:12:04,366] INFO: Iter 16800 Summarn  y: 
[2025-01-16 15:12:04,366] INFO: 	 lr: 0.00030000000000000073 	 Training loss: 0.24475844144821168
[2025-01-16 15:12:16,120] INFO: Iter 16900 Summarn  y: 
[2025-01-16 15:12:16,120] INFO: 	 lr: 0.00030000000000000073 	 Training loss: 0.24554554477334023
[2025-01-16 15:12:30,739] INFO: Iter 17000 Summarn  y: 
[2025-01-16 15:12:30,740] INFO: 	 lr: 0.00030000000000000073 	 Training loss: 0.24448888167738914
[2025-01-16 15:12:42,251] INFO: Iter 17100 Summarn  y: 
[2025-01-16 15:12:42,251] INFO: 	 lr: 0.00030000000000000073 	 Training loss: 0.2437758545577526
[2025-01-16 15:12:55,830] INFO: Iter 17200 Summarn  y: 
[2025-01-16 15:12:55,830] INFO: 	 lr: 0.00030000000000000073 	 Training loss: 0.24457461312413215
[2025-01-16 15:13:08,846] INFO: Iter 17300 Summarn  y: 
[2025-01-16 15:13:08,846] INFO: 	 lr: 0.00030000000000000073 	 Training loss: 0.2451739080250263
[2025-01-16 15:13:23,251] INFO: Iter 17400 Summarn  y: 
[2025-01-16 15:13:23,251] INFO: 	 lr: 0.00030000000000000073 	 Training loss: 0.24449014708399772
[2025-01-16 15:13:37,292] INFO: Iter 17500 Summarn  y: 
[2025-01-16 15:13:37,293] INFO: 	 lr: 0.00030000000000000073 	 Training loss: 0.24461787387728692
[2025-01-16 15:13:48,229] INFO: Iter 17600 Summarn  y: 
[2025-01-16 15:13:48,229] INFO: 	 lr: 0.00030000000000000073 	 Training loss: 0.2446810282766819
[2025-01-16 15:14:01,351] INFO: Iter 17700 Summarn  y: 
[2025-01-16 15:14:01,351] INFO: 	 lr: 0.00030000000000000073 	 Training loss: 0.24342806413769721
[2025-01-16 15:14:14,258] INFO: Iter 17800 Summarn  y: 
[2025-01-16 15:14:14,258] INFO: 	 lr: 0.00030000000000000073 	 Training loss: 0.24196717962622644
[2025-01-16 15:14:28,591] INFO: Iter 17900 Summarn  y: 
[2025-01-16 15:14:28,591] INFO: 	 lr: 0.00030000000000000073 	 Training loss: 0.243746797144413
[2025-01-16 15:14:41,539] INFO: Iter 18000 Summarn  y: 
[2025-01-16 15:14:41,539] INFO: 	 lr: 0.00030000000000000073 	 Training loss: 0.24244314372539522
[2025-01-16 15:14:55,523] INFO: Iter 18100 Summarn  y: 
[2025-01-16 15:14:55,523] INFO: 	 lr: 0.00030000000000000073 	 Training loss: 0.24546794801950456
[2025-01-16 15:15:07,727] INFO: Iter 18200 Summarn  y: 
[2025-01-16 15:15:07,728] INFO: 	 lr: 0.00030000000000000073 	 Training loss: 0.24438966780900956
[2025-01-16 15:15:21,279] INFO: Iter 18300 Summarn  y: 
[2025-01-16 15:15:21,279] INFO: 	 lr: 0.00030000000000000073 	 Training loss: 0.24427616193890572
[2025-01-16 15:15:35,132] INFO: Iter 18400 Summarn  y: 
[2025-01-16 15:15:35,132] INFO: 	 lr: 0.00030000000000000073 	 Training loss: 0.2427531211078167
[2025-01-16 15:15:48,272] INFO: Iter 18500 Summarn  y: 
[2025-01-16 15:15:48,272] INFO: 	 lr: 0.00030000000000000073 	 Training loss: 0.24340635925531387
[2025-01-16 15:15:59,819] INFO: Iter 18600 Summarn  y: 
[2025-01-16 15:15:59,820] INFO: 	 lr: 0.00030000000000000073 	 Training loss: 0.2435833816230297
[2025-01-16 15:16:11,754] INFO: Iter 18700 Summarn  y: 
[2025-01-16 15:16:11,755] INFO: 	 lr: 0.00030000000000000073 	 Training loss: 0.24286204919219018
[2025-01-16 15:16:23,741] INFO: Iter 18800 Summarn  y: 
[2025-01-16 15:16:23,742] INFO: 	 lr: 0.00030000000000000073 	 Training loss: 0.24238237425684928
[2025-01-16 15:16:36,283] INFO: Iter 18900 Summarn  y: 
[2025-01-16 15:16:36,284] INFO: 	 lr: 0.00030000000000000073 	 Training loss: 0.24163839861750602
[2025-01-16 15:16:50,069] INFO: Iter 19000 Summarn  y: 
[2025-01-16 15:16:50,069] INFO: 	 lr: 0.00030000000000000073 	 Training loss: 0.24321072086691856
[2025-01-16 15:17:04,551] INFO: Iter 19100 Summarn  y: 
[2025-01-16 15:17:04,554] INFO: 	 lr: 0.00030000000000000073 	 Training loss: 0.24095626458525657
[2025-01-16 15:17:16,067] INFO: Iter 19200 Summarn  y: 
[2025-01-16 15:17:16,067] INFO: 	 lr: 0.00030000000000000073 	 Training loss: 0.24196918696165085
[2025-01-16 15:17:27,949] INFO: Iter 19300 Summarn  y: 
[2025-01-16 15:17:27,950] INFO: 	 lr: 0.00030000000000000073 	 Training loss: 0.24375094562768937
[2025-01-16 15:17:40,680] INFO: Iter 19400 Summarn  y: 
[2025-01-16 15:17:40,680] INFO: 	 lr: 0.00030000000000000073 	 Training loss: 0.24213758915662764
[2025-01-16 15:17:54,340] INFO: Iter 19500 Summarn  y: 
[2025-01-16 15:17:54,340] INFO: 	 lr: 0.00030000000000000073 	 Training loss: 0.24182267516851425
[2025-01-16 15:18:06,988] INFO: Iter 19600 Summarn  y: 
[2025-01-16 15:18:06,988] INFO: 	 lr: 0.00030000000000000073 	 Training loss: 0.24223320096731185
[2025-01-16 15:18:21,141] INFO: Iter 19700 Summarn  y: 
[2025-01-16 15:18:21,142] INFO: 	 lr: 0.00030000000000000073 	 Training loss: 0.24380278557538987
[2025-01-16 15:18:34,497] INFO: Iter 19800 Summarn  y: 
[2025-01-16 15:18:34,498] INFO: 	 lr: 0.00030000000000000073 	 Training loss: 0.24258406281471254
[2025-01-16 15:18:47,139] INFO: Iter 19900 Summarn  y: 
[2025-01-16 15:18:47,139] INFO: 	 lr: 0.00030000000000000073 	 Training loss: 0.2409474103152752
[2025-01-16 15:18:59,935] INFO: Iter 20000 Summarn  y: 
[2025-01-16 15:18:59,936] INFO: 	 lr: 0.00030000000000000073 	 Training loss: 0.24133291020989417
[2025-01-16 15:19:14,310] INFO: Iter 20100 Summarn  y: 
[2025-01-16 15:19:14,310] INFO: 	 lr: 0.00030000000000000073 	 Training loss: 0.24272496238350869
[2025-01-16 15:19:28,378] INFO: Iter 20200 Summarn  y: 
[2025-01-16 15:19:28,378] INFO: 	 lr: 0.00030000000000000073 	 Training loss: 0.24126886025071145
[2025-01-16 15:19:41,925] INFO: Iter 20300 Summarn  y: 
[2025-01-16 15:19:41,925] INFO: 	 lr: 0.00030000000000000073 	 Training loss: 0.24215372830629348
[2025-01-16 15:19:55,478] INFO: Iter 20400 Summarn  y: 
[2025-01-16 15:19:55,479] INFO: 	 lr: 0.00030000000000000073 	 Training loss: 0.2411324542760849
[2025-01-16 15:20:07,470] INFO: Iter 20500 Summarn  y: 
[2025-01-16 15:20:07,470] INFO: 	 lr: 0.00030000000000000073 	 Training loss: 0.24059758797287942
[2025-01-16 15:20:20,391] INFO: Iter 20600 Summarn  y: 
[2025-01-16 15:20:20,392] INFO: 	 lr: 0.00030000000000000073 	 Training loss: 0.24007739663124084
[2025-01-16 15:20:31,985] INFO: Iter 20700 Summarn  y: 
[2025-01-16 15:20:31,985] INFO: 	 lr: 0.00030000000000000073 	 Training loss: 0.24147893279790877
[2025-01-16 15:20:44,695] INFO: Iter 20800 Summarn  y: 
[2025-01-16 15:20:44,696] INFO: 	 lr: 0.00030000000000000073 	 Training loss: 0.24087330132722853
[2025-01-16 15:20:55,762] INFO: Iter 20900 Summarn  y: 
[2025-01-16 15:20:55,763] INFO: 	 lr: 0.00030000000000000073 	 Training loss: 0.24060684978961944
[2025-01-16 15:21:08,385] INFO: Iter 21000 Summarn  y: 
[2025-01-16 15:21:08,385] INFO: 	 lr: 0.00030000000000000073 	 Training loss: 0.24025708451867103
[2025-01-16 15:21:23,298] INFO: Iter 21100 Summarn  y: 
[2025-01-16 15:21:23,298] INFO: 	 lr: 0.00030000000000000073 	 Training loss: 0.24074352592229842
[2025-01-16 15:21:37,618] INFO: Iter 21200 Summarn  y: 
[2025-01-16 15:21:37,619] INFO: 	 lr: 0.00030000000000000073 	 Training loss: 0.23952588200569153
[2025-01-16 15:21:50,206] INFO: Iter 21300 Summarn  y: 
[2025-01-16 15:21:50,206] INFO: 	 lr: 0.00030000000000000073 	 Training loss: 0.2413814854621887
[2025-01-16 15:22:03,180] INFO: Iter 21400 Summarn  y: 
[2025-01-16 15:22:03,180] INFO: 	 lr: 0.00030000000000000073 	 Training loss: 0.23973039761185647
[2025-01-16 15:22:16,450] INFO: Iter 21500 Summarn  y: 
[2025-01-16 15:22:16,450] INFO: 	 lr: 0.00030000000000000073 	 Training loss: 0.23925406485795975
[2025-01-16 15:22:29,851] INFO: Iter 21600 Summarn  y: 
[2025-01-16 15:22:29,851] INFO: 	 lr: 0.00030000000000000073 	 Training loss: 0.2398876106739044
[2025-01-16 15:22:43,062] INFO: Iter 21700 Summarn  y: 
[2025-01-16 15:22:43,062] INFO: 	 lr: 0.00030000000000000073 	 Training loss: 0.24097320199012756
[2025-01-16 15:22:56,902] INFO: Iter 21800 Summarn  y: 
[2025-01-16 15:22:56,903] INFO: 	 lr: 0.00030000000000000073 	 Training loss: 0.2400723958015442
[2025-01-16 15:23:11,607] INFO: Iter 21900 Summarn  y: 
[2025-01-16 15:23:11,607] INFO: 	 lr: 0.00030000000000000073 	 Training loss: 0.23823848351836205
[2025-01-16 15:23:26,214] INFO: Iter 22000 Summarn  y: 
[2025-01-16 15:23:26,214] INFO: 	 lr: 0.00030000000000000073 	 Training loss: 0.23937051221728325
[2025-01-16 15:23:40,938] INFO: Iter 22100 Summarn  y: 
[2025-01-16 15:23:40,938] INFO: 	 lr: 0.00030000000000000073 	 Training loss: 0.24009322375059128
[2025-01-16 15:23:55,810] INFO: Iter 22200 Summarn  y: 
[2025-01-16 15:23:55,810] INFO: 	 lr: 0.00030000000000000073 	 Training loss: 0.23882924258708954
[2025-01-16 15:24:09,551] INFO: Iter 22300 Summarn  y: 
[2025-01-16 15:24:09,552] INFO: 	 lr: 0.00030000000000000073 	 Training loss: 0.23989369660615922
[2025-01-16 15:24:21,542] INFO: Iter 22400 Summarn  y: 
[2025-01-16 15:24:21,543] INFO: 	 lr: 0.00030000000000000073 	 Training loss: 0.23974764466285706
[2025-01-16 15:24:37,588] INFO: Iter 22500 Summarn  y: 
[2025-01-16 15:24:37,588] INFO: 	 lr: 0.00030000000000000073 	 Training loss: 0.23942627072334288
[2025-01-16 15:24:49,825] INFO: Iter 22600 Summarn  y: 
[2025-01-16 15:24:49,825] INFO: 	 lr: 0.00030000000000000073 	 Training loss: 0.23860886543989182
[2025-01-16 15:24:59,817] INFO: Iter 22700 Summarn  y: 
[2025-01-16 15:24:59,817] INFO: 	 lr: 0.00030000000000000073 	 Training loss: 0.2384206460416317
[2025-01-16 15:25:11,851] INFO: Iter 22800 Summarn  y: 
[2025-01-16 15:25:11,852] INFO: 	 lr: 0.00030000000000000073 	 Training loss: 0.23899310886859892
[2025-01-16 15:25:26,328] INFO: Iter 22900 Summarn  y: 
[2025-01-16 15:25:26,329] INFO: 	 lr: 0.00030000000000000073 	 Training loss: 0.23891481310129165
[2025-01-16 15:25:38,306] INFO: Iter 23000 Summarn  y: 
[2025-01-16 15:25:38,306] INFO: 	 lr: 0.00030000000000000073 	 Training loss: 0.24014586105942726
[2025-01-16 15:25:53,436] INFO: Iter 23100 Summarn  y: 
[2025-01-16 15:25:53,437] INFO: 	 lr: 0.00030000000000000073 	 Training loss: 0.24010899186134338
[2025-01-16 15:26:05,630] INFO: Iter 23200 Summarn  y: 
[2025-01-16 15:26:05,631] INFO: 	 lr: 0.00030000000000000073 	 Training loss: 0.23876308143138886
[2025-01-16 15:26:18,720] INFO: Iter 23300 Summarn  y: 
[2025-01-16 15:26:18,720] INFO: 	 lr: 0.00030000000000000073 	 Training loss: 0.23969535082578658
[2025-01-16 15:26:30,901] INFO: Iter 23400 Summarn  y: 
[2025-01-16 15:26:30,901] INFO: 	 lr: 0.00030000000000000073 	 Training loss: 0.23755466744303702
[2025-01-16 15:26:43,736] INFO: Iter 23500 Summarn  y: 
[2025-01-16 15:26:43,736] INFO: 	 lr: 0.00030000000000000073 	 Training loss: 0.23749545454978943
[2025-01-16 15:26:57,126] INFO: Iter 23600 Summarn  y: 
[2025-01-16 15:26:57,126] INFO: 	 lr: 0.00030000000000000073 	 Training loss: 0.23978229880332946
[2025-01-16 15:27:08,650] INFO: Iter 23700 Summarn  y: 
[2025-01-16 15:27:08,650] INFO: 	 lr: 0.00030000000000000073 	 Training loss: 0.2367524980008602
[2025-01-16 15:27:22,757] INFO: Iter 23800 Summarn  y: 
[2025-01-16 15:27:22,758] INFO: 	 lr: 0.00030000000000000073 	 Training loss: 0.23898040011525154
[2025-01-16 15:27:38,010] INFO: Iter 23900 Summarn  y: 
[2025-01-16 15:27:38,010] INFO: 	 lr: 0.00030000000000000073 	 Training loss: 0.23859418511390687
[2025-01-16 15:27:51,314] INFO: Iter 24000 Summarn  y: 
[2025-01-16 15:27:51,314] INFO: 	 lr: 0.00030000000000000073 	 Training loss: 0.23871460318565368
[2025-01-16 15:28:06,413] INFO: Iter 24100 Summarn  y: 
[2025-01-16 15:28:06,413] INFO: 	 lr: 0.00030000000000000073 	 Training loss: 0.2373899021744728
[2025-01-16 15:28:18,682] INFO: Iter 24200 Summarn  y: 
[2025-01-16 15:28:18,682] INFO: 	 lr: 0.00030000000000000073 	 Training loss: 0.23739611849188805
[2025-01-16 15:28:31,848] INFO: Iter 24300 Summarn  y: 
[2025-01-16 15:28:31,849] INFO: 	 lr: 0.00030000000000000073 	 Training loss: 0.23894001826643943
[2025-01-16 15:28:44,786] INFO: Iter 24400 Summarn  y: 
[2025-01-16 15:28:44,786] INFO: 	 lr: 0.00030000000000000073 	 Training loss: 0.23741803720593452
[2025-01-16 15:28:58,067] INFO: Iter 24500 Summarn  y: 
[2025-01-16 15:28:58,067] INFO: 	 lr: 0.00030000000000000073 	 Training loss: 0.23943211048841476
[2025-01-16 15:29:11,050] INFO: Iter 24600 Summarn  y: 
[2025-01-16 15:29:11,050] INFO: 	 lr: 0.00030000000000000073 	 Training loss: 0.23953403830528258
[2025-01-16 15:29:23,081] INFO: Iter 24700 Summarn  y: 
[2025-01-16 15:29:23,082] INFO: 	 lr: 0.00030000000000000073 	 Training loss: 0.2370857048034668
[2025-01-16 15:29:35,663] INFO: Iter 24800 Summarn  y: 
[2025-01-16 15:29:35,664] INFO: 	 lr: 0.00030000000000000073 	 Training loss: 0.23690230429172515
[2025-01-16 15:29:46,725] INFO: Iter 24900 Summarn  y: 
[2025-01-16 15:29:46,725] INFO: 	 lr: 0.00030000000000000073 	 Training loss: 0.23768245920538902
[2025-01-16 15:30:00,148] INFO: Iter 25000 Summarn  y: 
[2025-01-16 15:30:00,149] INFO: 	 lr: 0.00030000000000000073 	 Training loss: 0.23753507569432258
[2025-01-16 15:30:14,690] INFO: Iter 25100 Summarn  y: 
[2025-01-16 15:30:14,690] INFO: 	 lr: 0.00030000000000000073 	 Training loss: 0.2384275311231613
[2025-01-16 15:30:27,523] INFO: Iter 25200 Summarn  y: 
[2025-01-16 15:30:27,524] INFO: 	 lr: 0.00030000000000000073 	 Training loss: 0.2365051279962063
[2025-01-16 15:30:40,728] INFO: Iter 25300 Summarn  y: 
[2025-01-16 15:30:40,729] INFO: 	 lr: 0.00030000000000000073 	 Training loss: 0.23712931782007218
[2025-01-16 15:30:54,384] INFO: Iter 25400 Summarn  y: 
[2025-01-16 15:30:54,385] INFO: 	 lr: 0.00030000000000000073 	 Training loss: 0.2380957354605198
[2025-01-16 15:31:07,345] INFO: Iter 25500 Summarn  y: 
[2025-01-16 15:31:07,346] INFO: 	 lr: 0.00030000000000000073 	 Training loss: 0.23707910612225533
[2025-01-16 15:31:19,954] INFO: Iter 25600 Summarn  y: 
[2025-01-16 15:31:19,955] INFO: 	 lr: 0.00030000000000000073 	 Training loss: 0.23673772364854812
[2025-01-16 15:31:30,936] INFO: Iter 25700 Summarn  y: 
[2025-01-16 15:31:30,936] INFO: 	 lr: 0.00030000000000000073 	 Training loss: 0.23733361050486565
[2025-01-16 15:31:43,467] INFO: Iter 25800 Summarn  y: 
[2025-01-16 15:31:43,467] INFO: 	 lr: 0.00030000000000000073 	 Training loss: 0.2373930136859417
[2025-01-16 15:31:56,916] INFO: Iter 25900 Summarn  y: 
[2025-01-16 15:31:56,916] INFO: 	 lr: 0.00030000000000000073 	 Training loss: 0.23841976046562194
[2025-01-16 15:32:09,830] INFO: Iter 26000 Summarn  y: 
[2025-01-16 15:32:09,830] INFO: 	 lr: 0.00030000000000000073 	 Training loss: 0.23571167558431624
[2025-01-16 15:32:26,225] INFO: Iter 26100 Summarn  y: 
[2025-01-16 15:32:26,226] INFO: 	 lr: 0.00030000000000000073 	 Training loss: 0.2390294526517391
[2025-01-16 15:32:39,777] INFO: Iter 26200 Summarn  y: 
[2025-01-16 15:32:39,777] INFO: 	 lr: 0.00030000000000000073 	 Training loss: 0.23627064973115922
[2025-01-16 15:32:52,626] INFO: Iter 26300 Summarn  y: 
[2025-01-16 15:32:52,627] INFO: 	 lr: 0.00030000000000000073 	 Training loss: 0.23699128955602647
[2025-01-16 15:33:06,465] INFO: Iter 26400 Summarn  y: 
[2025-01-16 15:33:06,466] INFO: 	 lr: 0.00030000000000000073 	 Training loss: 0.2356646166741848
[2025-01-16 15:33:20,742] INFO: Iter 26500 Summarn  y: 
[2025-01-16 15:33:20,742] INFO: 	 lr: 0.00030000000000000073 	 Training loss: 0.23609051197767258
[2025-01-16 15:33:33,440] INFO: Iter 26600 Summarn  y: 
[2025-01-16 15:33:33,441] INFO: 	 lr: 0.00030000000000000073 	 Training loss: 0.23647717207670213
[2025-01-16 15:33:46,663] INFO: Iter 26700 Summarn  y: 
[2025-01-16 15:33:46,663] INFO: 	 lr: 0.00030000000000000073 	 Training loss: 0.23497427105903626
[2025-01-16 15:33:59,701] INFO: Iter 26800 Summarn  y: 
[2025-01-16 15:33:59,702] INFO: 	 lr: 0.00030000000000000073 	 Training loss: 0.23710876315832138
[2025-01-16 15:34:11,362] INFO: Iter 26900 Summarn  y: 
[2025-01-16 15:34:11,362] INFO: 	 lr: 0.00030000000000000073 	 Training loss: 0.23617834061384202
[2025-01-16 15:34:25,657] INFO: Iter 27000 Summarn  y: 
[2025-01-16 15:34:25,658] INFO: 	 lr: 0.00030000000000000073 	 Training loss: 0.23547632798552512
[2025-01-16 15:34:38,610] INFO: Iter 27100 Summarn  y: 
[2025-01-16 15:34:38,610] INFO: 	 lr: 0.00030000000000000073 	 Training loss: 0.23517908945679664
[2025-01-16 15:34:52,645] INFO: Iter 27200 Summarn  y: 
[2025-01-16 15:34:52,645] INFO: 	 lr: 0.00030000000000000073 	 Training loss: 0.23733968541026115
[2025-01-16 15:35:05,771] INFO: Iter 27300 Summarn  y: 
[2025-01-16 15:35:05,772] INFO: 	 lr: 0.00030000000000000073 	 Training loss: 0.23580851152539253
[2025-01-16 15:35:20,169] INFO: Iter 27400 Summarn  y: 
[2025-01-16 15:35:20,169] INFO: 	 lr: 0.00030000000000000073 	 Training loss: 0.23639461368322373
[2025-01-16 15:35:32,043] INFO: Iter 27500 Summarn  y: 
[2025-01-16 15:35:32,044] INFO: 	 lr: 0.00030000000000000073 	 Training loss: 0.2360703082382679
[2025-01-16 15:35:44,538] INFO: Iter 27600 Summarn  y: 
[2025-01-16 15:35:44,538] INFO: 	 lr: 0.00030000000000000073 	 Training loss: 0.23485065147280693
[2025-01-16 15:35:57,418] INFO: Iter 27700 Summarn  y: 
[2025-01-16 15:35:57,419] INFO: 	 lr: 0.00030000000000000073 	 Training loss: 0.23611789852380752
[2025-01-16 15:36:11,665] INFO: Iter 27800 Summarn  y: 
[2025-01-16 15:36:11,665] INFO: 	 lr: 0.00030000000000000073 	 Training loss: 0.23435140177607536
[2025-01-16 15:36:25,838] INFO: Iter 27900 Summarn  y: 
[2025-01-16 15:36:25,839] INFO: 	 lr: 0.00030000000000000073 	 Training loss: 0.235635929107666
[2025-01-16 15:36:41,330] INFO: Iter 28000 Summarn  y: 
[2025-01-16 15:36:41,330] INFO: 	 lr: 0.00030000000000000073 	 Training loss: 0.23559563130140304
[2025-01-16 15:36:56,170] INFO: Iter 28100 Summarn  y: 
[2025-01-16 15:36:56,170] INFO: 	 lr: 0.00030000000000000073 	 Training loss: 0.2359580647945404
[2025-01-16 15:37:09,273] INFO: Iter 28200 Summarn  y: 
[2025-01-16 15:37:09,273] INFO: 	 lr: 0.00030000000000000073 	 Training loss: 0.23495609685778618
[2025-01-16 15:37:22,428] INFO: Iter 28300 Summarn  y: 
[2025-01-16 15:37:22,428] INFO: 	 lr: 0.00030000000000000073 	 Training loss: 0.23510653913021087
[2025-01-16 15:37:34,119] INFO: Iter 28400 Summarn  y: 
[2025-01-16 15:37:34,119] INFO: 	 lr: 0.00030000000000000073 	 Training loss: 0.23511129304766654
[2025-01-16 15:37:45,286] INFO: Iter 28500 Summarn  y: 
[2025-01-16 15:37:45,287] INFO: 	 lr: 0.00030000000000000073 	 Training loss: 0.2342271575331688
[2025-01-16 15:37:59,465] INFO: Iter 28600 Summarn  y: 
[2025-01-16 15:37:59,466] INFO: 	 lr: 0.00030000000000000073 	 Training loss: 0.2331393152475357
[2025-01-16 15:38:12,242] INFO: Iter 28700 Summarn  y: 
[2025-01-16 15:38:12,243] INFO: 	 lr: 0.00030000000000000073 	 Training loss: 0.2351896932721138
[2025-01-16 15:38:24,447] INFO: Iter 28800 Summarn  y: 
[2025-01-16 15:38:24,447] INFO: 	 lr: 0.00030000000000000073 	 Training loss: 0.2346947680413723
[2025-01-16 15:38:38,177] INFO: Iter 28900 Summarn  y: 
[2025-01-16 15:38:38,177] INFO: 	 lr: 0.00030000000000000073 	 Training loss: 0.23449236676096916
[2025-01-16 15:38:50,735] INFO: Iter 29000 Summarn  y: 
[2025-01-16 15:38:50,735] INFO: 	 lr: 0.00030000000000000073 	 Training loss: 0.23608704179525375
[2025-01-16 15:39:05,266] INFO: Iter 29100 Summarn  y: 
[2025-01-16 15:39:05,266] INFO: 	 lr: 0.00030000000000000073 	 Training loss: 0.2350989969074726
[2025-01-16 15:39:19,878] INFO: Iter 29200 Summarn  y: 
[2025-01-16 15:39:19,879] INFO: 	 lr: 0.00030000000000000073 	 Training loss: 0.23635007441043854
[2025-01-16 15:39:32,657] INFO: Iter 29300 Summarn  y: 
[2025-01-16 15:39:32,657] INFO: 	 lr: 0.00030000000000000073 	 Training loss: 0.23467407748103142
[2025-01-16 15:39:45,157] INFO: Iter 29400 Summarn  y: 
[2025-01-16 15:39:45,157] INFO: 	 lr: 0.00030000000000000073 	 Training loss: 0.23451788529753684
[2025-01-16 15:39:57,447] INFO: Iter 29500 Summarn  y: 
[2025-01-16 15:39:57,447] INFO: 	 lr: 0.00030000000000000073 	 Training loss: 0.23440659329295158
[2025-01-16 15:40:10,658] INFO: Iter 29600 Summarn  y: 
[2025-01-16 15:40:10,658] INFO: 	 lr: 0.00030000000000000073 	 Training loss: 0.23545714646577834
[2025-01-16 15:40:23,619] INFO: Iter 29700 Summarn  y: 
[2025-01-16 15:40:23,620] INFO: 	 lr: 0.00030000000000000073 	 Training loss: 0.23421526357531547
[2025-01-16 15:40:36,575] INFO: Iter 29800 Summarn  y: 
[2025-01-16 15:40:36,575] INFO: 	 lr: 0.00030000000000000073 	 Training loss: 0.23471087321639061
[2025-01-16 15:40:50,515] INFO: Iter 29900 Summarn  y: 
[2025-01-16 15:40:50,515] INFO: 	 lr: 0.00030000000000000073 	 Training loss: 0.2367128236591816
[2025-01-16 15:41:03,351] INFO: Iter 30000 Summarn  y: 
[2025-01-16 15:41:03,351] INFO: 	 lr: 0.00030000000000000073 	 Training loss: 0.2348230454325676
[2025-01-16 15:41:21,584] INFO: Iter 30100 Summarn  y: 
[2025-01-16 15:41:21,585] INFO: 	 lr: 1.2900000000000026e-05 	 Training loss: 0.22924233123660087
[2025-01-16 15:41:37,425] INFO: Iter 30200 Summarn  y: 
[2025-01-16 15:41:37,425] INFO: 	 lr: 1.000000000000002e-05 	 Training loss: 0.22872672498226165
[2025-01-16 15:41:51,459] INFO: Iter 30300 Summarn  y: 
[2025-01-16 15:41:51,459] INFO: 	 lr: 1.000000000000002e-05 	 Training loss: 0.22703100129961967
[2025-01-16 15:42:07,420] INFO: Iter 30400 Summarn  y: 
[2025-01-16 15:42:07,421] INFO: 	 lr: 1.000000000000002e-05 	 Training loss: 0.22891922801733017
[2025-01-16 15:42:22,453] INFO: Iter 30500 Summarn  y: 
[2025-01-16 15:42:22,453] INFO: 	 lr: 1.000000000000002e-05 	 Training loss: 0.2272416390478611
[2025-01-16 15:42:37,890] INFO: Iter 30600 Summarn  y: 
[2025-01-16 15:42:37,891] INFO: 	 lr: 1.000000000000002e-05 	 Training loss: 0.22872157797217368
[2025-01-16 15:42:51,224] INFO: Iter 30700 Summarn  y: 
[2025-01-16 15:42:51,224] INFO: 	 lr: 1.000000000000002e-05 	 Training loss: 0.22559873580932618
[2025-01-16 15:43:02,916] INFO: Iter 30800 Summarn  y: 
[2025-01-16 15:43:02,916] INFO: 	 lr: 1.000000000000002e-05 	 Training loss: 0.22624014988541602
[2025-01-16 15:43:15,334] INFO: Iter 30900 Summarn  y: 
[2025-01-16 15:43:15,335] INFO: 	 lr: 1.000000000000002e-05 	 Training loss: 0.22562179028987883
[2025-01-16 15:43:28,669] INFO: Iter 31000 Summarn  y: 
[2025-01-16 15:43:28,669] INFO: 	 lr: 1.000000000000002e-05 	 Training loss: 0.22613908246159553
[2025-01-16 15:43:41,383] INFO: Iter 31100 Summarn  y: 
[2025-01-16 15:43:41,383] INFO: 	 lr: 1.000000000000002e-05 	 Training loss: 0.22703276574611664
[2025-01-16 15:43:55,521] INFO: Iter 31200 Summarn  y: 
[2025-01-16 15:43:55,521] INFO: 	 lr: 1.000000000000002e-05 	 Training loss: 0.22715071186423302
[2025-01-16 15:44:09,510] INFO: Iter 31300 Summarn  y: 
[2025-01-16 15:44:09,510] INFO: 	 lr: 1.000000000000002e-05 	 Training loss: 0.22447151750326155
[2025-01-16 15:44:22,069] INFO: Iter 31400 Summarn  y: 
[2025-01-16 15:44:22,069] INFO: 	 lr: 1.000000000000002e-05 	 Training loss: 0.22688621401786804
[2025-01-16 15:44:35,605] INFO: Iter 31500 Summarn  y: 
[2025-01-16 15:44:35,605] INFO: 	 lr: 1.000000000000002e-05 	 Training loss: 0.22535415709018708
[2025-01-16 15:44:47,167] INFO: Iter 31600 Summarn  y: 
[2025-01-16 15:44:47,167] INFO: 	 lr: 1.000000000000002e-05 	 Training loss: 0.22534295916557312
[2025-01-16 15:45:00,036] INFO: Iter 31700 Summarn  y: 
[2025-01-16 15:45:00,036] INFO: 	 lr: 1.000000000000002e-05 	 Training loss: 0.22592036351561545
[2025-01-16 15:45:14,520] INFO: Iter 31800 Summarn  y: 
[2025-01-16 15:45:14,521] INFO: 	 lr: 1.000000000000002e-05 	 Training loss: 0.22691821783781052
[2025-01-16 15:45:28,278] INFO: Iter 31900 Summarn  y: 
[2025-01-16 15:45:28,278] INFO: 	 lr: 1.000000000000002e-05 	 Training loss: 0.22658275052905083
[2025-01-16 15:45:41,791] INFO: Iter 32000 Summarn  y: 
[2025-01-16 15:45:41,792] INFO: 	 lr: 1.000000000000002e-05 	 Training loss: 0.22564690589904784
[2025-01-16 15:45:56,288] INFO: Iter 32100 Summarn  y: 
[2025-01-16 15:45:56,288] INFO: 	 lr: 1.000000000000002e-05 	 Training loss: 0.22627827018499375
[2025-01-16 15:46:08,597] INFO: Iter 32200 Summarn  y: 
[2025-01-16 15:46:08,597] INFO: 	 lr: 1.000000000000002e-05 	 Training loss: 0.22611936256289483
[2025-01-16 15:46:21,870] INFO: Iter 32300 Summarn  y: 
[2025-01-16 15:46:21,870] INFO: 	 lr: 1.000000000000002e-05 	 Training loss: 0.22599621772766113
[2025-01-16 15:46:36,413] INFO: Iter 32400 Summarn  y: 
[2025-01-16 15:46:36,413] INFO: 	 lr: 1.000000000000002e-05 	 Training loss: 0.22564828872680665
[2025-01-16 15:46:49,854] INFO: Iter 32500 Summarn  y: 
[2025-01-16 15:46:49,854] INFO: 	 lr: 1.000000000000002e-05 	 Training loss: 0.2249808931350708
[2025-01-16 15:47:02,412] INFO: Iter 32600 Summarn  y: 
[2025-01-16 15:47:02,413] INFO: 	 lr: 1.000000000000002e-05 	 Training loss: 0.22559077098965644
[2025-01-16 15:47:15,581] INFO: Iter 32700 Summarn  y: 
[2025-01-16 15:47:15,582] INFO: 	 lr: 1.000000000000002e-05 	 Training loss: 0.22619729056954385
[2025-01-16 15:47:28,368] INFO: Iter 32800 Summarn  y: 
[2025-01-16 15:47:28,368] INFO: 	 lr: 1.000000000000002e-05 	 Training loss: 0.2251639948785305
[2025-01-16 15:47:40,173] INFO: Iter 32900 Summarn  y: 
[2025-01-16 15:47:40,174] INFO: 	 lr: 1.000000000000002e-05 	 Training loss: 0.22529135808348655
[2025-01-16 15:47:53,528] INFO: Iter 33000 Summarn  y: 
[2025-01-16 15:47:53,528] INFO: 	 lr: 1.000000000000002e-05 	 Training loss: 0.22368484169244765
[2025-01-16 15:48:06,055] INFO: Iter 33100 Summarn  y: 
[2025-01-16 15:48:06,055] INFO: 	 lr: 1.000000000000002e-05 	 Training loss: 0.22638945028185845
[2025-01-16 15:48:19,544] INFO: Iter 33200 Summarn  y: 
[2025-01-16 15:48:19,544] INFO: 	 lr: 1.000000000000002e-05 	 Training loss: 0.2261102506518364
[2025-01-16 15:48:34,901] INFO: Iter 33300 Summarn  y: 
[2025-01-16 15:48:34,902] INFO: 	 lr: 1.000000000000002e-05 	 Training loss: 0.22520906180143357
[2025-01-16 15:48:48,104] INFO: Iter 33400 Summarn  y: 
[2025-01-16 15:48:48,105] INFO: 	 lr: 1.000000000000002e-05 	 Training loss: 0.22408150404691696
[2025-01-16 15:49:00,312] INFO: Iter 33500 Summarn  y: 
[2025-01-16 15:49:00,312] INFO: 	 lr: 1.000000000000002e-05 	 Training loss: 0.22574811264872552
[2025-01-16 15:49:12,895] INFO: Iter 33600 Summarn  y: 
[2025-01-16 15:49:12,895] INFO: 	 lr: 1.000000000000002e-05 	 Training loss: 0.22431817665696144
[2025-01-16 15:49:24,319] INFO: Iter 33700 Summarn  y: 
[2025-01-16 15:49:24,320] INFO: 	 lr: 1.000000000000002e-05 	 Training loss: 0.22620731085538864
[2025-01-16 15:49:37,344] INFO: Iter 33800 Summarn  y: 
[2025-01-16 15:49:37,344] INFO: 	 lr: 1.000000000000002e-05 	 Training loss: 0.22533945590257645
[2025-01-16 15:49:50,931] INFO: Iter 33900 Summarn  y: 
[2025-01-16 15:49:50,931] INFO: 	 lr: 1.000000000000002e-05 	 Training loss: 0.2264554373919964
[2025-01-16 15:50:06,504] INFO: Iter 34000 Summarn  y: 
[2025-01-16 15:50:06,505] INFO: 	 lr: 1.000000000000002e-05 	 Training loss: 0.2261021214723587
[2025-01-16 15:50:24,055] INFO: Iter 34100 Summarn  y: 
[2025-01-16 15:50:24,056] INFO: 	 lr: 1.000000000000002e-05 	 Training loss: 0.22466324254870415
[2025-01-16 15:50:37,070] INFO: Iter 34200 Summarn  y: 
[2025-01-16 15:50:37,070] INFO: 	 lr: 1.000000000000002e-05 	 Training loss: 0.22450983121991158
[2025-01-16 15:50:49,792] INFO: Iter 34300 Summarn  y: 
[2025-01-16 15:50:49,793] INFO: 	 lr: 1.000000000000002e-05 	 Training loss: 0.22525111556053162
[2025-01-16 15:51:03,470] INFO: Iter 34400 Summarn  y: 
[2025-01-16 15:51:03,470] INFO: 	 lr: 1.000000000000002e-05 	 Training loss: 0.22588614225387574
[2025-01-16 15:51:16,837] INFO: Iter 34500 Summarn  y: 
[2025-01-16 15:51:16,838] INFO: 	 lr: 1.000000000000002e-05 	 Training loss: 0.2260868491232395
[2025-01-16 15:51:31,544] INFO: Iter 34600 Summarn  y: 
[2025-01-16 15:51:31,544] INFO: 	 lr: 1.000000000000002e-05 	 Training loss: 0.22400983557105064
[2025-01-16 15:51:47,538] INFO: Iter 34700 Summarn  y: 
[2025-01-16 15:51:47,538] INFO: 	 lr: 1.000000000000002e-05 	 Training loss: 0.22348696649074554
[2025-01-16 15:51:59,674] INFO: Iter 34800 Summarn  y: 
[2025-01-16 15:51:59,674] INFO: 	 lr: 1.000000000000002e-05 	 Training loss: 0.22379492983222007
[2025-01-16 15:52:15,105] INFO: Iter 34900 Summarn  y: 
[2025-01-16 15:52:15,106] INFO: 	 lr: 1.000000000000002e-05 	 Training loss: 0.2248582811653614
[2025-01-16 15:52:30,069] INFO: Iter 35000 Summarn  y: 
[2025-01-16 15:52:30,069] INFO: 	 lr: 1.000000000000002e-05 	 Training loss: 0.22461430817842484
[2025-01-16 15:52:45,114] INFO: Iter 35100 Summarn  y: 
[2025-01-16 15:52:45,115] INFO: 	 lr: 1.000000000000002e-05 	 Training loss: 0.22571029052138328
[2025-01-16 15:52:58,587] INFO: Iter 35200 Summarn  y: 
[2025-01-16 15:52:58,587] INFO: 	 lr: 1.000000000000002e-05 	 Training loss: 0.22583268374204635
[2025-01-16 15:53:13,153] INFO: Iter 35300 Summarn  y: 
[2025-01-16 15:53:13,153] INFO: 	 lr: 1.000000000000002e-05 	 Training loss: 0.2252564837038517
[2025-01-16 15:53:28,205] INFO: Iter 35400 Summarn  y: 
[2025-01-16 15:53:28,206] INFO: 	 lr: 1.000000000000002e-05 	 Training loss: 0.22667955115437508
[2025-01-16 15:53:43,438] INFO: Iter 35500 Summarn  y: 
[2025-01-16 15:53:43,438] INFO: 	 lr: 1.000000000000002e-05 	 Training loss: 0.2238912709057331
[2025-01-16 15:53:57,507] INFO: Iter 35600 Summarn  y: 
[2025-01-16 15:53:57,507] INFO: 	 lr: 1.000000000000002e-05 	 Training loss: 0.2244675999879837
[2025-01-16 15:54:10,662] INFO: Iter 35700 Summarn  y: 
[2025-01-16 15:54:10,662] INFO: 	 lr: 1.000000000000002e-05 	 Training loss: 0.22478437930345535
[2025-01-16 15:54:24,912] INFO: Iter 35800 Summarn  y: 
[2025-01-16 15:54:24,912] INFO: 	 lr: 1.000000000000002e-05 	 Training loss: 0.22425832644104957
[2025-01-16 15:54:38,831] INFO: Iter 35900 Summarn  y: 
[2025-01-16 15:54:38,831] INFO: 	 lr: 1.000000000000002e-05 	 Training loss: 0.2242403270304203
[2025-01-16 15:54:52,565] INFO: Iter 36000 Summarn  y: 
[2025-01-16 15:54:52,565] INFO: 	 lr: 1.000000000000002e-05 	 Training loss: 0.22427826449275018
[2025-01-16 15:55:06,950] INFO: Iter 36100 Summarn  y: 
[2025-01-16 15:55:06,951] INFO: 	 lr: 1.000000000000002e-05 	 Training loss: 0.22317566320300103
[2025-01-16 15:55:19,284] INFO: Iter 36200 Summarn  y: 
[2025-01-16 15:55:19,285] INFO: 	 lr: 1.000000000000002e-05 	 Training loss: 0.22650344878435136
[2025-01-16 15:55:32,641] INFO: Iter 36300 Summarn  y: 
[2025-01-16 15:55:32,641] INFO: 	 lr: 1.000000000000002e-05 	 Training loss: 0.22527507215738296
[2025-01-16 15:55:46,786] INFO: Iter 36400 Summarn  y: 
[2025-01-16 15:55:46,786] INFO: 	 lr: 1.000000000000002e-05 	 Training loss: 0.2248883005976677
[2025-01-16 15:56:02,635] INFO: Iter 36500 Summarn  y: 
[2025-01-16 15:56:02,635] INFO: 	 lr: 1.000000000000002e-05 	 Training loss: 0.22502079203724862
[2025-01-16 15:56:17,380] INFO: Iter 36600 Summarn  y: 
[2025-01-16 15:56:17,380] INFO: 	 lr: 1.000000000000002e-05 	 Training loss: 0.2228388150036335
[2025-01-16 15:56:31,627] INFO: Iter 36700 Summarn  y: 
[2025-01-16 15:56:31,627] INFO: 	 lr: 1.000000000000002e-05 	 Training loss: 0.22387592226266861
[2025-01-16 15:56:46,058] INFO: Iter 36800 Summarn  y: 
[2025-01-16 15:56:46,058] INFO: 	 lr: 1.000000000000002e-05 	 Training loss: 0.22450613901019095
[2025-01-16 15:57:00,673] INFO: Iter 36900 Summarn  y: 
[2025-01-16 15:57:00,673] INFO: 	 lr: 1.000000000000002e-05 	 Training loss: 0.2246020531654358
[2025-01-16 15:57:15,771] INFO: Iter 37000 Summarn  y: 
[2025-01-16 15:57:15,772] INFO: 	 lr: 1.000000000000002e-05 	 Training loss: 0.22547246843576432
[2025-01-16 15:57:29,373] INFO: Iter 37100 Summarn  y: 
[2025-01-16 15:57:29,373] INFO: 	 lr: 1.000000000000002e-05 	 Training loss: 0.2243264676630497
[2025-01-16 15:57:42,331] INFO: Iter 37200 Summarn  y: 
[2025-01-16 15:57:42,331] INFO: 	 lr: 1.000000000000002e-05 	 Training loss: 0.2247704702615738
[2025-01-16 15:57:53,739] INFO: Iter 37300 Summarn  y: 
[2025-01-16 15:57:53,739] INFO: 	 lr: 1.000000000000002e-05 	 Training loss: 0.22406019374728203
[2025-01-16 15:58:06,419] INFO: Iter 37400 Summarn  y: 
[2025-01-16 15:58:06,420] INFO: 	 lr: 1.000000000000002e-05 	 Training loss: 0.22305847108364105
[2025-01-16 15:58:19,689] INFO: Iter 37500 Summarn  y: 
[2025-01-16 15:58:19,689] INFO: 	 lr: 1.000000000000002e-05 	 Training loss: 0.22651352748274803
[2025-01-16 15:58:33,815] INFO: Iter 37600 Summarn  y: 
[2025-01-16 15:58:33,815] INFO: 	 lr: 1.000000000000002e-05 	 Training loss: 0.22319793909788133
[2025-01-16 15:58:46,948] INFO: Iter 37700 Summarn  y: 
[2025-01-16 15:58:46,948] INFO: 	 lr: 1.000000000000002e-05 	 Training loss: 0.22483866065740585
[2025-01-16 15:59:00,909] INFO: Iter 37800 Summarn  y: 
[2025-01-16 15:59:00,909] INFO: 	 lr: 1.000000000000002e-05 	 Training loss: 0.22488194912672044
[2025-01-16 15:59:12,944] INFO: Iter 37900 Summarn  y: 
[2025-01-16 15:59:12,944] INFO: 	 lr: 1.000000000000002e-05 	 Training loss: 0.2226339414715767
[2025-01-16 15:59:25,612] INFO: Iter 38000 Summarn  y: 
[2025-01-16 15:59:25,612] INFO: 	 lr: 1.000000000000002e-05 	 Training loss: 0.22359162092208862
[2025-01-16 15:59:43,117] INFO: Iter 38100 Summarn  y: 
[2025-01-16 15:59:43,118] INFO: 	 lr: 1.000000000000002e-05 	 Training loss: 0.22372583985328676
[2025-01-16 15:59:56,143] INFO: Iter 38200 Summarn  y: 
[2025-01-16 15:59:56,143] INFO: 	 lr: 1.000000000000002e-05 	 Training loss: 0.2241913664340973
[2025-01-16 16:00:10,140] INFO: Iter 38300 Summarn  y: 
[2025-01-16 16:00:10,140] INFO: 	 lr: 1.000000000000002e-05 	 Training loss: 0.22401336684823037
[2025-01-16 16:00:23,357] INFO: Iter 38400 Summarn  y: 
[2025-01-16 16:00:23,357] INFO: 	 lr: 1.000000000000002e-05 	 Training loss: 0.22306903645396234
[2025-01-16 16:00:36,600] INFO: Iter 38500 Summarn  y: 
[2025-01-16 16:00:36,600] INFO: 	 lr: 1.000000000000002e-05 	 Training loss: 0.2245358031988144
[2025-01-16 16:00:49,214] INFO: Iter 38600 Summarn  y: 
[2025-01-16 16:00:49,214] INFO: 	 lr: 1.000000000000002e-05 	 Training loss: 0.22371409386396407
[2025-01-16 16:01:02,848] INFO: Iter 38700 Summarn  y: 
[2025-01-16 16:01:02,848] INFO: 	 lr: 1.000000000000002e-05 	 Training loss: 0.22618500903248787
[2025-01-16 16:01:16,854] INFO: Iter 38800 Summarn  y: 
[2025-01-16 16:01:16,855] INFO: 	 lr: 1.000000000000002e-05 	 Training loss: 0.22308552294969558
[2025-01-16 16:01:29,835] INFO: Iter 38900 Summarn  y: 
[2025-01-16 16:01:29,835] INFO: 	 lr: 1.000000000000002e-05 	 Training loss: 0.22461718171834946
[2025-01-16 16:01:42,934] INFO: Iter 39000 Summarn  y: 
[2025-01-16 16:01:42,934] INFO: 	 lr: 1.000000000000002e-05 	 Training loss: 0.22609901621937753
[2025-01-16 16:01:57,111] INFO: Iter 39100 Summarn  y: 
[2025-01-16 16:01:57,111] INFO: 	 lr: 1.000000000000002e-05 	 Training loss: 0.2242485326528549
[2025-01-16 16:02:10,837] INFO: Iter 39200 Summarn  y: 
[2025-01-16 16:02:10,837] INFO: 	 lr: 1.000000000000002e-05 	 Training loss: 0.22372686102986336
[2025-01-16 16:02:24,956] INFO: Iter 39300 Summarn  y: 
[2025-01-16 16:02:24,956] INFO: 	 lr: 1.000000000000002e-05 	 Training loss: 0.2246273985505104
[2025-01-16 16:02:38,157] INFO: Iter 39400 Summarn  y: 
[2025-01-16 16:02:38,158] INFO: 	 lr: 1.000000000000002e-05 	 Training loss: 0.222631107121706
[2025-01-16 16:02:52,036] INFO: Iter 39500 Summarn  y: 
[2025-01-16 16:02:52,036] INFO: 	 lr: 1.000000000000002e-05 	 Training loss: 0.22334761470556258
[2025-01-16 16:03:06,840] INFO: Iter 39600 Summarn  y: 
[2025-01-16 16:03:06,840] INFO: 	 lr: 1.000000000000002e-05 	 Training loss: 0.22402419939637183
[2025-01-16 16:03:20,310] INFO: Iter 39700 Summarn  y: 
[2025-01-16 16:03:20,311] INFO: 	 lr: 1.000000000000002e-05 	 Training loss: 0.2249433659017086
[2025-01-16 16:03:33,804] INFO: Iter 39800 Summarn  y: 
[2025-01-16 16:03:33,805] INFO: 	 lr: 1.000000000000002e-05 	 Training loss: 0.2248315654695034
[2025-01-16 16:03:47,716] INFO: Iter 39900 Summarn  y: 
[2025-01-16 16:03:47,716] INFO: 	 lr: 1.000000000000002e-05 	 Training loss: 0.222761250436306
[2025-01-16 16:04:00,292] INFO: Iter 40000 Summarn  y: 
[2025-01-16 16:04:00,292] INFO: 	 lr: 1.000000000000002e-05 	 Training loss: 0.22482377007603646
[2025-01-16 16:04:17,482] INFO: Iter 40100 Summarn  y: 
[2025-01-16 16:04:17,483] INFO: 	 lr: 1.000000000000002e-05 	 Training loss: 0.22466769188642502
[2025-01-16 16:04:32,098] INFO: Iter 40200 Summarn  y: 
[2025-01-16 16:04:32,099] INFO: 	 lr: 1.000000000000002e-05 	 Training loss: 0.22563989952206612
[2025-01-16 16:04:44,950] INFO: Iter 40300 Summarn  y: 
[2025-01-16 16:04:44,951] INFO: 	 lr: 1.000000000000002e-05 	 Training loss: 0.2239256377518177
[2025-01-16 16:04:57,487] INFO: Iter 40400 Summarn  y: 
[2025-01-16 16:04:57,488] INFO: 	 lr: 1.000000000000002e-05 	 Training loss: 0.2226473495364189
[2025-01-16 16:05:11,988] INFO: Iter 40500 Summarn  y: 
[2025-01-16 16:05:11,988] INFO: 	 lr: 1.000000000000002e-05 	 Training loss: 0.22502262219786645
[2025-01-16 16:05:24,687] INFO: Iter 40600 Summarn  y: 
[2025-01-16 16:05:24,687] INFO: 	 lr: 1.000000000000002e-05 	 Training loss: 0.22379788503050804
[2025-01-16 16:05:37,511] INFO: Iter 40700 Summarn  y: 
[2025-01-16 16:05:37,511] INFO: 	 lr: 1.000000000000002e-05 	 Training loss: 0.22403887286782265
[2025-01-16 16:05:52,232] INFO: Iter 40800 Summarn  y: 
[2025-01-16 16:05:52,233] INFO: 	 lr: 1.000000000000002e-05 	 Training loss: 0.2235906207561493
[2025-01-16 16:06:05,293] INFO: Iter 40900 Summarn  y: 
[2025-01-16 16:06:05,293] INFO: 	 lr: 1.000000000000002e-05 	 Training loss: 0.22292227253317834
[2025-01-16 16:06:19,067] INFO: Iter 41000 Summarn  y: 
[2025-01-16 16:06:19,068] INFO: 	 lr: 1.000000000000002e-05 	 Training loss: 0.22467781454324723
[2025-01-16 16:06:32,529] INFO: Iter 41100 Summarn  y: 
[2025-01-16 16:06:32,530] INFO: 	 lr: 1.000000000000002e-05 	 Training loss: 0.22303661778569223
[2025-01-16 16:06:46,944] INFO: Iter 41200 Summarn  y: 
[2025-01-16 16:06:46,944] INFO: 	 lr: 1.000000000000002e-05 	 Training loss: 0.22617857187986373
[2025-01-16 16:07:00,488] INFO: Iter 41300 Summarn  y: 
[2025-01-16 16:07:00,488] INFO: 	 lr: 1.000000000000002e-05 	 Training loss: 0.22362324163317682
[2025-01-16 16:07:15,353] INFO: Iter 41400 Summarn  y: 
[2025-01-16 16:07:15,354] INFO: 	 lr: 1.000000000000002e-05 	 Training loss: 0.2232773157954216
[2025-01-16 16:07:29,719] INFO: Iter 41500 Summarn  y: 
[2025-01-16 16:07:29,719] INFO: 	 lr: 1.000000000000002e-05 	 Training loss: 0.22353370755910873
[2025-01-16 16:07:40,985] INFO: Iter 41600 Summarn  y: 
[2025-01-16 16:07:40,986] INFO: 	 lr: 1.000000000000002e-05 	 Training loss: 0.2221953271329403
[2025-01-16 16:07:55,638] INFO: Iter 41700 Summarn  y: 
[2025-01-16 16:07:55,639] INFO: 	 lr: 1.000000000000002e-05 	 Training loss: 0.22343190297484397
[2025-01-16 16:08:07,486] INFO: Iter 41800 Summarn  y: 
[2025-01-16 16:08:07,486] INFO: 	 lr: 1.000000000000002e-05 	 Training loss: 0.22409871056675912
[2025-01-16 16:08:20,328] INFO: Iter 41900 Summarn  y: 
[2025-01-16 16:08:20,329] INFO: 	 lr: 1.000000000000002e-05 	 Training loss: 0.22379928842186927
[2025-01-16 16:08:32,074] INFO: Iter 42000 Summarn  y: 
[2025-01-16 16:08:32,075] INFO: 	 lr: 1.000000000000002e-05 	 Training loss: 0.22385965928435325
[2025-01-16 16:08:48,537] INFO: Iter 42100 Summarn  y: 
[2025-01-16 16:08:48,537] INFO: 	 lr: 1.000000000000002e-05 	 Training loss: 0.22288913875818253
[2025-01-16 16:09:01,476] INFO: Iter 42200 Summarn  y: 
[2025-01-16 16:09:01,476] INFO: 	 lr: 1.000000000000002e-05 	 Training loss: 0.22351205080747605
[2025-01-16 16:09:14,152] INFO: Iter 42300 Summarn  y: 
[2025-01-16 16:09:14,152] INFO: 	 lr: 1.000000000000002e-05 	 Training loss: 0.2227761650085449
[2025-01-16 16:09:27,130] INFO: Iter 42400 Summarn  y: 
[2025-01-16 16:09:27,131] INFO: 	 lr: 1.000000000000002e-05 	 Training loss: 0.22422102212905884
[2025-01-16 16:09:41,203] INFO: Iter 42500 Summarn  y: 
[2025-01-16 16:09:41,204] INFO: 	 lr: 1.000000000000002e-05 	 Training loss: 0.22428621515631675
[2025-01-16 16:09:55,508] INFO: Iter 42600 Summarn  y: 
[2025-01-16 16:09:55,509] INFO: 	 lr: 1.000000000000002e-05 	 Training loss: 0.22354743331670762
[2025-01-16 16:10:09,570] INFO: Iter 42700 Summarn  y: 
[2025-01-16 16:10:09,571] INFO: 	 lr: 1.000000000000002e-05 	 Training loss: 0.22422133430838584
[2025-01-16 16:10:23,623] INFO: Iter 42800 Summarn  y: 
[2025-01-16 16:10:23,623] INFO: 	 lr: 1.000000000000002e-05 	 Training loss: 0.22358557537198068
[2025-01-16 16:10:37,674] INFO: Iter 42900 Summarn  y: 
[2025-01-16 16:10:37,675] INFO: 	 lr: 1.000000000000002e-05 	 Training loss: 0.22354885756969453
[2025-01-16 16:10:52,689] INFO: Iter 43000 Summarn  y: 
[2025-01-16 16:10:52,689] INFO: 	 lr: 1.000000000000002e-05 	 Training loss: 0.22429677307605744
[2025-01-16 16:11:07,075] INFO: Iter 43100 Summarn  y: 
[2025-01-16 16:11:07,075] INFO: 	 lr: 1.000000000000002e-05 	 Training loss: 0.22328195601701736
[2025-01-16 16:11:20,319] INFO: Iter 43200 Summarn  y: 
[2025-01-16 16:11:20,320] INFO: 	 lr: 1.000000000000002e-05 	 Training loss: 0.22283631950616836
[2025-01-16 16:11:34,270] INFO: Iter 43300 Summarn  y: 
[2025-01-16 16:11:34,270] INFO: 	 lr: 1.000000000000002e-05 	 Training loss: 0.22337709978222847
[2025-01-16 16:11:47,911] INFO: Iter 43400 Summarn  y: 
[2025-01-16 16:11:47,911] INFO: 	 lr: 1.000000000000002e-05 	 Training loss: 0.22443564996123314
[2025-01-16 16:12:01,362] INFO: Iter 43500 Summarn  y: 
[2025-01-16 16:12:01,362] INFO: 	 lr: 1.000000000000002e-05 	 Training loss: 0.22311900645494462
[2025-01-16 16:12:14,108] INFO: Iter 43600 Summarn  y: 
[2025-01-16 16:12:14,108] INFO: 	 lr: 1.000000000000002e-05 	 Training loss: 0.22362423956394195
[2025-01-16 16:12:28,845] INFO: Iter 43700 Summarn  y: 
[2025-01-16 16:12:28,845] INFO: 	 lr: 1.000000000000002e-05 	 Training loss: 0.22289106979966164
[2025-01-16 16:12:42,260] INFO: Iter 43800 Summarn  y: 
[2025-01-16 16:12:42,260] INFO: 	 lr: 1.000000000000002e-05 	 Training loss: 0.22438867315649985
[2025-01-16 16:12:57,399] INFO: Iter 43900 Summarn  y: 
[2025-01-16 16:12:57,400] INFO: 	 lr: 1.000000000000002e-05 	 Training loss: 0.22283959090709687
[2025-01-16 16:13:10,198] INFO: Iter 44000 Summarn  y: 
[2025-01-16 16:13:10,198] INFO: 	 lr: 1.000000000000002e-05 	 Training loss: 0.22350025445222854
[2025-01-16 16:13:26,539] INFO: Iter 44100 Summarn  y: 
[2025-01-16 16:13:26,539] INFO: 	 lr: 1.000000000000002e-05 	 Training loss: 0.22381549775600434
[2025-01-16 16:13:37,192] INFO: Iter 44200 Summarn  y: 
[2025-01-16 16:13:37,192] INFO: 	 lr: 1.000000000000002e-05 	 Training loss: 0.22367069691419603
[2025-01-16 16:13:48,880] INFO: Iter 44300 Summarn  y: 
[2025-01-16 16:13:48,880] INFO: 	 lr: 1.000000000000002e-05 	 Training loss: 0.22434719681739806
[2025-01-16 16:14:03,391] INFO: Iter 44400 Summarn  y: 
[2025-01-16 16:14:03,391] INFO: 	 lr: 1.000000000000002e-05 	 Training loss: 0.22484319269657135
[2025-01-16 16:14:17,405] INFO: Iter 44500 Summarn  y: 
[2025-01-16 16:14:17,405] INFO: 	 lr: 1.000000000000002e-05 	 Training loss: 0.22329993352293967
[2025-01-16 16:14:30,555] INFO: Iter 44600 Summarn  y: 
[2025-01-16 16:14:30,555] INFO: 	 lr: 1.000000000000002e-05 	 Training loss: 0.22259642586112022
[2025-01-16 16:14:45,276] INFO: Iter 44700 Summarn  y: 
[2025-01-16 16:14:45,276] INFO: 	 lr: 1.000000000000002e-05 	 Training loss: 0.2245221495628357
[2025-01-16 16:14:57,425] INFO: Iter 44800 Summarn  y: 
[2025-01-16 16:14:57,426] INFO: 	 lr: 1.000000000000002e-05 	 Training loss: 0.22212967425584793
[2025-01-16 16:15:12,406] INFO: Iter 44900 Summarn  y: 
[2025-01-16 16:15:12,407] INFO: 	 lr: 1.000000000000002e-05 	 Training loss: 0.22345129624009133
[2025-01-16 16:15:25,610] INFO: Iter 45000 Summarn  y: 
[2025-01-16 16:15:25,610] INFO: 	 lr: 1.000000000000002e-05 	 Training loss: 0.2227579465508461
[2025-01-16 16:15:37,071] INFO: Iter 45100 Summarn  y: 
[2025-01-16 16:15:37,071] INFO: 	 lr: 1.000000000000002e-05 	 Training loss: 0.223285311460495
[2025-01-16 16:15:48,690] INFO: Iter 45200 Summarn  y: 
[2025-01-16 16:15:48,690] INFO: 	 lr: 1.000000000000002e-05 	 Training loss: 0.2236771446466446
[2025-01-16 16:16:01,397] INFO: Iter 45300 Summarn  y: 
[2025-01-16 16:16:01,397] INFO: 	 lr: 1.000000000000002e-05 	 Training loss: 0.22395167827606202
[2025-01-16 16:16:14,813] INFO: Iter 45400 Summarn  y: 
[2025-01-16 16:16:14,814] INFO: 	 lr: 1.000000000000002e-05 	 Training loss: 0.22319654434919356
[2025-01-16 16:16:28,163] INFO: Iter 45500 Summarn  y: 
[2025-01-16 16:16:28,163] INFO: 	 lr: 1.000000000000002e-05 	 Training loss: 0.22297965571284295
[2025-01-16 16:16:39,876] INFO: Iter 45600 Summarn  y: 
[2025-01-16 16:16:39,876] INFO: 	 lr: 1.000000000000002e-05 	 Training loss: 0.22376859962940215
[2025-01-16 16:16:51,717] INFO: Iter 45700 Summarn  y: 
[2025-01-16 16:16:51,718] INFO: 	 lr: 1.000000000000002e-05 	 Training loss: 0.22218313604593276
[2025-01-16 16:17:05,467] INFO: Iter 45800 Summarn  y: 
[2025-01-16 16:17:05,467] INFO: 	 lr: 1.000000000000002e-05 	 Training loss: 0.2223370210826397
[2025-01-16 16:17:18,663] INFO: Iter 45900 Summarn  y: 
[2025-01-16 16:17:18,663] INFO: 	 lr: 1.000000000000002e-05 	 Training loss: 0.22270761728286742
[2025-01-16 16:17:31,615] INFO: Iter 46000 Summarn  y: 
[2025-01-16 16:17:31,615] INFO: 	 lr: 1.000000000000002e-05 	 Training loss: 0.22355273753404617
[2025-01-16 16:17:46,483] INFO: Iter 46100 Summarn  y: 
[2025-01-16 16:17:46,483] INFO: 	 lr: 1.000000000000002e-05 	 Training loss: 0.2241398137807846
[2025-01-16 16:18:00,253] INFO: Iter 46200 Summarn  y: 
[2025-01-16 16:18:00,254] INFO: 	 lr: 1.000000000000002e-05 	 Training loss: 0.22383345201611518
[2025-01-16 16:18:12,413] INFO: Iter 46300 Summarn  y: 
[2025-01-16 16:18:12,413] INFO: 	 lr: 1.000000000000002e-05 	 Training loss: 0.22341750040650368
[2025-01-16 16:18:27,046] INFO: Iter 46400 Summarn  y: 
[2025-01-16 16:18:27,046] INFO: 	 lr: 1.000000000000002e-05 	 Training loss: 0.2227114763855934
[2025-01-16 16:18:40,698] INFO: Iter 46500 Summarn  y: 
[2025-01-16 16:18:40,698] INFO: 	 lr: 1.000000000000002e-05 	 Training loss: 0.22333453893661498
[2025-01-16 16:18:51,932] INFO: Iter 46600 Summarn  y: 
[2025-01-16 16:18:51,933] INFO: 	 lr: 1.000000000000002e-05 	 Training loss: 0.22385189116001128
[2025-01-16 16:19:04,798] INFO: Iter 46700 Summarn  y: 
[2025-01-16 16:19:04,798] INFO: 	 lr: 1.000000000000002e-05 	 Training loss: 0.22291517198085786
[2025-01-16 16:19:17,317] INFO: Iter 46800 Summarn  y: 
[2025-01-16 16:19:17,318] INFO: 	 lr: 1.000000000000002e-05 	 Training loss: 0.222647086083889
[2025-01-16 16:19:30,867] INFO: Iter 46900 Summarn  y: 
[2025-01-16 16:19:30,868] INFO: 	 lr: 1.000000000000002e-05 	 Training loss: 0.22313161373138427
[2025-01-16 16:19:44,115] INFO: Iter 47000 Summarn  y: 
[2025-01-16 16:19:44,115] INFO: 	 lr: 1.000000000000002e-05 	 Training loss: 0.22413862124085426
[2025-01-16 16:19:55,714] INFO: Iter 47100 Summarn  y: 
[2025-01-16 16:19:55,715] INFO: 	 lr: 1.000000000000002e-05 	 Training loss: 0.22423531085252763
[2025-01-16 16:20:08,544] INFO: Iter 47200 Summarn  y: 
[2025-01-16 16:20:08,544] INFO: 	 lr: 1.000000000000002e-05 	 Training loss: 0.22367308527231217
[2025-01-16 16:20:21,459] INFO: Iter 47300 Summarn  y: 
[2025-01-16 16:20:21,460] INFO: 	 lr: 1.000000000000002e-05 	 Training loss: 0.22327762305736543
[2025-01-16 16:20:32,335] INFO: Iter 47400 Summarn  y: 
[2025-01-16 16:20:32,335] INFO: 	 lr: 1.000000000000002e-05 	 Training loss: 0.2217645502090454
[2025-01-16 16:20:45,609] INFO: Iter 47500 Summarn  y: 
[2025-01-16 16:20:45,610] INFO: 	 lr: 1.000000000000002e-05 	 Training loss: 0.223770202845335
[2025-01-16 16:20:59,354] INFO: Iter 47600 Summarn  y: 
[2025-01-16 16:20:59,354] INFO: 	 lr: 1.000000000000002e-05 	 Training loss: 0.2216036421060562
[2025-01-16 16:21:12,588] INFO: Iter 47700 Summarn  y: 
[2025-01-16 16:21:12,588] INFO: 	 lr: 1.000000000000002e-05 	 Training loss: 0.22146244138479232
[2025-01-16 16:21:25,348] INFO: Iter 47800 Summarn  y: 
[2025-01-16 16:21:25,348] INFO: 	 lr: 1.000000000000002e-05 	 Training loss: 0.22283866211771966
[2025-01-16 16:21:37,848] INFO: Iter 47900 Summarn  y: 
[2025-01-16 16:21:37,848] INFO: 	 lr: 1.000000000000002e-05 	 Training loss: 0.22397237554192542
[2025-01-16 16:21:51,559] INFO: Iter 48000 Summarn  y: 
[2025-01-16 16:21:51,560] INFO: 	 lr: 1.000000000000002e-05 	 Training loss: 0.22455227106809617
[2025-01-16 16:22:07,539] INFO: Iter 48100 Summarn  y: 
[2025-01-16 16:22:07,539] INFO: 	 lr: 1.000000000000002e-05 	 Training loss: 0.22332214713096618
[2025-01-16 16:22:20,510] INFO: Iter 48200 Summarn  y: 
[2025-01-16 16:22:20,510] INFO: 	 lr: 1.000000000000002e-05 	 Training loss: 0.22202911898493766
[2025-01-16 16:22:33,270] INFO: Iter 48300 Summarn  y: 
[2025-01-16 16:22:33,271] INFO: 	 lr: 1.000000000000002e-05 	 Training loss: 0.22344103947281838
[2025-01-16 16:22:46,664] INFO: Iter 48400 Summarn  y: 
[2025-01-16 16:22:46,664] INFO: 	 lr: 1.000000000000002e-05 	 Training loss: 0.2236645996570587
[2025-01-16 16:23:00,582] INFO: Iter 48500 Summarn  y: 
[2025-01-16 16:23:00,582] INFO: 	 lr: 1.000000000000002e-05 	 Training loss: 0.22253269717097282
[2025-01-16 16:23:13,972] INFO: Iter 48600 Summarn  y: 
[2025-01-16 16:23:13,972] INFO: 	 lr: 1.000000000000002e-05 	 Training loss: 0.22177502125501633
[2025-01-16 16:23:25,824] INFO: Iter 48700 Summarn  y: 
[2025-01-16 16:23:25,824] INFO: 	 lr: 1.000000000000002e-05 	 Training loss: 0.22349989160895348
[2025-01-16 16:23:39,243] INFO: Iter 48800 Summarn  y: 
[2025-01-16 16:23:39,243] INFO: 	 lr: 1.000000000000002e-05 	 Training loss: 0.2226089756190777
[2025-01-16 16:23:50,952] INFO: Iter 48900 Summarn  y: 
[2025-01-16 16:23:50,952] INFO: 	 lr: 1.000000000000002e-05 	 Training loss: 0.22308933421969412
[2025-01-16 16:24:04,668] INFO: Iter 49000 Summarn  y: 
[2025-01-16 16:24:04,668] INFO: 	 lr: 1.000000000000002e-05 	 Training loss: 0.22331617087125777
[2025-01-16 16:24:16,286] INFO: Iter 49100 Summarn  y: 
[2025-01-16 16:24:16,287] INFO: 	 lr: 1.000000000000002e-05 	 Training loss: 0.22229082107543946
[2025-01-16 16:24:28,691] INFO: Iter 49200 Summarn  y: 
[2025-01-16 16:24:28,691] INFO: 	 lr: 1.000000000000002e-05 	 Training loss: 0.22412864744663238
[2025-01-16 16:24:43,000] INFO: Iter 49300 Summarn  y: 
[2025-01-16 16:24:43,000] INFO: 	 lr: 1.000000000000002e-05 	 Training loss: 0.22324981063604354
[2025-01-16 16:24:56,314] INFO: Iter 49400 Summarn  y: 
[2025-01-16 16:24:56,315] INFO: 	 lr: 1.000000000000002e-05 	 Training loss: 0.22219405561685562
[2025-01-16 16:25:08,825] INFO: Iter 49500 Summarn  y: 
[2025-01-16 16:25:08,825] INFO: 	 lr: 1.000000000000002e-05 	 Training loss: 0.2220303249359131
[2025-01-16 16:25:23,480] INFO: Iter 49600 Summarn  y: 
[2025-01-16 16:25:23,481] INFO: 	 lr: 1.000000000000002e-05 	 Training loss: 0.22194713592529297
[2025-01-16 16:25:35,924] INFO: Iter 49700 Summarn  y: 
[2025-01-16 16:25:35,924] INFO: 	 lr: 1.000000000000002e-05 	 Training loss: 0.22215599551796913
[2025-01-16 16:25:47,696] INFO: Iter 49800 Summarn  y: 
[2025-01-16 16:25:47,696] INFO: 	 lr: 1.000000000000002e-05 	 Training loss: 0.22286902293562888
[2025-01-16 16:26:01,874] INFO: Iter 49900 Summarn  y: 
[2025-01-16 16:26:01,874] INFO: 	 lr: 1.000000000000002e-05 	 Training loss: 0.22334629982709886
[2025-01-16 16:26:15,600] INFO: Iter 50000 Summarn  y: 
[2025-01-16 16:26:15,601] INFO: 	 lr: 1.000000000000002e-05 	 Training loss: 0.22213065803050994
[2025-01-16 16:26:31,824] INFO: Iter 50100 Summarn  y: 
[2025-01-16 16:26:31,824] INFO: 	 lr: 1.000000000000002e-05 	 Training loss: 0.22267947793006898
[2025-01-16 16:26:44,773] INFO: Iter 50200 Summarn  y: 
[2025-01-16 16:26:44,773] INFO: 	 lr: 1.000000000000002e-05 	 Training loss: 0.22308856308460234
[2025-01-16 16:26:59,700] INFO: Iter 50300 Summarn  y: 
[2025-01-16 16:26:59,701] INFO: 	 lr: 1.000000000000002e-05 	 Training loss: 0.22417321801185608
[2025-01-16 16:27:13,649] INFO: Iter 50400 Summarn  y: 
[2025-01-16 16:27:13,649] INFO: 	 lr: 1.000000000000002e-05 	 Training loss: 0.22355295687913895
[2025-01-16 16:27:26,661] INFO: Iter 50500 Summarn  y: 
[2025-01-16 16:27:26,661] INFO: 	 lr: 1.000000000000002e-05 	 Training loss: 0.22374845817685127
[2025-01-16 16:27:38,369] INFO: Iter 50600 Summarn  y: 
[2025-01-16 16:27:38,369] INFO: 	 lr: 1.000000000000002e-05 	 Training loss: 0.22188322737812996
[2025-01-16 16:27:50,489] INFO: Iter 50700 Summarn  y: 
[2025-01-16 16:27:50,489] INFO: 	 lr: 1.000000000000002e-05 	 Training loss: 0.2239518181979656
[2025-01-16 16:28:03,870] INFO: Iter 50800 Summarn  y: 
[2025-01-16 16:28:03,870] INFO: 	 lr: 1.000000000000002e-05 	 Training loss: 0.22303665861487387
[2025-01-16 16:28:16,988] INFO: Iter 50900 Summarn  y: 
[2025-01-16 16:28:16,988] INFO: 	 lr: 1.000000000000002e-05 	 Training loss: 0.2221866473555565
[2025-01-16 16:28:30,468] INFO: Iter 51000 Summarn  y: 
[2025-01-16 16:28:30,468] INFO: 	 lr: 1.000000000000002e-05 	 Training loss: 0.22287521451711656
[2025-01-16 16:28:42,904] INFO: Iter 51100 Summarn  y: 
[2025-01-16 16:28:42,905] INFO: 	 lr: 1.000000000000002e-05 	 Training loss: 0.22217143028974534
[2025-01-16 16:28:56,550] INFO: Iter 51200 Summarn  y: 
[2025-01-16 16:28:56,551] INFO: 	 lr: 1.000000000000002e-05 	 Training loss: 0.22264299929141998
[2025-01-16 16:29:09,175] INFO: Iter 51300 Summarn  y: 
[2025-01-16 16:29:09,176] INFO: 	 lr: 1.000000000000002e-05 	 Training loss: 0.2229990518093109
[2025-01-16 16:29:22,704] INFO: Iter 51400 Summarn  y: 
[2025-01-16 16:29:22,704] INFO: 	 lr: 1.000000000000002e-05 	 Training loss: 0.22228789076209068
[2025-01-16 16:29:36,405] INFO: Iter 51500 Summarn  y: 
[2025-01-16 16:29:36,405] INFO: 	 lr: 1.000000000000002e-05 	 Training loss: 0.22289234191179275
[2025-01-16 16:29:49,819] INFO: Iter 51600 Summarn  y: 
[2025-01-16 16:29:49,820] INFO: 	 lr: 1.000000000000002e-05 	 Training loss: 0.22307760864496232
[2025-01-16 16:30:04,041] INFO: Iter 51700 Summarn  y: 
[2025-01-16 16:30:04,041] INFO: 	 lr: 1.000000000000002e-05 	 Training loss: 0.22227233603596688
[2025-01-16 16:30:16,197] INFO: Iter 51800 Summarn  y: 
[2025-01-16 16:30:16,202] INFO: 	 lr: 1.000000000000002e-05 	 Training loss: 0.22297073751688004
[2025-01-16 16:30:31,099] INFO: Iter 51900 Summarn  y: 
[2025-01-16 16:30:31,099] INFO: 	 lr: 1.000000000000002e-05 	 Training loss: 0.2226902587711811
[2025-01-16 16:30:43,556] INFO: Iter 52000 Summarn  y: 
[2025-01-16 16:30:43,556] INFO: 	 lr: 1.000000000000002e-05 	 Training loss: 0.22188511043787001
[2025-01-16 16:30:59,456] INFO: Iter 52100 Summarn  y: 
[2025-01-16 16:30:59,456] INFO: 	 lr: 1.000000000000002e-05 	 Training loss: 0.222737957239151
[2025-01-16 16:31:12,829] INFO: Iter 52200 Summarn  y: 
[2025-01-16 16:31:12,829] INFO: 	 lr: 1.000000000000002e-05 	 Training loss: 0.2219740270078182
[2025-01-16 16:31:26,739] INFO: Iter 52300 Summarn  y: 
[2025-01-16 16:31:26,740] INFO: 	 lr: 1.000000000000002e-05 	 Training loss: 0.22306126549839975
[2025-01-16 16:31:41,098] INFO: Iter 52400 Summarn  y: 
[2025-01-16 16:31:41,098] INFO: 	 lr: 1.000000000000002e-05 	 Training loss: 0.22093690276145936
[2025-01-16 16:31:54,655] INFO: Iter 52500 Summarn  y: 
[2025-01-16 16:31:54,655] INFO: 	 lr: 1.000000000000002e-05 	 Training loss: 0.22210170090198517
[2025-01-16 16:32:05,712] INFO: Iter 52600 Summarn  y: 
[2025-01-16 16:32:05,712] INFO: 	 lr: 1.000000000000002e-05 	 Training loss: 0.22275696486234664
[2025-01-16 16:32:16,345] INFO: Iter 52700 Summarn  y: 
[2025-01-16 16:32:16,346] INFO: 	 lr: 1.000000000000002e-05 	 Training loss: 0.22218435510993004
[2025-01-16 16:32:28,714] INFO: Iter 52800 Summarn  y: 
[2025-01-16 16:32:28,714] INFO: 	 lr: 1.000000000000002e-05 	 Training loss: 0.22317598208785058
[2025-01-16 16:32:40,710] INFO: Iter 52900 Summarn  y: 
[2025-01-16 16:32:40,710] INFO: 	 lr: 1.000000000000002e-05 	 Training loss: 0.22265851974487305
[2025-01-16 16:32:53,008] INFO: Iter 53000 Summarn  y: 
[2025-01-16 16:32:53,009] INFO: 	 lr: 1.000000000000002e-05 	 Training loss: 0.2244558583199978
[2025-01-16 16:33:07,800] INFO: Iter 53100 Summarn  y: 
[2025-01-16 16:33:07,800] INFO: 	 lr: 1.000000000000002e-05 	 Training loss: 0.22218387439846993
[2025-01-16 16:33:19,229] INFO: Iter 53200 Summarn  y: 
[2025-01-16 16:33:19,229] INFO: 	 lr: 1.000000000000002e-05 	 Training loss: 0.22259381040930748
[2025-01-16 16:33:33,260] INFO: Iter 53300 Summarn  y: 
[2025-01-16 16:33:33,260] INFO: 	 lr: 1.000000000000002e-05 	 Training loss: 0.22269284397363662
[2025-01-16 16:33:46,533] INFO: Iter 53400 Summarn  y: 
[2025-01-16 16:33:46,533] INFO: 	 lr: 1.000000000000002e-05 	 Training loss: 0.2223491021990776
[2025-01-16 16:34:00,196] INFO: Iter 53500 Summarn  y: 
[2025-01-16 16:34:00,197] INFO: 	 lr: 1.000000000000002e-05 	 Training loss: 0.2232944293320179
[2025-01-16 16:34:12,435] INFO: Iter 53600 Summarn  y: 
[2025-01-16 16:34:12,435] INFO: 	 lr: 1.000000000000002e-05 	 Training loss: 0.2230173419415951
[2025-01-16 16:34:26,615] INFO: Iter 53700 Summarn  y: 
[2025-01-16 16:34:26,615] INFO: 	 lr: 1.000000000000002e-05 	 Training loss: 0.22231756240129472
[2025-01-16 16:34:39,612] INFO: Iter 53800 Summarn  y: 
[2025-01-16 16:34:39,612] INFO: 	 lr: 1.000000000000002e-05 	 Training loss: 0.22199989929795266
[2025-01-16 16:34:53,456] INFO: Iter 53900 Summarn  y: 
[2025-01-16 16:34:53,457] INFO: 	 lr: 1.000000000000002e-05 	 Training loss: 0.22326186656951905
[2025-01-16 16:35:07,547] INFO: Iter 54000 Summarn  y: 
[2025-01-16 16:35:07,547] INFO: 	 lr: 1.000000000000002e-05 	 Training loss: 0.22197305172681808
[2025-01-16 16:35:23,863] INFO: Iter 54100 Summarn  y: 
[2025-01-16 16:35:23,863] INFO: 	 lr: 1.000000000000002e-05 	 Training loss: 0.2235483208298683
[2025-01-16 16:35:36,372] INFO: Iter 54200 Summarn  y: 
[2025-01-16 16:35:36,372] INFO: 	 lr: 1.000000000000002e-05 	 Training loss: 0.22266594648361207
[2025-01-16 16:35:49,310] INFO: Iter 54300 Summarn  y: 
[2025-01-16 16:35:49,311] INFO: 	 lr: 1.000000000000002e-05 	 Training loss: 0.22310930967330933
[2025-01-16 16:36:03,491] INFO: Iter 54400 Summarn  y: 
[2025-01-16 16:36:03,492] INFO: 	 lr: 1.000000000000002e-05 	 Training loss: 0.22188082739710807
[2025-01-16 16:36:16,226] INFO: Iter 54500 Summarn  y: 
[2025-01-16 16:36:16,226] INFO: 	 lr: 1.000000000000002e-05 	 Training loss: 0.22185981750488282
[2025-01-16 16:36:29,639] INFO: Iter 54600 Summarn  y: 
[2025-01-16 16:36:29,639] INFO: 	 lr: 1.000000000000002e-05 	 Training loss: 0.2230856989324093
[2025-01-16 16:36:43,134] INFO: Iter 54700 Summarn  y: 
[2025-01-16 16:36:43,134] INFO: 	 lr: 1.000000000000002e-05 	 Training loss: 0.22227768555283547
[2025-01-16 16:36:56,755] INFO: Iter 54800 Summarn  y: 
[2025-01-16 16:36:56,755] INFO: 	 lr: 1.000000000000002e-05 	 Training loss: 0.22181038796901703
[2025-01-16 16:37:09,367] INFO: Iter 54900 Summarn  y: 
[2025-01-16 16:37:09,367] INFO: 	 lr: 1.000000000000002e-05 	 Training loss: 0.22317850917577745
[2025-01-16 16:37:24,128] INFO: Iter 55000 Summarn  y: 
[2025-01-16 16:37:24,129] INFO: 	 lr: 1.000000000000002e-05 	 Training loss: 0.2233867673575878
[2025-01-16 16:37:36,901] INFO: Iter 55100 Summarn  y: 
[2025-01-16 16:37:36,902] INFO: 	 lr: 1.000000000000002e-05 	 Training loss: 0.22207267671823502
[2025-01-16 16:37:50,962] INFO: Iter 55200 Summarn  y: 
[2025-01-16 16:37:50,962] INFO: 	 lr: 1.000000000000002e-05 	 Training loss: 0.22100483804941176
[2025-01-16 16:38:05,120] INFO: Iter 55300 Summarn  y: 
[2025-01-16 16:38:05,120] INFO: 	 lr: 1.000000000000002e-05 	 Training loss: 0.2226002112030983
[2025-01-16 16:38:17,685] INFO: Iter 55400 Summarn  y: 
[2025-01-16 16:38:17,685] INFO: 	 lr: 1.000000000000002e-05 	 Training loss: 0.22316548272967338
[2025-01-16 16:38:30,495] INFO: Iter 55500 Summarn  y: 
[2025-01-16 16:38:30,495] INFO: 	 lr: 1.000000000000002e-05 	 Training loss: 0.2224079728126526
[2025-01-16 16:38:43,928] INFO: Iter 55600 Summarn  y: 
[2025-01-16 16:38:43,928] INFO: 	 lr: 1.000000000000002e-05 	 Training loss: 0.2216213721036911
[2025-01-16 16:38:59,380] INFO: Iter 55700 Summarn  y: 
[2025-01-16 16:38:59,380] INFO: 	 lr: 1.000000000000002e-05 	 Training loss: 0.2214963372051716
[2025-01-16 16:39:11,918] INFO: Iter 55800 Summarn  y: 
[2025-01-16 16:39:11,919] INFO: 	 lr: 1.000000000000002e-05 	 Training loss: 0.2232344351708889
[2025-01-16 16:39:24,902] INFO: Iter 55900 Summarn  y: 
[2025-01-16 16:39:24,902] INFO: 	 lr: 1.000000000000002e-05 	 Training loss: 0.2229013115167618
[2025-01-16 16:39:37,366] INFO: Iter 56000 Summarn  y: 
[2025-01-16 16:39:37,366] INFO: 	 lr: 1.000000000000002e-05 	 Training loss: 0.22298665821552277
[2025-01-16 16:39:54,552] INFO: Iter 56100 Summarn  y: 
[2025-01-16 16:39:54,553] INFO: 	 lr: 1.000000000000002e-05 	 Training loss: 0.2210803733766079
[2025-01-16 16:40:09,106] INFO: Iter 56200 Summarn  y: 
[2025-01-16 16:40:09,107] INFO: 	 lr: 1.000000000000002e-05 	 Training loss: 0.22309911027550697
[2025-01-16 16:40:22,111] INFO: Iter 56300 Summarn  y: 
[2025-01-16 16:40:22,112] INFO: 	 lr: 1.000000000000002e-05 	 Training loss: 0.22032527804374694
[2025-01-16 16:40:36,005] INFO: Iter 56400 Summarn  y: 
[2025-01-16 16:40:36,005] INFO: 	 lr: 1.000000000000002e-05 	 Training loss: 0.22066913351416587
[2025-01-16 16:40:48,867] INFO: Iter 56500 Summarn  y: 
[2025-01-16 16:40:48,867] INFO: 	 lr: 1.000000000000002e-05 	 Training loss: 0.22222324907779695
[2025-01-16 16:41:02,837] INFO: Iter 56600 Summarn  y: 
[2025-01-16 16:41:02,837] INFO: 	 lr: 1.000000000000002e-05 	 Training loss: 0.22138171002268792
[2025-01-16 16:41:16,849] INFO: Iter 56700 Summarn  y: 
[2025-01-16 16:41:16,849] INFO: 	 lr: 1.000000000000002e-05 	 Training loss: 0.2215449407696724
[2025-01-16 16:41:30,113] INFO: Iter 56800 Summarn  y: 
[2025-01-16 16:41:30,113] INFO: 	 lr: 1.000000000000002e-05 	 Training loss: 0.22342897355556487
[2025-01-16 16:41:43,058] INFO: Iter 56900 Summarn  y: 
[2025-01-16 16:41:43,058] INFO: 	 lr: 1.000000000000002e-05 	 Training loss: 0.22356568455696105
[2025-01-16 16:41:57,368] INFO: Iter 57000 Summarn  y: 
[2025-01-16 16:41:57,368] INFO: 	 lr: 1.000000000000002e-05 	 Training loss: 0.22273732006549835
[2025-01-16 16:42:10,217] INFO: Iter 57100 Summarn  y: 
[2025-01-16 16:42:10,217] INFO: 	 lr: 1.000000000000002e-05 	 Training loss: 0.22271877080202102
[2025-01-16 16:42:23,997] INFO: Iter 57200 Summarn  y: 
[2025-01-16 16:42:23,997] INFO: 	 lr: 1.000000000000002e-05 	 Training loss: 0.223571387976408
[2025-01-16 16:42:36,997] INFO: Iter 57300 Summarn  y: 
[2025-01-16 16:42:36,997] INFO: 	 lr: 1.000000000000002e-05 	 Training loss: 0.22202576488256454
[2025-01-16 16:42:51,605] INFO: Iter 57400 Summarn  y: 
[2025-01-16 16:42:51,606] INFO: 	 lr: 1.000000000000002e-05 	 Training loss: 0.2213823066651821
[2025-01-16 16:43:02,998] INFO: Iter 57500 Summarn  y: 
[2025-01-16 16:43:02,999] INFO: 	 lr: 1.000000000000002e-05 	 Training loss: 0.22054024100303649
[2025-01-16 16:43:16,971] INFO: Iter 57600 Summarn  y: 
[2025-01-16 16:43:16,972] INFO: 	 lr: 1.000000000000002e-05 	 Training loss: 0.22357211425900458
[2025-01-16 16:43:29,719] INFO: Iter 57700 Summarn  y: 
[2025-01-16 16:43:29,719] INFO: 	 lr: 1.000000000000002e-05 	 Training loss: 0.22158482670783997
[2025-01-16 16:43:44,079] INFO: Iter 57800 Summarn  y: 
[2025-01-16 16:43:44,080] INFO: 	 lr: 1.000000000000002e-05 	 Training loss: 0.22274920493364334
[2025-01-16 16:43:55,723] INFO: Iter 57900 Summarn  y: 
[2025-01-16 16:43:55,723] INFO: 	 lr: 1.000000000000002e-05 	 Training loss: 0.2215115538239479
[2025-01-16 16:44:09,609] INFO: Iter 58000 Summarn  y: 
[2025-01-16 16:44:09,609] INFO: 	 lr: 1.000000000000002e-05 	 Training loss: 0.22269069090485571
[2025-01-16 16:44:27,519] INFO: Iter 58100 Summarn  y: 
[2025-01-16 16:44:27,520] INFO: 	 lr: 1.000000000000002e-05 	 Training loss: 0.2217327144742012
[2025-01-16 16:44:39,770] INFO: Iter 58200 Summarn  y: 
[2025-01-16 16:44:39,770] INFO: 	 lr: 1.000000000000002e-05 	 Training loss: 0.22179289355874063
[2025-01-16 16:44:53,665] INFO: Iter 58300 Summarn  y: 
[2025-01-16 16:44:53,665] INFO: 	 lr: 1.000000000000002e-05 	 Training loss: 0.22148228749632837
[2025-01-16 16:45:06,636] INFO: Iter 58400 Summarn  y: 
[2025-01-16 16:45:06,636] INFO: 	 lr: 1.000000000000002e-05 	 Training loss: 0.22157275408506394
[2025-01-16 16:45:20,102] INFO: Iter 58500 Summarn  y: 
[2025-01-16 16:45:20,103] INFO: 	 lr: 1.000000000000002e-05 	 Training loss: 0.2218140532076359
[2025-01-16 16:45:32,912] INFO: Iter 58600 Summarn  y: 
[2025-01-16 16:45:32,912] INFO: 	 lr: 1.000000000000002e-05 	 Training loss: 0.22242060765624047
[2025-01-16 16:45:45,829] INFO: Iter 58700 Summarn  y: 
[2025-01-16 16:45:45,829] INFO: 	 lr: 1.000000000000002e-05 	 Training loss: 0.2221657882630825
[2025-01-16 16:45:58,652] INFO: Iter 58800 Summarn  y: 
[2025-01-16 16:45:58,652] INFO: 	 lr: 1.000000000000002e-05 	 Training loss: 0.22140927910804747
[2025-01-16 16:46:12,445] INFO: Iter 58900 Summarn  y: 
[2025-01-16 16:46:12,445] INFO: 	 lr: 1.000000000000002e-05 	 Training loss: 0.22345046386122702
[2025-01-16 16:46:24,840] INFO: Iter 59000 Summarn  y: 
[2025-01-16 16:46:24,840] INFO: 	 lr: 1.000000000000002e-05 	 Training loss: 0.2219038699567318
[2025-01-16 16:46:37,711] INFO: Iter 59100 Summarn  y: 
[2025-01-16 16:46:37,711] INFO: 	 lr: 1.000000000000002e-05 	 Training loss: 0.22130784541368484
[2025-01-16 16:46:51,183] INFO: Iter 59200 Summarn  y: 
[2025-01-16 16:46:51,184] INFO: 	 lr: 1.000000000000002e-05 	 Training loss: 0.22223928928375244
[2025-01-16 16:47:05,587] INFO: Iter 59300 Summarn  y: 
[2025-01-16 16:47:05,587] INFO: 	 lr: 1.000000000000002e-05 	 Training loss: 0.22180792823433876
[2025-01-16 16:47:18,531] INFO: Iter 59400 Summarn  y: 
[2025-01-16 16:47:18,531] INFO: 	 lr: 1.000000000000002e-05 	 Training loss: 0.2221888194978237
[2025-01-16 16:47:32,515] INFO: Iter 59500 Summarn  y: 
[2025-01-16 16:47:32,515] INFO: 	 lr: 1.000000000000002e-05 	 Training loss: 0.2226604138314724
[2025-01-16 16:47:46,896] INFO: Iter 59600 Summarn  y: 
[2025-01-16 16:47:46,896] INFO: 	 lr: 1.000000000000002e-05 	 Training loss: 0.2222515246272087
[2025-01-16 16:48:00,300] INFO: Iter 59700 Summarn  y: 
[2025-01-16 16:48:00,300] INFO: 	 lr: 1.000000000000002e-05 	 Training loss: 0.22109050214290618
[2025-01-16 16:48:15,702] INFO: Iter 59800 Summarn  y: 
[2025-01-16 16:48:15,702] INFO: 	 lr: 1.000000000000002e-05 	 Training loss: 0.22197492137551308
[2025-01-16 16:48:28,550] INFO: Iter 59900 Summarn  y: 
[2025-01-16 16:48:28,551] INFO: 	 lr: 1.000000000000002e-05 	 Training loss: 0.2206069178879261
[2025-01-16 16:48:41,894] INFO: Iter 60000 Summarn  y: 
[2025-01-16 16:48:41,894] INFO: 	 lr: 1.000000000000002e-05 	 Training loss: 0.22219797745347022
[2025-01-16 16:48:57,077] INFO: Iter 60100 Summarn  y: 
[2025-01-16 16:48:57,078] INFO: 	 lr: 1.000000000000002e-05 	 Training loss: 0.22306203827261925
[2025-01-16 16:49:09,115] INFO: Iter 60200 Summarn  y: 
[2025-01-16 16:49:09,115] INFO: 	 lr: 1.000000000000002e-05 	 Training loss: 0.22158356100320817
[2025-01-16 16:49:23,143] INFO: Iter 60300 Summarn  y: 
[2025-01-16 16:49:23,144] INFO: 	 lr: 1.000000000000002e-05 	 Training loss: 0.22160159260034562
[2025-01-16 16:49:36,358] INFO: Iter 60400 Summarn  y: 
[2025-01-16 16:49:36,358] INFO: 	 lr: 1.000000000000002e-05 	 Training loss: 0.22210523784160613
[2025-01-16 16:49:49,855] INFO: Iter 60500 Summarn  y: 
[2025-01-16 16:49:49,856] INFO: 	 lr: 1.000000000000002e-05 	 Training loss: 0.22197481483221054
[2025-01-16 16:50:02,493] INFO: Iter 60600 Summarn  y: 
[2025-01-16 16:50:02,494] INFO: 	 lr: 1.000000000000002e-05 	 Training loss: 0.2214667920768261
[2025-01-16 16:50:14,340] INFO: Iter 60700 Summarn  y: 
[2025-01-16 16:50:14,340] INFO: 	 lr: 1.000000000000002e-05 	 Training loss: 0.22254073187708856
[2025-01-16 16:50:26,374] INFO: Iter 60800 Summarn  y: 
[2025-01-16 16:50:26,374] INFO: 	 lr: 1.000000000000002e-05 	 Training loss: 0.2221427783370018
[2025-01-16 16:50:39,216] INFO: Iter 60900 Summarn  y: 
[2025-01-16 16:50:39,216] INFO: 	 lr: 1.000000000000002e-05 	 Training loss: 0.22178170293569566
[2025-01-16 16:50:51,360] INFO: Iter 61000 Summarn  y: 
[2025-01-16 16:50:51,360] INFO: 	 lr: 1.000000000000002e-05 	 Training loss: 0.22218033254146577
[2025-01-16 16:51:04,792] INFO: Iter 61100 Summarn  y: 
[2025-01-16 16:51:04,792] INFO: 	 lr: 1.000000000000002e-05 	 Training loss: 0.22245429262518882
[2025-01-16 16:51:18,954] INFO: Iter 61200 Summarn  y: 
[2025-01-16 16:51:18,954] INFO: 	 lr: 1.000000000000002e-05 	 Training loss: 0.2206808592379093
[2025-01-16 16:51:31,678] INFO: Iter 61300 Summarn  y: 
[2025-01-16 16:51:31,678] INFO: 	 lr: 1.000000000000002e-05 	 Training loss: 0.22179558172821998
[2025-01-16 16:51:44,568] INFO: Iter 61400 Summarn  y: 
[2025-01-16 16:51:44,568] INFO: 	 lr: 1.000000000000002e-05 	 Training loss: 0.2214680677652359
[2025-01-16 16:51:56,345] INFO: Iter 61500 Summarn  y: 
[2025-01-16 16:51:56,345] INFO: 	 lr: 1.000000000000002e-05 	 Training loss: 0.22149625167250633
[2025-01-16 16:52:06,517] INFO: Iter 61600 Summarn  y: 
[2025-01-16 16:52:06,518] INFO: 	 lr: 1.000000000000002e-05 	 Training loss: 0.22250688046216965
[2025-01-16 16:52:17,865] INFO: Iter 61700 Summarn  y: 
[2025-01-16 16:52:17,866] INFO: 	 lr: 1.000000000000002e-05 	 Training loss: 0.22235435500741005
[2025-01-16 16:52:29,447] INFO: Iter 61800 Summarn  y: 
[2025-01-16 16:52:29,447] INFO: 	 lr: 1.000000000000002e-05 	 Training loss: 0.22088518291711806
[2025-01-16 16:52:40,720] INFO: Iter 61900 Summarn  y: 
[2025-01-16 16:52:40,720] INFO: 	 lr: 1.000000000000002e-05 	 Training loss: 0.2218409638106823
[2025-01-16 16:52:51,247] INFO: Iter 62000 Summarn  y: 
[2025-01-16 16:52:51,247] INFO: 	 lr: 1.000000000000002e-05 	 Training loss: 0.22154672235250472
[2025-01-16 16:53:04,297] INFO: Iter 62100 Summarn  y: 
[2025-01-16 16:53:04,298] INFO: 	 lr: 1.000000000000002e-05 	 Training loss: 0.22127602830529214
[2025-01-16 16:53:16,226] INFO: Iter 62200 Summarn  y: 
[2025-01-16 16:53:16,226] INFO: 	 lr: 1.000000000000002e-05 	 Training loss: 0.2216874647140503
[2025-01-16 16:53:27,492] INFO: Iter 62300 Summarn  y: 
[2025-01-16 16:53:27,493] INFO: 	 lr: 1.000000000000002e-05 	 Training loss: 0.22219462409615517
[2025-01-16 16:53:39,545] INFO: Iter 62400 Summarn  y: 
[2025-01-16 16:53:39,546] INFO: 	 lr: 1.000000000000002e-05 	 Training loss: 0.22194713234901428
[2025-01-16 16:53:50,993] INFO: Iter 62500 Summarn  y: 
[2025-01-16 16:53:50,993] INFO: 	 lr: 1.000000000000002e-05 	 Training loss: 0.22137506678700447
[2025-01-16 16:54:03,659] INFO: Iter 62600 Summarn  y: 
[2025-01-16 16:54:03,659] INFO: 	 lr: 1.000000000000002e-05 	 Training loss: 0.22236463114619254
[2025-01-16 16:54:15,041] INFO: Iter 62700 Summarn  y: 
[2025-01-16 16:54:15,042] INFO: 	 lr: 1.000000000000002e-05 	 Training loss: 0.22210322842001914
[2025-01-16 16:54:26,456] INFO: Iter 62800 Summarn  y: 
[2025-01-16 16:54:26,456] INFO: 	 lr: 1.000000000000002e-05 	 Training loss: 0.2214040568470955
[2025-01-16 16:54:38,764] INFO: Iter 62900 Summarn  y: 
[2025-01-16 16:54:38,764] INFO: 	 lr: 1.000000000000002e-05 	 Training loss: 0.22332732424139976
[2025-01-16 16:54:50,178] INFO: Iter 63000 Summarn  y: 
[2025-01-16 16:54:50,178] INFO: 	 lr: 1.000000000000002e-05 	 Training loss: 0.22197891369462014
[2025-01-16 16:55:01,431] INFO: Iter 63100 Summarn  y: 
[2025-01-16 16:55:01,431] INFO: 	 lr: 1.000000000000002e-05 	 Training loss: 0.22121388778090478
[2025-01-16 16:55:14,243] INFO: Iter 63200 Summarn  y: 
[2025-01-16 16:55:14,243] INFO: 	 lr: 1.000000000000002e-05 	 Training loss: 0.22268033593893052
[2025-01-16 16:55:25,957] INFO: Iter 63300 Summarn  y: 
[2025-01-16 16:55:25,957] INFO: 	 lr: 1.000000000000002e-05 	 Training loss: 0.2199009384214878
[2025-01-16 16:55:37,146] INFO: Iter 63400 Summarn  y: 
[2025-01-16 16:55:37,146] INFO: 	 lr: 1.000000000000002e-05 	 Training loss: 0.2219558262825012
[2025-01-16 16:55:49,000] INFO: Iter 63500 Summarn  y: 
[2025-01-16 16:55:49,000] INFO: 	 lr: 1.000000000000002e-05 	 Training loss: 0.2213378569483757
[2025-01-16 16:56:01,232] INFO: Iter 63600 Summarn  y: 
[2025-01-16 16:56:01,232] INFO: 	 lr: 1.000000000000002e-05 	 Training loss: 0.22175008788704872
[2025-01-16 16:56:14,332] INFO: Iter 63700 Summarn  y: 
[2025-01-16 16:56:14,332] INFO: 	 lr: 1.000000000000002e-05 	 Training loss: 0.22157180070877075
[2025-01-16 16:56:26,038] INFO: Iter 63800 Summarn  y: 
[2025-01-16 16:56:26,038] INFO: 	 lr: 1.000000000000002e-05 	 Training loss: 0.22240928575396537
[2025-01-16 16:56:38,629] INFO: Iter 63900 Summarn  y: 
[2025-01-16 16:56:38,630] INFO: 	 lr: 1.000000000000002e-05 	 Training loss: 0.22066198617219926
[2025-01-16 16:56:50,803] INFO: Iter 64000 Summarn  y: 
[2025-01-16 16:56:50,803] INFO: 	 lr: 1.000000000000002e-05 	 Training loss: 0.2206881020963192
[2025-01-16 16:57:03,369] INFO: Iter 64100 Summarn  y: 
[2025-01-16 16:57:03,370] INFO: 	 lr: 1.000000000000002e-05 	 Training loss: 0.22203153908252715
[2025-01-16 16:57:14,885] INFO: Iter 64200 Summarn  y: 
[2025-01-16 16:57:14,885] INFO: 	 lr: 1.000000000000002e-05 	 Training loss: 0.2220325253903866
[2025-01-16 16:57:27,582] INFO: Iter 64300 Summarn  y: 
[2025-01-16 16:57:27,582] INFO: 	 lr: 1.000000000000002e-05 	 Training loss: 0.22228733628988265
[2025-01-16 16:57:38,857] INFO: Iter 64400 Summarn  y: 
[2025-01-16 16:57:38,857] INFO: 	 lr: 1.000000000000002e-05 	 Training loss: 0.2219972288608551
[2025-01-16 16:57:51,087] INFO: Iter 64500 Summarn  y: 
[2025-01-16 16:57:51,088] INFO: 	 lr: 1.000000000000002e-05 	 Training loss: 0.2227613790333271
[2025-01-16 16:58:01,490] INFO: Iter 64600 Summarn  y: 
[2025-01-16 16:58:01,491] INFO: 	 lr: 1.000000000000002e-05 	 Training loss: 0.22105072498321532
[2025-01-16 16:58:14,302] INFO: Iter 64700 Summarn  y: 
[2025-01-16 16:58:14,303] INFO: 	 lr: 1.000000000000002e-05 	 Training loss: 0.221824831366539
[2025-01-16 16:58:26,527] INFO: Iter 64800 Summarn  y: 
[2025-01-16 16:58:26,527] INFO: 	 lr: 1.000000000000002e-05 	 Training loss: 0.22068656072020532
[2025-01-16 16:58:37,833] INFO: Iter 64900 Summarn  y: 
[2025-01-16 16:58:37,834] INFO: 	 lr: 1.000000000000002e-05 	 Training loss: 0.22043779209256173
[2025-01-16 16:58:49,903] INFO: Iter 65000 Summarn  y: 
[2025-01-16 16:58:49,903] INFO: 	 lr: 1.000000000000002e-05 	 Training loss: 0.21975820228457452
[2025-01-16 16:59:01,533] INFO: Iter 65100 Summarn  y: 
[2025-01-16 16:59:01,533] INFO: 	 lr: 1.000000000000002e-05 	 Training loss: 0.22182071208953857
[2025-01-16 16:59:13,584] INFO: Iter 65200 Summarn  y: 
[2025-01-16 16:59:13,585] INFO: 	 lr: 1.000000000000002e-05 	 Training loss: 0.2228102332353592
[2025-01-16 16:59:24,973] INFO: Iter 65300 Summarn  y: 
[2025-01-16 16:59:24,973] INFO: 	 lr: 1.000000000000002e-05 	 Training loss: 0.22219715982675553
[2025-01-16 16:59:36,650] INFO: Iter 65400 Summarn  y: 
[2025-01-16 16:59:36,650] INFO: 	 lr: 1.000000000000002e-05 	 Training loss: 0.22122505709528922
[2025-01-16 16:59:47,808] INFO: Iter 65500 Summarn  y: 
[2025-01-16 16:59:47,811] INFO: 	 lr: 1.000000000000002e-05 	 Training loss: 0.22202072098851203
[2025-01-16 16:59:58,659] INFO: Iter 65600 Summarn  y: 
[2025-01-16 16:59:58,660] INFO: 	 lr: 1.000000000000002e-05 	 Training loss: 0.22176487475633622
[2025-01-16 17:00:10,068] INFO: Iter 65700 Summarn  y: 
[2025-01-16 17:00:10,068] INFO: 	 lr: 1.000000000000002e-05 	 Training loss: 0.22200729385018347
[2025-01-16 17:00:21,388] INFO: Iter 65800 Summarn  y: 
[2025-01-16 17:00:21,388] INFO: 	 lr: 1.000000000000002e-05 	 Training loss: 0.2211816756427288
[2025-01-16 17:00:33,861] INFO: Iter 65900 Summarn  y: 
[2025-01-16 17:00:33,862] INFO: 	 lr: 1.000000000000002e-05 	 Training loss: 0.22344557583332061
[2025-01-16 17:00:46,304] INFO: Iter 66000 Summarn  y: 
[2025-01-16 17:00:46,304] INFO: 	 lr: 1.000000000000002e-05 	 Training loss: 0.22062082722783088
[2025-01-16 17:00:59,597] INFO: Iter 66100 Summarn  y: 
[2025-01-16 17:00:59,598] INFO: 	 lr: 1.000000000000002e-05 	 Training loss: 0.22191670283675194
[2025-01-16 17:01:10,415] INFO: Iter 66200 Summarn  y: 
[2025-01-16 17:01:10,416] INFO: 	 lr: 1.000000000000002e-05 	 Training loss: 0.22112977772951126
[2025-01-16 17:01:21,928] INFO: Iter 66300 Summarn  y: 
[2025-01-16 17:01:21,928] INFO: 	 lr: 1.000000000000002e-05 	 Training loss: 0.22208367854356767
[2025-01-16 17:01:34,160] INFO: Iter 66400 Summarn  y: 
[2025-01-16 17:01:34,160] INFO: 	 lr: 1.000000000000002e-05 	 Training loss: 0.2208041599392891
[2025-01-16 17:01:46,501] INFO: Iter 66500 Summarn  y: 
[2025-01-16 17:01:46,501] INFO: 	 lr: 1.000000000000002e-05 	 Training loss: 0.22040545538067818
[2025-01-16 17:01:58,343] INFO: Iter 66600 Summarn  y: 
[2025-01-16 17:01:58,343] INFO: 	 lr: 1.000000000000002e-05 	 Training loss: 0.22210099354386328
[2025-01-16 17:02:09,325] INFO: Iter 66700 Summarn  y: 
[2025-01-16 17:02:09,325] INFO: 	 lr: 1.000000000000002e-05 	 Training loss: 0.22099559336900712
[2025-01-16 17:02:20,266] INFO: Iter 66800 Summarn  y: 
[2025-01-16 17:02:20,266] INFO: 	 lr: 1.000000000000002e-05 	 Training loss: 0.22178426891565323
[2025-01-16 17:02:31,409] INFO: Iter 66900 Summarn  y: 
[2025-01-16 17:02:31,409] INFO: 	 lr: 1.000000000000002e-05 	 Training loss: 0.22047799259424208
[2025-01-16 17:02:42,853] INFO: Iter 67000 Summarn  y: 
[2025-01-16 17:02:42,854] INFO: 	 lr: 1.000000000000002e-05 	 Training loss: 0.22154548823833464
[2025-01-16 17:02:54,433] INFO: Iter 67100 Summarn  y: 
[2025-01-16 17:02:54,433] INFO: 	 lr: 1.000000000000002e-05 	 Training loss: 0.2211645945906639
[2025-01-16 17:03:06,822] INFO: Iter 67200 Summarn  y: 
[2025-01-16 17:03:06,823] INFO: 	 lr: 1.000000000000002e-05 	 Training loss: 0.22226935014128685
[2025-01-16 17:03:18,932] INFO: Iter 67300 Summarn  y: 
[2025-01-16 17:03:18,932] INFO: 	 lr: 1.000000000000002e-05 	 Training loss: 0.22078691959381103
[2025-01-16 17:03:30,599] INFO: Iter 67400 Summarn  y: 
[2025-01-16 17:03:30,600] INFO: 	 lr: 1.000000000000002e-05 	 Training loss: 0.2215403877198696
[2025-01-16 17:03:43,570] INFO: Iter 67500 Summarn  y: 
[2025-01-16 17:03:43,570] INFO: 	 lr: 1.000000000000002e-05 	 Training loss: 0.22019676491618156
[2025-01-16 17:03:55,981] INFO: Iter 67600 Summarn  y: 
[2025-01-16 17:03:55,981] INFO: 	 lr: 1.000000000000002e-05 	 Training loss: 0.22168417677283286
[2025-01-16 17:04:07,676] INFO: Iter 67700 Summarn  y: 
[2025-01-16 17:04:07,676] INFO: 	 lr: 1.000000000000002e-05 	 Training loss: 0.2205749548971653
[2025-01-16 17:04:18,407] INFO: Iter 67800 Summarn  y: 
[2025-01-16 17:04:18,407] INFO: 	 lr: 1.000000000000002e-05 	 Training loss: 0.22090337097644805
[2025-01-16 17:04:29,406] INFO: Iter 67900 Summarn  y: 
[2025-01-16 17:04:29,406] INFO: 	 lr: 1.000000000000002e-05 	 Training loss: 0.22148775324225425
[2025-01-16 17:04:41,056] INFO: Iter 68000 Summarn  y: 
[2025-01-16 17:04:41,056] INFO: 	 lr: 1.000000000000002e-05 	 Training loss: 0.22235796615481376
[2025-01-16 17:04:53,941] INFO: Iter 68100 Summarn  y: 
[2025-01-16 17:04:53,941] INFO: 	 lr: 1.000000000000002e-05 	 Training loss: 0.2204629349708557
[2025-01-16 17:05:06,685] INFO: Iter 68200 Summarn  y: 
[2025-01-16 17:05:06,685] INFO: 	 lr: 1.000000000000002e-05 	 Training loss: 0.22096478924155236
[2025-01-16 17:05:17,463] INFO: Iter 68300 Summarn  y: 
[2025-01-16 17:05:17,463] INFO: 	 lr: 1.000000000000002e-05 	 Training loss: 0.22163106009364128
[2025-01-16 17:05:28,772] INFO: Iter 68400 Summarn  y: 
[2025-01-16 17:05:28,772] INFO: 	 lr: 1.000000000000002e-05 	 Training loss: 0.2203288835287094
[2025-01-16 17:05:40,257] INFO: Iter 68500 Summarn  y: 
[2025-01-16 17:05:40,258] INFO: 	 lr: 1.000000000000002e-05 	 Training loss: 0.22088614985346794
[2025-01-16 17:05:52,406] INFO: Iter 68600 Summarn  y: 
[2025-01-16 17:05:52,407] INFO: 	 lr: 1.000000000000002e-05 	 Training loss: 0.22230161473155022
[2025-01-16 17:06:04,604] INFO: Iter 68700 Summarn  y: 
[2025-01-16 17:06:04,605] INFO: 	 lr: 1.000000000000002e-05 	 Training loss: 0.2207142458856106
[2025-01-16 17:06:16,449] INFO: Iter 68800 Summarn  y: 
[2025-01-16 17:06:16,449] INFO: 	 lr: 1.000000000000002e-05 	 Training loss: 0.22211874440312385
[2025-01-16 17:06:28,072] INFO: Iter 68900 Summarn  y: 
[2025-01-16 17:06:28,072] INFO: 	 lr: 1.000000000000002e-05 	 Training loss: 0.22020103096961974
[2025-01-16 17:06:39,564] INFO: Iter 69000 Summarn  y: 
[2025-01-16 17:06:39,565] INFO: 	 lr: 1.000000000000002e-05 	 Training loss: 0.22107857689261437
[2025-01-16 17:06:52,170] INFO: Iter 69100 Summarn  y: 
[2025-01-16 17:06:52,171] INFO: 	 lr: 1.000000000000002e-05 	 Training loss: 0.2198537103831768
[2025-01-16 17:07:04,293] INFO: Iter 69200 Summarn  y: 
[2025-01-16 17:07:04,293] INFO: 	 lr: 1.000000000000002e-05 	 Training loss: 0.21977609843015672
[2025-01-16 17:07:17,331] INFO: Iter 69300 Summarn  y: 
[2025-01-16 17:07:17,331] INFO: 	 lr: 1.000000000000002e-05 	 Training loss: 0.22250744104385375
[2025-01-16 17:07:28,784] INFO: Iter 69400 Summarn  y: 
[2025-01-16 17:07:28,784] INFO: 	 lr: 1.000000000000002e-05 	 Training loss: 0.22098104491829873
[2025-01-16 17:07:40,547] INFO: Iter 69500 Summarn  y: 
[2025-01-16 17:07:40,548] INFO: 	 lr: 1.000000000000002e-05 	 Training loss: 0.22144658997654915
[2025-01-16 17:07:52,086] INFO: Iter 69600 Summarn  y: 
[2025-01-16 17:07:52,087] INFO: 	 lr: 1.000000000000002e-05 	 Training loss: 0.22164449229836464
[2025-01-16 17:08:04,792] INFO: Iter 69700 Summarn  y: 
[2025-01-16 17:08:04,792] INFO: 	 lr: 1.000000000000002e-05 	 Training loss: 0.22022807434201241
[2025-01-16 17:08:16,348] INFO: Iter 69800 Summarn  y: 
[2025-01-16 17:08:16,348] INFO: 	 lr: 1.000000000000002e-05 	 Training loss: 0.2212039990723133
[2025-01-16 17:08:28,977] INFO: Iter 69900 Summarn  y: 
[2025-01-16 17:08:28,978] INFO: 	 lr: 1.000000000000002e-05 	 Training loss: 0.2209085176885128
[2025-01-16 17:08:39,857] INFO: Iter 70000 Summarn  y: 
[2025-01-16 17:08:39,857] INFO: 	 lr: 1.000000000000002e-05 	 Training loss: 0.21948325052857398
[2025-01-16 17:08:53,078] INFO: Iter 70100 Summarn  y: 
[2025-01-16 17:08:53,078] INFO: 	 lr: 1.000000000000002e-05 	 Training loss: 0.22127493634819984
[2025-01-16 17:09:04,738] INFO: Iter 70200 Summarn  y: 
[2025-01-16 17:09:04,738] INFO: 	 lr: 1.000000000000002e-05 	 Training loss: 0.22257582306861878
[2025-01-16 17:09:16,782] INFO: Iter 70300 Summarn  y: 
[2025-01-16 17:09:16,782] INFO: 	 lr: 1.000000000000002e-05 	 Training loss: 0.22085906475782394
[2025-01-16 17:09:28,284] INFO: Iter 70400 Summarn  y: 
[2025-01-16 17:09:28,284] INFO: 	 lr: 1.000000000000002e-05 	 Training loss: 0.22254072159528732
[2025-01-16 17:09:39,881] INFO: Iter 70500 Summarn  y: 
[2025-01-16 17:09:39,882] INFO: 	 lr: 1.000000000000002e-05 	 Training loss: 0.22121211931109427
[2025-01-16 17:09:51,422] INFO: Iter 70600 Summarn  y: 
[2025-01-16 17:09:51,422] INFO: 	 lr: 1.000000000000002e-05 	 Training loss: 0.22037003576755523
[2025-01-16 17:10:03,205] INFO: Iter 70700 Summarn  y: 
[2025-01-16 17:10:03,205] INFO: 	 lr: 1.000000000000002e-05 	 Training loss: 0.22082280308008195
[2025-01-16 17:10:14,997] INFO: Iter 70800 Summarn  y: 
[2025-01-16 17:10:14,997] INFO: 	 lr: 1.000000000000002e-05 	 Training loss: 0.2199679669737816
[2025-01-16 17:10:26,613] INFO: Iter 70900 Summarn  y: 
[2025-01-16 17:10:26,613] INFO: 	 lr: 1.000000000000002e-05 	 Training loss: 0.22029070660471917
[2025-01-16 17:10:38,761] INFO: Iter 71000 Summarn  y: 
[2025-01-16 17:10:38,761] INFO: 	 lr: 1.000000000000002e-05 	 Training loss: 0.22068389222025872
[2025-01-16 17:10:50,107] INFO: Iter 71100 Summarn  y: 
[2025-01-16 17:10:50,108] INFO: 	 lr: 1.000000000000002e-05 	 Training loss: 0.22073695957660674
[2025-01-16 17:11:02,237] INFO: Iter 71200 Summarn  y: 
[2025-01-16 17:11:02,238] INFO: 	 lr: 1.000000000000002e-05 	 Training loss: 0.22145692214369775
[2025-01-16 17:11:14,552] INFO: Iter 71300 Summarn  y: 
[2025-01-16 17:11:14,552] INFO: 	 lr: 1.000000000000002e-05 	 Training loss: 0.22159512102603912
[2025-01-16 17:11:26,275] INFO: Iter 71400 Summarn  y: 
[2025-01-16 17:11:26,275] INFO: 	 lr: 1.000000000000002e-05 	 Training loss: 0.2203654630482197
[2025-01-16 17:11:37,771] INFO: Iter 71500 Summarn  y: 
[2025-01-16 17:11:37,771] INFO: 	 lr: 1.000000000000002e-05 	 Training loss: 0.22064720153808592
[2025-01-16 17:11:48,832] INFO: Iter 71600 Summarn  y: 
[2025-01-16 17:11:48,833] INFO: 	 lr: 1.000000000000002e-05 	 Training loss: 0.2218000914156437
[2025-01-16 17:12:00,808] INFO: Iter 71700 Summarn  y: 
[2025-01-16 17:12:00,808] INFO: 	 lr: 1.000000000000002e-05 	 Training loss: 0.22006697714328766
[2025-01-16 17:12:11,812] INFO: Iter 71800 Summarn  y: 
[2025-01-16 17:12:11,813] INFO: 	 lr: 1.000000000000002e-05 	 Training loss: 0.22090113058686256
[2025-01-16 17:12:23,651] INFO: Iter 71900 Summarn  y: 
[2025-01-16 17:12:23,651] INFO: 	 lr: 1.000000000000002e-05 	 Training loss: 0.22053111627697944
[2025-01-16 17:12:35,884] INFO: Iter 72000 Summarn  y: 
[2025-01-16 17:12:35,884] INFO: 	 lr: 1.000000000000002e-05 	 Training loss: 0.22238909408450128
[2025-01-16 17:12:48,420] INFO: Iter 72100 Summarn  y: 
[2025-01-16 17:12:48,421] INFO: 	 lr: 1.000000000000002e-05 	 Training loss: 0.2198100270330906
[2025-01-16 17:13:00,048] INFO: Iter 72200 Summarn  y: 
[2025-01-16 17:13:00,048] INFO: 	 lr: 1.000000000000002e-05 	 Training loss: 0.2220511582493782
[2025-01-16 17:13:12,526] INFO: Iter 72300 Summarn  y: 
[2025-01-16 17:13:12,527] INFO: 	 lr: 1.000000000000002e-05 	 Training loss: 0.21957193300127983
[2025-01-16 17:13:24,988] INFO: Iter 72400 Summarn  y: 
[2025-01-16 17:13:24,988] INFO: 	 lr: 1.000000000000002e-05 	 Training loss: 0.22168320804834366
[2025-01-16 17:13:37,731] INFO: Iter 72500 Summarn  y: 
[2025-01-16 17:13:37,731] INFO: 	 lr: 1.000000000000002e-05 	 Training loss: 0.22134952932596208
[2025-01-16 17:13:49,100] INFO: Iter 72600 Summarn  y: 
[2025-01-16 17:13:49,101] INFO: 	 lr: 1.000000000000002e-05 	 Training loss: 0.22085992529988288
[2025-01-16 17:14:01,605] INFO: Iter 72700 Summarn  y: 
[2025-01-16 17:14:01,605] INFO: 	 lr: 1.000000000000002e-05 	 Training loss: 0.2209203965961933
[2025-01-16 17:14:13,901] INFO: Iter 72800 Summarn  y: 
[2025-01-16 17:14:13,901] INFO: 	 lr: 1.000000000000002e-05 	 Training loss: 0.22114616379141808
[2025-01-16 17:14:25,761] INFO: Iter 72900 Summarn  y: 
[2025-01-16 17:14:25,761] INFO: 	 lr: 1.000000000000002e-05 	 Training loss: 0.22042047098279
[2025-01-16 17:14:36,669] INFO: Iter 73000 Summarn  y: 
[2025-01-16 17:14:36,669] INFO: 	 lr: 1.000000000000002e-05 	 Training loss: 0.2210964296758175
[2025-01-16 17:14:48,540] INFO: Iter 73100 Summarn  y: 
[2025-01-16 17:14:48,540] INFO: 	 lr: 1.000000000000002e-05 	 Training loss: 0.22155251130461692
[2025-01-16 17:15:00,256] INFO: Iter 73200 Summarn  y: 
[2025-01-16 17:15:00,256] INFO: 	 lr: 1.000000000000002e-05 	 Training loss: 0.21995581120252608
[2025-01-16 17:15:11,711] INFO: Iter 73300 Summarn  y: 
[2025-01-16 17:15:11,711] INFO: 	 lr: 1.000000000000002e-05 	 Training loss: 0.2209361845254898
[2025-01-16 17:15:24,662] INFO: Iter 73400 Summarn  y: 
[2025-01-16 17:15:24,662] INFO: 	 lr: 1.000000000000002e-05 	 Training loss: 0.22109363049268724
[2025-01-16 17:15:36,319] INFO: Iter 73500 Summarn  y: 
[2025-01-16 17:15:36,319] INFO: 	 lr: 1.000000000000002e-05 	 Training loss: 0.22106596037745477
[2025-01-16 17:15:47,679] INFO: Iter 73600 Summarn  y: 
[2025-01-16 17:15:47,680] INFO: 	 lr: 1.000000000000002e-05 	 Training loss: 0.22092445373535155
[2025-01-16 17:15:59,369] INFO: Iter 73700 Summarn  y: 
[2025-01-16 17:15:59,369] INFO: 	 lr: 1.000000000000002e-05 	 Training loss: 0.22116836667060852
[2025-01-16 17:16:10,097] INFO: Iter 73800 Summarn  y: 
[2025-01-16 17:16:10,097] INFO: 	 lr: 1.000000000000002e-05 	 Training loss: 0.22061164900660515
[2025-01-16 17:16:21,847] INFO: Iter 73900 Summarn  y: 
[2025-01-16 17:16:21,847] INFO: 	 lr: 1.000000000000002e-05 	 Training loss: 0.22018360629677772
[2025-01-16 17:16:34,128] INFO: Iter 74000 Summarn  y: 
[2025-01-16 17:16:34,129] INFO: 	 lr: 1.000000000000002e-05 	 Training loss: 0.222965539842844
[2025-01-16 17:16:47,032] INFO: Iter 74100 Summarn  y: 
[2025-01-16 17:16:47,033] INFO: 	 lr: 1.000000000000002e-05 	 Training loss: 0.2208909223973751
[2025-01-16 17:16:59,331] INFO: Iter 74200 Summarn  y: 
[2025-01-16 17:16:59,332] INFO: 	 lr: 1.000000000000002e-05 	 Training loss: 0.22167400047183036
[2025-01-16 17:17:11,329] INFO: Iter 74300 Summarn  y: 
[2025-01-16 17:17:11,330] INFO: 	 lr: 1.000000000000002e-05 	 Training loss: 0.22045491263270378
[2025-01-16 17:17:22,141] INFO: Iter 74400 Summarn  y: 
[2025-01-16 17:17:22,141] INFO: 	 lr: 1.000000000000002e-05 	 Training loss: 0.22136911645531654
[2025-01-16 17:17:34,157] INFO: Iter 74500 Summarn  y: 
[2025-01-16 17:17:34,157] INFO: 	 lr: 1.000000000000002e-05 	 Training loss: 0.22001031577587127
[2025-01-16 17:17:45,732] INFO: Iter 74600 Summarn  y: 
[2025-01-16 17:17:45,732] INFO: 	 lr: 1.000000000000002e-05 	 Training loss: 0.22060954555869103
[2025-01-16 17:17:57,573] INFO: Iter 74700 Summarn  y: 
[2025-01-16 17:17:57,573] INFO: 	 lr: 1.000000000000002e-05 	 Training loss: 0.2207117696106434
[2025-01-16 17:18:08,364] INFO: Iter 74800 Summarn  y: 
[2025-01-16 17:18:08,364] INFO: 	 lr: 1.000000000000002e-05 	 Training loss: 0.21942341342568397
[2025-01-16 17:18:19,232] INFO: Iter 74900 Summarn  y: 
[2025-01-16 17:18:19,232] INFO: 	 lr: 1.000000000000002e-05 	 Training loss: 0.22008711338043213
[2025-01-16 17:18:29,329] INFO: Iter 75000 Summarn  y: 
[2025-01-16 17:18:29,330] INFO: 	 lr: 1.000000000000002e-05 	 Training loss: 0.2221354953944683
[2025-01-16 17:18:39,829] INFO: Iter 75100 Summarn  y: 
[2025-01-16 17:18:39,829] INFO: 	 lr: 1.000000000000002e-05 	 Training loss: 0.22054224997758864
[2025-01-16 17:18:51,216] INFO: Iter 75200 Summarn  y: 
[2025-01-16 17:18:51,216] INFO: 	 lr: 1.000000000000002e-05 	 Training loss: 0.22099962294101716
[2025-01-16 17:19:02,939] INFO: Iter 75300 Summarn  y: 
[2025-01-16 17:19:02,940] INFO: 	 lr: 1.000000000000002e-05 	 Training loss: 0.22034794867038726
[2025-01-16 17:19:10,751] INFO: Iter 75400 Summarn  y: 
[2025-01-16 17:19:10,752] INFO: 	 lr: 1.000000000000002e-05 	 Training loss: 0.22067988857626916
[2025-01-16 17:19:18,206] INFO: Iter 75500 Summarn  y: 
[2025-01-16 17:19:18,206] INFO: 	 lr: 1.000000000000002e-05 	 Training loss: 0.22038010999560356
[2025-01-16 17:19:26,093] INFO: Iter 75600 Summarn  y: 
[2025-01-16 17:19:26,093] INFO: 	 lr: 1.000000000000002e-05 	 Training loss: 0.22112454533576964
[2025-01-16 17:19:33,469] INFO: Iter 75700 Summarn  y: 
[2025-01-16 17:19:33,469] INFO: 	 lr: 1.000000000000002e-05 	 Training loss: 0.2202822183072567
[2025-01-16 17:19:40,706] INFO: Iter 75800 Summarn  y: 
[2025-01-16 17:19:40,706] INFO: 	 lr: 1.000000000000002e-05 	 Training loss: 0.22136372745037078
[2025-01-16 17:19:48,109] INFO: Iter 75900 Summarn  y: 
[2025-01-16 17:19:48,109] INFO: 	 lr: 1.000000000000002e-05 	 Training loss: 0.22047335043549537
[2025-01-16 17:19:55,269] INFO: Iter 76000 Summarn  y: 
[2025-01-16 17:19:55,270] INFO: 	 lr: 1.000000000000002e-05 	 Training loss: 0.22064611315727234
[2025-01-16 17:20:03,894] INFO: Iter 76100 Summarn  y: 
[2025-01-16 17:20:03,894] INFO: 	 lr: 1.000000000000002e-05 	 Training loss: 0.21942303255200385
[2025-01-16 17:20:11,130] INFO: Iter 76200 Summarn  y: 
[2025-01-16 17:20:11,131] INFO: 	 lr: 1.000000000000002e-05 	 Training loss: 0.21922096222639084
[2025-01-16 17:20:18,380] INFO: Iter 76300 Summarn  y: 
[2025-01-16 17:20:18,381] INFO: 	 lr: 1.000000000000002e-05 	 Training loss: 0.22090350240468978
[2025-01-16 17:20:26,075] INFO: Iter 76400 Summarn  y: 
[2025-01-16 17:20:26,075] INFO: 	 lr: 1.000000000000002e-05 	 Training loss: 0.22054120287299156
[2025-01-16 17:20:33,256] INFO: Iter 76500 Summarn  y: 
[2025-01-16 17:20:33,257] INFO: 	 lr: 1.000000000000002e-05 	 Training loss: 0.22052493199706077
[2025-01-16 17:20:40,482] INFO: Iter 76600 Summarn  y: 
[2025-01-16 17:20:40,482] INFO: 	 lr: 1.000000000000002e-05 	 Training loss: 0.22129570707678795
[2025-01-16 17:20:48,130] INFO: Iter 76700 Summarn  y: 
[2025-01-16 17:20:48,130] INFO: 	 lr: 1.000000000000002e-05 	 Training loss: 0.22072967693209647
[2025-01-16 17:20:55,774] INFO: Iter 76800 Summarn  y: 
[2025-01-16 17:20:55,775] INFO: 	 lr: 1.000000000000002e-05 	 Training loss: 0.22115557476878167
[2025-01-16 17:21:03,314] INFO: Iter 76900 Summarn  y: 
[2025-01-16 17:21:03,314] INFO: 	 lr: 1.000000000000002e-05 	 Training loss: 0.22006507351994514
[2025-01-16 17:21:10,948] INFO: Iter 77000 Summarn  y: 
[2025-01-16 17:21:10,948] INFO: 	 lr: 1.000000000000002e-05 	 Training loss: 0.22192983135581015
[2025-01-16 17:21:18,493] INFO: Iter 77100 Summarn  y: 
[2025-01-16 17:21:18,494] INFO: 	 lr: 1.000000000000002e-05 	 Training loss: 0.2213102973997593
[2025-01-16 17:21:26,172] INFO: Iter 77200 Summarn  y: 
[2025-01-16 17:21:26,172] INFO: 	 lr: 1.000000000000002e-05 	 Training loss: 0.2221147133409977
[2025-01-16 17:21:33,872] INFO: Iter 77300 Summarn  y: 
[2025-01-16 17:21:33,872] INFO: 	 lr: 1.000000000000002e-05 	 Training loss: 0.22001372814178466
[2025-01-16 17:21:41,299] INFO: Iter 77400 Summarn  y: 
[2025-01-16 17:21:41,299] INFO: 	 lr: 1.000000000000002e-05 	 Training loss: 0.21989993005990982
[2025-01-16 17:21:49,308] INFO: Iter 77500 Summarn  y: 
[2025-01-16 17:21:49,308] INFO: 	 lr: 1.000000000000002e-05 	 Training loss: 0.2201262778043747
[2025-01-16 17:21:56,912] INFO: Iter 77600 Summarn  y: 
[2025-01-16 17:21:56,912] INFO: 	 lr: 1.000000000000002e-05 	 Training loss: 0.22028233036398887
[2025-01-16 17:22:04,595] INFO: Iter 77700 Summarn  y: 
[2025-01-16 17:22:04,595] INFO: 	 lr: 1.000000000000002e-05 	 Training loss: 0.2214043515920639
[2025-01-16 17:22:12,053] INFO: Iter 77800 Summarn  y: 
[2025-01-16 17:22:12,053] INFO: 	 lr: 1.000000000000002e-05 	 Training loss: 0.22080613121390344
[2025-01-16 17:22:19,351] INFO: Iter 77900 Summarn  y: 
[2025-01-16 17:22:19,351] INFO: 	 lr: 1.000000000000002e-05 	 Training loss: 0.22105585932731628
[2025-01-16 17:22:26,550] INFO: Iter 78000 Summarn  y: 
[2025-01-16 17:22:26,550] INFO: 	 lr: 1.000000000000002e-05 	 Training loss: 0.22064586654305457
[2025-01-16 17:22:35,569] INFO: Iter 78100 Summarn  y: 
[2025-01-16 17:22:35,569] INFO: 	 lr: 1.000000000000002e-05 	 Training loss: 0.21888852447271348
[2025-01-16 17:22:42,901] INFO: Iter 78200 Summarn  y: 
[2025-01-16 17:22:42,901] INFO: 	 lr: 1.000000000000002e-05 	 Training loss: 0.2205990768969059
[2025-01-16 17:22:49,974] INFO: Iter 78300 Summarn  y: 
[2025-01-16 17:22:49,975] INFO: 	 lr: 1.000000000000002e-05 	 Training loss: 0.2201720045506954
[2025-01-16 17:22:57,422] INFO: Iter 78400 Summarn  y: 
[2025-01-16 17:22:57,422] INFO: 	 lr: 1.000000000000002e-05 	 Training loss: 0.2200123731791973
[2025-01-16 17:23:04,653] INFO: Iter 78500 Summarn  y: 
[2025-01-16 17:23:04,653] INFO: 	 lr: 1.000000000000002e-05 	 Training loss: 0.2203068807721138
[2025-01-16 17:23:11,777] INFO: Iter 78600 Summarn  y: 
[2025-01-16 17:23:11,777] INFO: 	 lr: 1.000000000000002e-05 	 Training loss: 0.22018374428153037
[2025-01-16 17:23:19,027] INFO: Iter 78700 Summarn  y: 
[2025-01-16 17:23:19,027] INFO: 	 lr: 1.000000000000002e-05 	 Training loss: 0.21983740523457526
[2025-01-16 17:23:27,112] INFO: Iter 78800 Summarn  y: 
[2025-01-16 17:23:27,113] INFO: 	 lr: 1.000000000000002e-05 	 Training loss: 0.221545273065567
[2025-01-16 17:23:34,786] INFO: Iter 78900 Summarn  y: 
[2025-01-16 17:23:34,786] INFO: 	 lr: 1.000000000000002e-05 	 Training loss: 0.21908898904919624
[2025-01-16 17:23:42,212] INFO: Iter 79000 Summarn  y: 
[2025-01-16 17:23:42,212] INFO: 	 lr: 1.000000000000002e-05 	 Training loss: 0.22009254202246667
[2025-01-16 17:23:50,080] INFO: Iter 79100 Summarn  y: 
[2025-01-16 17:23:50,080] INFO: 	 lr: 1.000000000000002e-05 	 Training loss: 0.22109316900372505
[2025-01-16 17:23:57,667] INFO: Iter 79200 Summarn  y: 
[2025-01-16 17:23:57,667] INFO: 	 lr: 1.000000000000002e-05 	 Training loss: 0.21962232604622842
[2025-01-16 17:24:05,253] INFO: Iter 79300 Summarn  y: 
[2025-01-16 17:24:05,254] INFO: 	 lr: 1.000000000000002e-05 	 Training loss: 0.21950700312852858
[2025-01-16 17:24:12,531] INFO: Iter 79400 Summarn  y: 
[2025-01-16 17:24:12,531] INFO: 	 lr: 1.000000000000002e-05 	 Training loss: 0.22157624676823617
[2025-01-16 17:24:20,451] INFO: Iter 79500 Summarn  y: 
[2025-01-16 17:24:20,451] INFO: 	 lr: 1.000000000000002e-05 	 Training loss: 0.22144149661064147
[2025-01-16 17:24:27,787] INFO: Iter 79600 Summarn  y: 
[2025-01-16 17:24:27,788] INFO: 	 lr: 1.000000000000002e-05 	 Training loss: 0.22147176653146744
[2025-01-16 17:24:35,166] INFO: Iter 79700 Summarn  y: 
[2025-01-16 17:24:35,167] INFO: 	 lr: 1.000000000000002e-05 	 Training loss: 0.21790190801024437
[2025-01-16 17:24:42,400] INFO: Iter 79800 Summarn  y: 
[2025-01-16 17:24:42,401] INFO: 	 lr: 1.000000000000002e-05 	 Training loss: 0.22160013854503632
[2025-01-16 17:24:49,902] INFO: Iter 79900 Summarn  y: 
[2025-01-16 17:24:49,902] INFO: 	 lr: 1.000000000000002e-05 	 Training loss: 0.2212553945183754
[2025-01-16 17:24:57,235] INFO: Iter 80000 Summarn  y: 
[2025-01-16 17:24:57,236] INFO: 	 lr: 1.000000000000002e-05 	 Training loss: 0.22055202841758728
