[2025-01-17 00:44:00,919] INFO: {
    "abs_dir": "/home/diwang/siMLPe/exps/baseline_h36m",
    "batch_size": 256,
    "cos_lr_max": 1e-05,
    "cos_lr_min": 5e-08,
    "cos_lr_total_iters": 80000,
    "data_aug": true,
    "deriv_input": true,
    "deriv_output": true,
    "device": "cuda:4",
    "h36m_anno_dir": "/home/diwang/siMLPe/data/h36m/",
    "link_log_file": "/home/diwang/siMLPe/exps/baseline_h36m/log/log_last.log",
    "link_val_log_file": "/home/diwang/siMLPe/exps/baseline_h36m/log/val_last.log",
    "log_dir": "/home/diwang/siMLPe/exps/baseline_h36m/log",
    "log_file": "/home/diwang/siMLPe/exps/baseline_h36m/log/log_2025_01_17_00_43_38.log",
    "model_pth": null,
    "motion": {
        "dim": 66,
        "h36m_input_length": 50,
        "h36m_input_length_dct": 50,
        "h36m_target_length": 25,
        "h36m_target_length_eval": 25,
        "h36m_target_length_train": 25
    },
    "motion_fc_in": {
        "activation": "relu",
        "in_features": 66,
        "init_w_trunc_normal": false,
        "out_features": 66,
        "temporal_fc": false,
        "with_norm": false
    },
    "motion_fc_out": {
        "activation": "relu",
        "in_features": 66,
        "init_w_trunc_normal": true,
        "out_features": 66,
        "temporal_fc": false,
        "with_norm": false
    },
    "motion_mlp": {
        "hidden_dim": 66,
        "norm_axis": "spatial",
        "num_layers": 48,
        "seq_len": 50,
        "spatial_fc_only": false,
        "with_normalization": true
    },
    "num_workers": 8,
    "post_dct": false,
    "pre_dct": false,
    "print_every": 100,
    "repo_name": "siMLPe",
    "root_dir": "/home/diwang/siMLPe",
    "save_every": 2000,
    "seed": 806,
    "shift_step": 1,
    "snapshot_dir": "/home/diwang/siMLPe/exps/baseline_h36m/log/snapshot",
    "this_dir": "baseline_h36m",
    "use_relative_loss": true,
    "val_log_file": "/home/diwang/siMLPe/exps/baseline_h36m/log/val_2025_01_17_00_43_38.log",
    "weight_decay": 0.0001
}
[2025-01-17 00:44:12,506] INFO: Iter 100 Summarn  y: 
[2025-01-17 00:44:12,507] INFO: 	 lr: 0.00030000000000000073 	 Training loss: 0.06790359407663345
[2025-01-17 00:44:21,068] INFO: Iter 200 Summarn  y: 
[2025-01-17 00:44:21,069] INFO: 	 lr: 0.00030000000000000073 	 Training loss: 0.06054688602685929
[2025-01-17 00:44:29,672] INFO: Iter 300 Summarn  y: 
[2025-01-17 00:44:29,673] INFO: 	 lr: 0.00030000000000000073 	 Training loss: 0.06055034995079041
[2025-01-17 00:44:39,777] INFO: Iter 400 Summarn  y: 
[2025-01-17 00:44:39,777] INFO: 	 lr: 0.00030000000000000073 	 Training loss: 0.06054101157933474
[2025-01-17 00:44:48,493] INFO: Iter 500 Summarn  y: 
[2025-01-17 00:44:48,493] INFO: 	 lr: 0.00030000000000000073 	 Training loss: 0.0579260666295886
[2025-01-17 00:44:57,439] INFO: Iter 600 Summarn  y: 
[2025-01-17 00:44:57,439] INFO: 	 lr: 0.00030000000000000073 	 Training loss: 0.05286604668945074
[2025-01-17 00:45:07,753] INFO: Iter 700 Summarn  y: 
[2025-01-17 00:45:07,754] INFO: 	 lr: 0.00030000000000000073 	 Training loss: 0.050686324276030065
[2025-01-17 00:45:17,455] INFO: Iter 800 Summarn  y: 
[2025-01-17 00:45:17,455] INFO: 	 lr: 0.00030000000000000073 	 Training loss: 0.049951249696314336
[2025-01-17 00:45:27,099] INFO: Iter 900 Summarn  y: 
[2025-01-17 00:45:27,099] INFO: 	 lr: 0.00030000000000000073 	 Training loss: 0.04925822887569666
[2025-01-17 00:45:37,172] INFO: Iter 1000 Summarn  y: 
[2025-01-17 00:45:37,172] INFO: 	 lr: 0.00030000000000000073 	 Training loss: 0.048535247072577475
[2025-01-17 00:45:47,436] INFO: Iter 1100 Summarn  y: 
[2025-01-17 00:45:47,436] INFO: 	 lr: 0.00030000000000000073 	 Training loss: 0.048045964874327184
[2025-01-17 00:45:58,238] INFO: Iter 1200 Summarn  y: 
[2025-01-17 00:45:58,238] INFO: 	 lr: 0.00030000000000000073 	 Training loss: 0.04793465085327625
[2025-01-17 00:46:08,038] INFO: Iter 1300 Summarn  y: 
[2025-01-17 00:46:08,038] INFO: 	 lr: 0.00030000000000000073 	 Training loss: 0.047606115713715556
[2025-01-17 00:46:19,237] INFO: Iter 1400 Summarn  y: 
[2025-01-17 00:46:19,237] INFO: 	 lr: 0.00030000000000000073 	 Training loss: 0.04708657715469599
[2025-01-17 00:46:29,867] INFO: Iter 1500 Summarn  y: 
[2025-01-17 00:46:29,867] INFO: 	 lr: 0.00030000000000000073 	 Training loss: 0.04657085753977299
[2025-01-17 00:46:40,182] INFO: Iter 1600 Summarn  y: 
[2025-01-17 00:46:40,182] INFO: 	 lr: 0.00030000000000000073 	 Training loss: 0.046572794914245604
[2025-01-17 00:46:49,903] INFO: Iter 1700 Summarn  y: 
[2025-01-17 00:46:49,903] INFO: 	 lr: 0.00030000000000000073 	 Training loss: 0.045975118950009344
[2025-01-17 00:46:59,290] INFO: Iter 1800 Summarn  y: 
[2025-01-17 00:46:59,290] INFO: 	 lr: 0.00030000000000000073 	 Training loss: 0.045577564649283885
[2025-01-17 00:47:08,580] INFO: Iter 1900 Summarn  y: 
[2025-01-17 00:47:08,580] INFO: 	 lr: 0.00030000000000000073 	 Training loss: 0.045772493183612824
[2025-01-17 00:47:18,769] INFO: Iter 2000 Summarn  y: 
[2025-01-17 00:47:18,769] INFO: 	 lr: 0.00030000000000000073 	 Training loss: 0.04531267438083887
[2025-01-17 00:47:31,814] INFO: Iter 2100 Summarn  y: 
[2025-01-17 00:47:31,815] INFO: 	 lr: 0.00030000000000000073 	 Training loss: 0.0452927365899086
[2025-01-17 00:47:42,335] INFO: Iter 2200 Summarn  y: 
[2025-01-17 00:47:42,336] INFO: 	 lr: 0.00030000000000000073 	 Training loss: 0.04523423328995704
[2025-01-17 00:47:53,295] INFO: Iter 2300 Summarn  y: 
[2025-01-17 00:47:53,295] INFO: 	 lr: 0.00030000000000000073 	 Training loss: 0.04477257203310728
[2025-01-17 00:48:02,048] INFO: Iter 2400 Summarn  y: 
[2025-01-17 00:48:02,049] INFO: 	 lr: 0.00030000000000000073 	 Training loss: 0.0445392507687211
[2025-01-17 00:48:11,828] INFO: Iter 2500 Summarn  y: 
[2025-01-17 00:48:11,828] INFO: 	 lr: 0.00030000000000000073 	 Training loss: 0.044116310887038705
[2025-01-17 00:48:21,525] INFO: Iter 2600 Summarn  y: 
[2025-01-17 00:48:21,526] INFO: 	 lr: 0.00030000000000000073 	 Training loss: 0.04425066862255335
[2025-01-17 00:48:30,866] INFO: Iter 2700 Summarn  y: 
[2025-01-17 00:48:30,867] INFO: 	 lr: 0.00030000000000000073 	 Training loss: 0.044001305550336836
[2025-01-17 00:48:42,078] INFO: Iter 2800 Summarn  y: 
[2025-01-17 00:48:42,078] INFO: 	 lr: 0.00030000000000000073 	 Training loss: 0.0438980295881629
[2025-01-17 00:48:52,162] INFO: Iter 2900 Summarn  y: 
[2025-01-17 00:48:52,162] INFO: 	 lr: 0.00030000000000000073 	 Training loss: 0.044176001586019996
[2025-01-17 00:49:03,358] INFO: Iter 3000 Summarn  y: 
[2025-01-17 00:49:03,359] INFO: 	 lr: 0.00030000000000000073 	 Training loss: 0.04396188907325268
[2025-01-17 00:49:13,880] INFO: Iter 3100 Summarn  y: 
[2025-01-17 00:49:13,881] INFO: 	 lr: 0.00030000000000000073 	 Training loss: 0.0435160031542182
[2025-01-17 00:49:22,407] INFO: Iter 3200 Summarn  y: 
[2025-01-17 00:49:22,407] INFO: 	 lr: 0.00030000000000000073 	 Training loss: 0.0436374843493104
[2025-01-17 00:49:32,750] INFO: Iter 3300 Summarn  y: 
[2025-01-17 00:49:32,751] INFO: 	 lr: 0.00030000000000000073 	 Training loss: 0.04351114276796579
[2025-01-17 00:49:44,019] INFO: Iter 3400 Summarn  y: 
[2025-01-17 00:49:44,020] INFO: 	 lr: 0.00030000000000000073 	 Training loss: 0.04345287948846817
[2025-01-17 00:49:53,450] INFO: Iter 3500 Summarn  y: 
[2025-01-17 00:49:53,450] INFO: 	 lr: 0.00030000000000000073 	 Training loss: 0.043369785249233246
[2025-01-17 00:50:04,222] INFO: Iter 3600 Summarn  y: 
[2025-01-17 00:50:04,222] INFO: 	 lr: 0.00030000000000000073 	 Training loss: 0.0431067293509841
[2025-01-17 00:50:13,393] INFO: Iter 3700 Summarn  y: 
[2025-01-17 00:50:13,394] INFO: 	 lr: 0.00030000000000000073 	 Training loss: 0.04291022144258022
[2025-01-17 00:50:23,575] INFO: Iter 3800 Summarn  y: 
[2025-01-17 00:50:23,576] INFO: 	 lr: 0.00030000000000000073 	 Training loss: 0.042959994301199914
[2025-01-17 00:50:34,053] INFO: Iter 3900 Summarn  y: 
[2025-01-17 00:50:34,054] INFO: 	 lr: 0.00030000000000000073 	 Training loss: 0.042972197122871876
[2025-01-17 00:50:42,177] INFO: Iter 4000 Summarn  y: 
[2025-01-17 00:50:42,177] INFO: 	 lr: 0.00030000000000000073 	 Training loss: 0.04273166563361883
[2025-01-17 00:50:55,436] INFO: Iter 4100 Summarn  y: 
[2025-01-17 00:50:55,436] INFO: 	 lr: 0.00030000000000000073 	 Training loss: 0.04269614327698946
[2025-01-17 00:51:06,051] INFO: Iter 4200 Summarn  y: 
[2025-01-17 00:51:06,051] INFO: 	 lr: 0.00030000000000000073 	 Training loss: 0.04244439840316772
[2025-01-17 00:51:15,420] INFO: Iter 4300 Summarn  y: 
[2025-01-17 00:51:15,534] INFO: 	 lr: 0.00030000000000000073 	 Training loss: 0.042380336746573447
[2025-01-17 00:51:26,841] INFO: Iter 4400 Summarn  y: 
[2025-01-17 00:51:26,841] INFO: 	 lr: 0.00030000000000000073 	 Training loss: 0.042540181167423724
[2025-01-17 00:51:36,481] INFO: Iter 4500 Summarn  y: 
[2025-01-17 00:51:36,481] INFO: 	 lr: 0.00030000000000000073 	 Training loss: 0.04249405235052109
[2025-01-17 00:51:45,573] INFO: Iter 4600 Summarn  y: 
[2025-01-17 00:51:45,573] INFO: 	 lr: 0.00030000000000000073 	 Training loss: 0.04247516691684723
[2025-01-17 00:51:55,798] INFO: Iter 4700 Summarn  y: 
[2025-01-17 00:51:55,798] INFO: 	 lr: 0.00030000000000000073 	 Training loss: 0.042042549066245556
[2025-01-17 00:52:06,708] INFO: Iter 4800 Summarn  y: 
[2025-01-17 00:52:06,709] INFO: 	 lr: 0.00030000000000000073 	 Training loss: 0.0421382162719965
[2025-01-17 00:52:16,028] INFO: Iter 4900 Summarn  y: 
[2025-01-17 00:52:16,028] INFO: 	 lr: 0.00030000000000000073 	 Training loss: 0.04213499970734119
[2025-01-17 00:52:27,133] INFO: Iter 5000 Summarn  y: 
[2025-01-17 00:52:27,133] INFO: 	 lr: 0.00030000000000000073 	 Training loss: 0.04207854200154543
[2025-01-17 00:52:37,826] INFO: Iter 5100 Summarn  y: 
[2025-01-17 00:52:37,826] INFO: 	 lr: 0.00030000000000000073 	 Training loss: 0.04193460784852505
[2025-01-17 00:52:47,852] INFO: Iter 5200 Summarn  y: 
[2025-01-17 00:52:47,852] INFO: 	 lr: 0.00030000000000000073 	 Training loss: 0.0416566801071167
[2025-01-17 00:52:57,936] INFO: Iter 5300 Summarn  y: 
[2025-01-17 00:52:57,936] INFO: 	 lr: 0.00030000000000000073 	 Training loss: 0.041898695006966594
[2025-01-17 00:53:09,745] INFO: Iter 5400 Summarn  y: 
[2025-01-17 00:53:09,746] INFO: 	 lr: 0.00030000000000000073 	 Training loss: 0.04159674543887377
[2025-01-17 00:53:20,408] INFO: Iter 5500 Summarn  y: 
[2025-01-17 00:53:20,408] INFO: 	 lr: 0.00030000000000000073 	 Training loss: 0.04158038891851902
[2025-01-17 00:53:31,631] INFO: Iter 5600 Summarn  y: 
[2025-01-17 00:53:31,631] INFO: 	 lr: 0.00030000000000000073 	 Training loss: 0.04155412282794714
[2025-01-17 00:53:41,496] INFO: Iter 5700 Summarn  y: 
[2025-01-17 00:53:41,497] INFO: 	 lr: 0.00030000000000000073 	 Training loss: 0.04145721103996038
[2025-01-17 00:53:52,027] INFO: Iter 5800 Summarn  y: 
[2025-01-17 00:53:52,027] INFO: 	 lr: 0.00030000000000000073 	 Training loss: 0.04138073645532131
[2025-01-17 00:54:01,868] INFO: Iter 5900 Summarn  y: 
[2025-01-17 00:54:01,869] INFO: 	 lr: 0.00030000000000000073 	 Training loss: 0.04135809250175953
[2025-01-17 00:54:12,968] INFO: Iter 6000 Summarn  y: 
[2025-01-17 00:54:12,969] INFO: 	 lr: 0.00030000000000000073 	 Training loss: 0.04106459081172943
[2025-01-17 00:54:24,779] INFO: Iter 6100 Summarn  y: 
[2025-01-17 00:54:24,780] INFO: 	 lr: 0.00030000000000000073 	 Training loss: 0.04102627534419298
[2025-01-17 00:54:35,496] INFO: Iter 6200 Summarn  y: 
[2025-01-17 00:54:35,497] INFO: 	 lr: 0.00030000000000000073 	 Training loss: 0.04081662137061357
[2025-01-17 00:54:45,721] INFO: Iter 6300 Summarn  y: 
[2025-01-17 00:54:45,738] INFO: 	 lr: 0.00030000000000000073 	 Training loss: 0.04086222805082798
[2025-01-17 00:54:56,990] INFO: Iter 6400 Summarn  y: 
[2025-01-17 00:54:56,991] INFO: 	 lr: 0.00030000000000000073 	 Training loss: 0.04096923720091581
[2025-01-17 00:55:05,987] INFO: Iter 6500 Summarn  y: 
[2025-01-17 00:55:05,987] INFO: 	 lr: 0.00030000000000000073 	 Training loss: 0.04083488430827856
[2025-01-17 00:55:15,513] INFO: Iter 6600 Summarn  y: 
[2025-01-17 00:55:15,513] INFO: 	 lr: 0.00030000000000000073 	 Training loss: 0.04065506689250469
[2025-01-17 00:55:25,214] INFO: Iter 6700 Summarn  y: 
[2025-01-17 00:55:25,214] INFO: 	 lr: 0.00030000000000000073 	 Training loss: 0.0406393127515912
[2025-01-17 00:55:37,609] INFO: Iter 6800 Summarn  y: 
[2025-01-17 00:55:37,609] INFO: 	 lr: 0.00030000000000000073 	 Training loss: 0.04055560231208801
[2025-01-17 00:55:47,888] INFO: Iter 6900 Summarn  y: 
[2025-01-17 00:55:47,888] INFO: 	 lr: 0.00030000000000000073 	 Training loss: 0.04043958973139525
[2025-01-17 00:55:57,269] INFO: Iter 7000 Summarn  y: 
[2025-01-17 00:55:57,269] INFO: 	 lr: 0.00030000000000000073 	 Training loss: 0.04041782807558775
[2025-01-17 00:56:08,262] INFO: Iter 7100 Summarn  y: 
[2025-01-17 00:56:08,263] INFO: 	 lr: 0.00030000000000000073 	 Training loss: 0.04035830769687891
[2025-01-17 00:56:18,299] INFO: Iter 7200 Summarn  y: 
[2025-01-17 00:56:18,299] INFO: 	 lr: 0.00030000000000000073 	 Training loss: 0.04027072120457888
[2025-01-17 00:56:29,888] INFO: Iter 7300 Summarn  y: 
[2025-01-17 00:56:29,888] INFO: 	 lr: 0.00030000000000000073 	 Training loss: 0.040138322822749616
[2025-01-17 00:56:40,114] INFO: Iter 7400 Summarn  y: 
[2025-01-17 00:56:40,115] INFO: 	 lr: 0.00030000000000000073 	 Training loss: 0.04027043104171753
[2025-01-17 00:56:53,202] INFO: Iter 7500 Summarn  y: 
[2025-01-17 00:56:53,202] INFO: 	 lr: 0.00030000000000000073 	 Training loss: 0.03985035222023726
[2025-01-17 00:57:02,886] INFO: Iter 7600 Summarn  y: 
[2025-01-17 00:57:02,887] INFO: 	 lr: 0.00030000000000000073 	 Training loss: 0.040026692003011705
[2025-01-17 00:57:14,035] INFO: Iter 7700 Summarn  y: 
[2025-01-17 00:57:14,035] INFO: 	 lr: 0.00030000000000000073 	 Training loss: 0.04024514824151993
[2025-01-17 00:57:25,105] INFO: Iter 7800 Summarn  y: 
[2025-01-17 00:57:25,106] INFO: 	 lr: 0.00030000000000000073 	 Training loss: 0.03987045198678971
[2025-01-17 00:57:33,657] INFO: Iter 7900 Summarn  y: 
[2025-01-17 00:57:33,657] INFO: 	 lr: 0.00030000000000000073 	 Training loss: 0.03978900976479054
[2025-01-17 00:57:44,754] INFO: Iter 8000 Summarn  y: 
[2025-01-17 00:57:44,755] INFO: 	 lr: 0.00030000000000000073 	 Training loss: 0.03980634231120348
[2025-01-17 00:57:57,598] INFO: Iter 8100 Summarn  y: 
[2025-01-17 00:57:57,598] INFO: 	 lr: 0.00030000000000000073 	 Training loss: 0.04005526877939701
[2025-01-17 00:58:08,117] INFO: Iter 8200 Summarn  y: 
[2025-01-17 00:58:08,118] INFO: 	 lr: 0.00030000000000000073 	 Training loss: 0.03988031748682261
[2025-01-17 00:58:18,453] INFO: Iter 8300 Summarn  y: 
[2025-01-17 00:58:18,453] INFO: 	 lr: 0.00030000000000000073 	 Training loss: 0.03943263117223978
[2025-01-17 00:58:27,152] INFO: Iter 8400 Summarn  y: 
[2025-01-17 00:58:27,152] INFO: 	 lr: 0.00030000000000000073 	 Training loss: 0.039745941013097766
[2025-01-17 00:58:37,328] INFO: Iter 8500 Summarn  y: 
[2025-01-17 00:58:37,328] INFO: 	 lr: 0.00030000000000000073 	 Training loss: 0.039747127890586854
[2025-01-17 00:58:47,435] INFO: Iter 8600 Summarn  y: 
[2025-01-17 00:58:47,435] INFO: 	 lr: 0.00030000000000000073 	 Training loss: 0.03941922746598721
[2025-01-17 00:58:56,899] INFO: Iter 8700 Summarn  y: 
[2025-01-17 00:58:56,900] INFO: 	 lr: 0.00030000000000000073 	 Training loss: 0.03981774099171162
[2025-01-17 00:59:07,800] INFO: Iter 8800 Summarn  y: 
[2025-01-17 00:59:07,800] INFO: 	 lr: 0.00030000000000000073 	 Training loss: 0.03969092402607202
[2025-01-17 00:59:18,601] INFO: Iter 8900 Summarn  y: 
[2025-01-17 00:59:18,601] INFO: 	 lr: 0.00030000000000000073 	 Training loss: 0.039570631720125676
[2025-01-17 00:59:27,796] INFO: Iter 9000 Summarn  y: 
[2025-01-17 00:59:27,797] INFO: 	 lr: 0.00030000000000000073 	 Training loss: 0.03941057730466127
[2025-01-17 00:59:37,794] INFO: Iter 9100 Summarn  y: 
[2025-01-17 00:59:37,795] INFO: 	 lr: 0.00030000000000000073 	 Training loss: 0.03927624095231295
[2025-01-17 00:59:46,613] INFO: Iter 9200 Summarn  y: 
[2025-01-17 00:59:46,613] INFO: 	 lr: 0.00030000000000000073 	 Training loss: 0.03929519146680832
[2025-01-17 00:59:56,552] INFO: Iter 9300 Summarn  y: 
[2025-01-17 00:59:56,552] INFO: 	 lr: 0.00030000000000000073 	 Training loss: 0.03928059495985508
[2025-01-17 01:00:05,827] INFO: Iter 9400 Summarn  y: 
[2025-01-17 01:00:05,827] INFO: 	 lr: 0.00030000000000000073 	 Training loss: 0.03930204845964909
[2025-01-17 01:00:15,823] INFO: Iter 9500 Summarn  y: 
[2025-01-17 01:00:15,853] INFO: 	 lr: 0.00030000000000000073 	 Training loss: 0.03920228041708469
[2025-01-17 01:00:26,709] INFO: Iter 9600 Summarn  y: 
[2025-01-17 01:00:26,710] INFO: 	 lr: 0.00030000000000000073 	 Training loss: 0.03932735558599234
[2025-01-17 01:00:35,965] INFO: Iter 9700 Summarn  y: 
[2025-01-17 01:00:35,965] INFO: 	 lr: 0.00030000000000000073 	 Training loss: 0.03919253796339035
[2025-01-17 01:00:47,540] INFO: Iter 9800 Summarn  y: 
[2025-01-17 01:00:47,541] INFO: 	 lr: 0.00030000000000000073 	 Training loss: 0.0390468043461442
[2025-01-17 01:00:58,199] INFO: Iter 9900 Summarn  y: 
[2025-01-17 01:00:58,199] INFO: 	 lr: 0.00030000000000000073 	 Training loss: 0.03942754697054625
[2025-01-17 01:01:09,049] INFO: Iter 10000 Summarn  y: 
[2025-01-17 01:01:09,050] INFO: 	 lr: 0.00030000000000000073 	 Training loss: 0.03894816666841507
[2025-01-17 01:01:21,473] INFO: Iter 10100 Summarn  y: 
[2025-01-17 01:01:21,474] INFO: 	 lr: 0.00030000000000000073 	 Training loss: 0.03885525465011597
[2025-01-17 01:01:33,113] INFO: Iter 10200 Summarn  y: 
[2025-01-17 01:01:33,113] INFO: 	 lr: 0.00030000000000000073 	 Training loss: 0.03919625043869018
[2025-01-17 01:01:42,965] INFO: Iter 10300 Summarn  y: 
[2025-01-17 01:01:42,965] INFO: 	 lr: 0.00030000000000000073 	 Training loss: 0.039083317928016184
[2025-01-17 01:01:53,061] INFO: Iter 10400 Summarn  y: 
[2025-01-17 01:01:53,061] INFO: 	 lr: 0.00030000000000000073 	 Training loss: 0.03873636357486248
[2025-01-17 01:02:03,437] INFO: Iter 10500 Summarn  y: 
[2025-01-17 01:02:03,437] INFO: 	 lr: 0.00030000000000000073 	 Training loss: 0.03871173344552517
[2025-01-17 01:02:11,913] INFO: Iter 10600 Summarn  y: 
[2025-01-17 01:02:11,913] INFO: 	 lr: 0.00030000000000000073 	 Training loss: 0.038801626935601234
[2025-01-17 01:02:22,886] INFO: Iter 10700 Summarn  y: 
[2025-01-17 01:02:22,887] INFO: 	 lr: 0.00030000000000000073 	 Training loss: 0.038912333548069
[2025-01-17 01:02:33,220] INFO: Iter 10800 Summarn  y: 
[2025-01-17 01:02:33,220] INFO: 	 lr: 0.00030000000000000073 	 Training loss: 0.038969972319900986
[2025-01-17 01:02:44,853] INFO: Iter 10900 Summarn  y: 
[2025-01-17 01:02:44,854] INFO: 	 lr: 0.00030000000000000073 	 Training loss: 0.03895692750811577
[2025-01-17 01:02:55,512] INFO: Iter 11000 Summarn  y: 
[2025-01-17 01:02:55,512] INFO: 	 lr: 0.00030000000000000073 	 Training loss: 0.038543989174067976
[2025-01-17 01:03:05,208] INFO: Iter 11100 Summarn  y: 
[2025-01-17 01:03:05,208] INFO: 	 lr: 0.00030000000000000073 	 Training loss: 0.038705924786627294
[2025-01-17 01:03:14,847] INFO: Iter 11200 Summarn  y: 
[2025-01-17 01:03:14,847] INFO: 	 lr: 0.00030000000000000073 	 Training loss: 0.03840061016380787
[2025-01-17 01:03:25,499] INFO: Iter 11300 Summarn  y: 
[2025-01-17 01:03:25,500] INFO: 	 lr: 0.00030000000000000073 	 Training loss: 0.03871781975030899
[2025-01-17 01:03:35,390] INFO: Iter 11400 Summarn  y: 
[2025-01-17 01:03:35,390] INFO: 	 lr: 0.00030000000000000073 	 Training loss: 0.03881482224911451
[2025-01-17 01:03:46,468] INFO: Iter 11500 Summarn  y: 
[2025-01-17 01:03:46,469] INFO: 	 lr: 0.00030000000000000073 	 Training loss: 0.03847219828516245
[2025-01-17 01:03:56,665] INFO: Iter 11600 Summarn  y: 
[2025-01-17 01:03:56,665] INFO: 	 lr: 0.00030000000000000073 	 Training loss: 0.038434890024363996
[2025-01-17 01:04:07,666] INFO: Iter 11700 Summarn  y: 
[2025-01-17 01:04:07,667] INFO: 	 lr: 0.00030000000000000073 	 Training loss: 0.03838037271052599
[2025-01-17 01:04:17,835] INFO: Iter 11800 Summarn  y: 
[2025-01-17 01:04:17,836] INFO: 	 lr: 0.00030000000000000073 	 Training loss: 0.03848219607025385
[2025-01-17 01:04:27,713] INFO: Iter 11900 Summarn  y: 
[2025-01-17 01:04:27,713] INFO: 	 lr: 0.00030000000000000073 	 Training loss: 0.0383725942671299
[2025-01-17 01:04:37,168] INFO: Iter 12000 Summarn  y: 
[2025-01-17 01:04:37,168] INFO: 	 lr: 0.00030000000000000073 	 Training loss: 0.03860930122435093
[2025-01-17 01:04:48,951] INFO: Iter 12100 Summarn  y: 
[2025-01-17 01:04:48,951] INFO: 	 lr: 0.00030000000000000073 	 Training loss: 0.03860386747866869
[2025-01-17 01:04:58,999] INFO: Iter 12200 Summarn  y: 
[2025-01-17 01:04:58,999] INFO: 	 lr: 0.00030000000000000073 	 Training loss: 0.038606068193912504
[2025-01-17 01:05:11,005] INFO: Iter 12300 Summarn  y: 
[2025-01-17 01:05:11,006] INFO: 	 lr: 0.00030000000000000073 	 Training loss: 0.03830205876380205
[2025-01-17 01:05:22,100] INFO: Iter 12400 Summarn  y: 
[2025-01-17 01:05:22,100] INFO: 	 lr: 0.00030000000000000073 	 Training loss: 0.038295971676707265
[2025-01-17 01:05:32,378] INFO: Iter 12500 Summarn  y: 
[2025-01-17 01:05:32,378] INFO: 	 lr: 0.00030000000000000073 	 Training loss: 0.03808225855231285
[2025-01-17 01:05:43,058] INFO: Iter 12600 Summarn  y: 
[2025-01-17 01:05:43,058] INFO: 	 lr: 0.00030000000000000073 	 Training loss: 0.038239832632243634
[2025-01-17 01:05:52,222] INFO: Iter 12700 Summarn  y: 
[2025-01-17 01:05:52,222] INFO: 	 lr: 0.00030000000000000073 	 Training loss: 0.0384991966560483
[2025-01-17 01:06:01,155] INFO: Iter 12800 Summarn  y: 
[2025-01-17 01:06:01,155] INFO: 	 lr: 0.00030000000000000073 	 Training loss: 0.03813865669071674
[2025-01-17 01:06:11,452] INFO: Iter 12900 Summarn  y: 
[2025-01-17 01:06:11,452] INFO: 	 lr: 0.00030000000000000073 	 Training loss: 0.03843667861074209
[2025-01-17 01:06:23,824] INFO: Iter 13000 Summarn  y: 
[2025-01-17 01:06:23,825] INFO: 	 lr: 0.00030000000000000073 	 Training loss: 0.038296963460743426
[2025-01-17 01:06:33,342] INFO: Iter 13100 Summarn  y: 
[2025-01-17 01:06:33,342] INFO: 	 lr: 0.00030000000000000073 	 Training loss: 0.03835148088634014
[2025-01-17 01:06:43,935] INFO: Iter 13200 Summarn  y: 
[2025-01-17 01:06:43,936] INFO: 	 lr: 0.00030000000000000073 	 Training loss: 0.038080036006867886
[2025-01-17 01:06:54,234] INFO: Iter 13300 Summarn  y: 
[2025-01-17 01:06:54,234] INFO: 	 lr: 0.00030000000000000073 	 Training loss: 0.038067382723093034
[2025-01-17 01:07:04,140] INFO: Iter 13400 Summarn  y: 
[2025-01-17 01:07:04,140] INFO: 	 lr: 0.00030000000000000073 	 Training loss: 0.038218423649668695
[2025-01-17 01:07:15,317] INFO: Iter 13500 Summarn  y: 
[2025-01-17 01:07:15,317] INFO: 	 lr: 0.00030000000000000073 	 Training loss: 0.03795374684035778
[2025-01-17 01:07:26,578] INFO: Iter 13600 Summarn  y: 
[2025-01-17 01:07:26,579] INFO: 	 lr: 0.00030000000000000073 	 Training loss: 0.03800634037703276
[2025-01-17 01:07:37,482] INFO: Iter 13700 Summarn  y: 
[2025-01-17 01:07:37,482] INFO: 	 lr: 0.00030000000000000073 	 Training loss: 0.03783421572297811
[2025-01-17 01:07:47,824] INFO: Iter 13800 Summarn  y: 
[2025-01-17 01:07:47,824] INFO: 	 lr: 0.00030000000000000073 	 Training loss: 0.0380489893257618
[2025-01-17 01:07:57,650] INFO: Iter 13900 Summarn  y: 
[2025-01-17 01:07:57,650] INFO: 	 lr: 0.00030000000000000073 	 Training loss: 0.03803199551999569
[2025-01-17 01:08:09,314] INFO: Iter 14000 Summarn  y: 
[2025-01-17 01:08:09,314] INFO: 	 lr: 0.00030000000000000073 	 Training loss: 0.03798819679766893
[2025-01-17 01:08:22,487] INFO: Iter 14100 Summarn  y: 
[2025-01-17 01:08:22,487] INFO: 	 lr: 0.00030000000000000073 	 Training loss: 0.03813388731330633
[2025-01-17 01:08:33,608] INFO: Iter 14200 Summarn  y: 
[2025-01-17 01:08:33,608] INFO: 	 lr: 0.00030000000000000073 	 Training loss: 0.03808182056993246
[2025-01-17 01:08:45,682] INFO: Iter 14300 Summarn  y: 
[2025-01-17 01:08:45,683] INFO: 	 lr: 0.00030000000000000073 	 Training loss: 0.03811694744974375
[2025-01-17 01:08:54,870] INFO: Iter 14400 Summarn  y: 
[2025-01-17 01:08:54,871] INFO: 	 lr: 0.00030000000000000073 	 Training loss: 0.03787465613335371
[2025-01-17 01:09:03,859] INFO: Iter 14500 Summarn  y: 
[2025-01-17 01:09:03,859] INFO: 	 lr: 0.00030000000000000073 	 Training loss: 0.037973069809377195
[2025-01-17 01:09:13,194] INFO: Iter 14600 Summarn  y: 
[2025-01-17 01:09:13,195] INFO: 	 lr: 0.00030000000000000073 	 Training loss: 0.037938197404146196
[2025-01-17 01:09:24,551] INFO: Iter 14700 Summarn  y: 
[2025-01-17 01:09:24,551] INFO: 	 lr: 0.00030000000000000073 	 Training loss: 0.037632363922894
[2025-01-17 01:09:35,735] INFO: Iter 14800 Summarn  y: 
[2025-01-17 01:09:35,736] INFO: 	 lr: 0.00030000000000000073 	 Training loss: 0.03785351660102606
[2025-01-17 01:09:45,912] INFO: Iter 14900 Summarn  y: 
[2025-01-17 01:09:45,912] INFO: 	 lr: 0.00030000000000000073 	 Training loss: 0.03790297526866197
[2025-01-17 01:09:57,843] INFO: Iter 15000 Summarn  y: 
[2025-01-17 01:09:57,843] INFO: 	 lr: 0.00030000000000000073 	 Training loss: 0.03796929098665714
[2025-01-17 01:10:08,452] INFO: Iter 15100 Summarn  y: 
[2025-01-17 01:10:08,452] INFO: 	 lr: 0.00030000000000000073 	 Training loss: 0.037895185835659505
[2025-01-17 01:10:19,471] INFO: Iter 15200 Summarn  y: 
[2025-01-17 01:10:19,471] INFO: 	 lr: 0.00030000000000000073 	 Training loss: 0.0377999434992671
[2025-01-17 01:10:29,639] INFO: Iter 15300 Summarn  y: 
[2025-01-17 01:10:29,639] INFO: 	 lr: 0.00030000000000000073 	 Training loss: 0.037639161422848705
[2025-01-17 01:10:40,435] INFO: Iter 15400 Summarn  y: 
[2025-01-17 01:10:40,436] INFO: 	 lr: 0.00030000000000000073 	 Training loss: 0.03774684749543667
[2025-01-17 01:10:50,160] INFO: Iter 15500 Summarn  y: 
[2025-01-17 01:10:50,160] INFO: 	 lr: 0.00030000000000000073 	 Training loss: 0.03775326255708933
[2025-01-17 01:10:59,433] INFO: Iter 15600 Summarn  y: 
[2025-01-17 01:10:59,433] INFO: 	 lr: 0.00030000000000000073 	 Training loss: 0.037753455750644205
[2025-01-17 01:11:09,962] INFO: Iter 15700 Summarn  y: 
[2025-01-17 01:11:09,963] INFO: 	 lr: 0.00030000000000000073 	 Training loss: 0.03759167235344649
[2025-01-17 01:11:20,880] INFO: Iter 15800 Summarn  y: 
[2025-01-17 01:11:20,880] INFO: 	 lr: 0.00030000000000000073 	 Training loss: 0.037476741448044776
[2025-01-17 01:11:31,915] INFO: Iter 15900 Summarn  y: 
[2025-01-17 01:11:31,915] INFO: 	 lr: 0.00030000000000000073 	 Training loss: 0.03782611835747957
[2025-01-17 01:11:41,802] INFO: Iter 16000 Summarn  y: 
[2025-01-17 01:11:41,802] INFO: 	 lr: 0.00030000000000000073 	 Training loss: 0.037648964896798136
[2025-01-17 01:11:53,887] INFO: Iter 16100 Summarn  y: 
[2025-01-17 01:11:53,887] INFO: 	 lr: 0.00030000000000000073 	 Training loss: 0.03799307707697153
[2025-01-17 01:12:04,779] INFO: Iter 16200 Summarn  y: 
[2025-01-17 01:12:04,779] INFO: 	 lr: 0.00030000000000000073 	 Training loss: 0.03756538107991218
[2025-01-17 01:12:16,277] INFO: Iter 16300 Summarn  y: 
[2025-01-17 01:12:16,277] INFO: 	 lr: 0.00030000000000000073 	 Training loss: 0.037641560696065425
[2025-01-17 01:12:27,526] INFO: Iter 16400 Summarn  y: 
[2025-01-17 01:12:27,527] INFO: 	 lr: 0.00030000000000000073 	 Training loss: 0.03755941011011601
[2025-01-17 01:12:38,334] INFO: Iter 16500 Summarn  y: 
[2025-01-17 01:12:38,335] INFO: 	 lr: 0.00030000000000000073 	 Training loss: 0.03750641092658043
[2025-01-17 01:12:48,423] INFO: Iter 16600 Summarn  y: 
[2025-01-17 01:12:48,423] INFO: 	 lr: 0.00030000000000000073 	 Training loss: 0.03767097305506468
[2025-01-17 01:12:57,752] INFO: Iter 16700 Summarn  y: 
[2025-01-17 01:12:57,752] INFO: 	 lr: 0.00030000000000000073 	 Training loss: 0.03765423778444529
[2025-01-17 01:13:08,063] INFO: Iter 16800 Summarn  y: 
[2025-01-17 01:13:08,063] INFO: 	 lr: 0.00030000000000000073 	 Training loss: 0.037604351416230204
[2025-01-17 01:13:17,273] INFO: Iter 16900 Summarn  y: 
[2025-01-17 01:13:17,273] INFO: 	 lr: 0.00030000000000000073 	 Training loss: 0.03770579308271408
[2025-01-17 01:13:28,736] INFO: Iter 17000 Summarn  y: 
[2025-01-17 01:13:28,737] INFO: 	 lr: 0.00030000000000000073 	 Training loss: 0.037348531968891624
[2025-01-17 01:13:38,783] INFO: Iter 17100 Summarn  y: 
[2025-01-17 01:13:38,784] INFO: 	 lr: 0.00030000000000000073 	 Training loss: 0.03739797987043857
[2025-01-17 01:13:48,699] INFO: Iter 17200 Summarn  y: 
[2025-01-17 01:13:48,700] INFO: 	 lr: 0.00030000000000000073 	 Training loss: 0.03749087233096361
[2025-01-17 01:13:58,514] INFO: Iter 17300 Summarn  y: 
[2025-01-17 01:13:58,515] INFO: 	 lr: 0.00030000000000000073 	 Training loss: 0.037578324750065804
[2025-01-17 01:14:08,911] INFO: Iter 17400 Summarn  y: 
[2025-01-17 01:14:08,911] INFO: 	 lr: 0.00030000000000000073 	 Training loss: 0.03742075115442276
[2025-01-17 01:14:19,364] INFO: Iter 17500 Summarn  y: 
[2025-01-17 01:14:19,364] INFO: 	 lr: 0.00030000000000000073 	 Training loss: 0.03753036893904209
[2025-01-17 01:14:29,376] INFO: Iter 17600 Summarn  y: 
[2025-01-17 01:14:29,376] INFO: 	 lr: 0.00030000000000000073 	 Training loss: 0.03748315371572972
[2025-01-17 01:14:40,685] INFO: Iter 17700 Summarn  y: 
[2025-01-17 01:14:40,686] INFO: 	 lr: 0.00030000000000000073 	 Training loss: 0.0372949131578207
[2025-01-17 01:14:49,924] INFO: Iter 17800 Summarn  y: 
[2025-01-17 01:14:49,924] INFO: 	 lr: 0.00030000000000000073 	 Training loss: 0.037105453461408616
[2025-01-17 01:14:59,166] INFO: Iter 17900 Summarn  y: 
[2025-01-17 01:14:59,166] INFO: 	 lr: 0.00030000000000000073 	 Training loss: 0.03741193737834692
[2025-01-17 01:15:08,990] INFO: Iter 18000 Summarn  y: 
[2025-01-17 01:15:08,990] INFO: 	 lr: 0.00030000000000000073 	 Training loss: 0.03723589893430471
[2025-01-17 01:15:20,642] INFO: Iter 18100 Summarn  y: 
[2025-01-17 01:15:20,643] INFO: 	 lr: 0.00030000000000000073 	 Training loss: 0.03774439867585897
[2025-01-17 01:15:30,527] INFO: Iter 18200 Summarn  y: 
[2025-01-17 01:15:30,528] INFO: 	 lr: 0.00030000000000000073 	 Training loss: 0.03755318783223629
[2025-01-17 01:15:40,075] INFO: Iter 18300 Summarn  y: 
[2025-01-17 01:15:40,076] INFO: 	 lr: 0.00030000000000000073 	 Training loss: 0.03749220859259367
[2025-01-17 01:15:51,076] INFO: Iter 18400 Summarn  y: 
[2025-01-17 01:15:51,077] INFO: 	 lr: 0.00030000000000000073 	 Training loss: 0.0371785918995738
[2025-01-17 01:16:00,765] INFO: Iter 18500 Summarn  y: 
[2025-01-17 01:16:00,765] INFO: 	 lr: 0.00030000000000000073 	 Training loss: 0.03738763902336359
[2025-01-17 01:16:10,598] INFO: Iter 18600 Summarn  y: 
[2025-01-17 01:16:10,598] INFO: 	 lr: 0.00030000000000000073 	 Training loss: 0.03742201175540685
[2025-01-17 01:16:20,957] INFO: Iter 18700 Summarn  y: 
[2025-01-17 01:16:20,957] INFO: 	 lr: 0.00030000000000000073 	 Training loss: 0.03737584806978703
[2025-01-17 01:16:31,347] INFO: Iter 18800 Summarn  y: 
[2025-01-17 01:16:31,347] INFO: 	 lr: 0.00030000000000000073 	 Training loss: 0.03723365671932697
[2025-01-17 01:16:41,174] INFO: Iter 18900 Summarn  y: 
[2025-01-17 01:16:41,175] INFO: 	 lr: 0.00030000000000000073 	 Training loss: 0.037228006348013876
[2025-01-17 01:16:51,108] INFO: Iter 19000 Summarn  y: 
[2025-01-17 01:16:51,109] INFO: 	 lr: 0.00030000000000000073 	 Training loss: 0.03725607167929411
[2025-01-17 01:17:02,051] INFO: Iter 19100 Summarn  y: 
[2025-01-17 01:17:02,052] INFO: 	 lr: 0.00030000000000000073 	 Training loss: 0.03700817432254553
[2025-01-17 01:17:11,782] INFO: Iter 19200 Summarn  y: 
[2025-01-17 01:17:11,782] INFO: 	 lr: 0.00030000000000000073 	 Training loss: 0.03723180770874023
[2025-01-17 01:17:20,876] INFO: Iter 19300 Summarn  y: 
[2025-01-17 01:17:20,877] INFO: 	 lr: 0.00030000000000000073 	 Training loss: 0.037411716990172865
[2025-01-17 01:17:29,798] INFO: Iter 19400 Summarn  y: 
[2025-01-17 01:17:29,799] INFO: 	 lr: 0.00030000000000000073 	 Training loss: 0.037145866937935354
[2025-01-17 01:17:38,966] INFO: Iter 19500 Summarn  y: 
[2025-01-17 01:17:38,967] INFO: 	 lr: 0.00030000000000000073 	 Training loss: 0.03714595906436444
[2025-01-17 01:17:47,668] INFO: Iter 19600 Summarn  y: 
[2025-01-17 01:17:47,668] INFO: 	 lr: 0.00030000000000000073 	 Training loss: 0.03720389433205128
[2025-01-17 01:17:58,158] INFO: Iter 19700 Summarn  y: 
[2025-01-17 01:17:58,158] INFO: 	 lr: 0.00030000000000000073 	 Training loss: 0.03754539929330349
[2025-01-17 01:18:07,975] INFO: Iter 19800 Summarn  y: 
[2025-01-17 01:18:07,975] INFO: 	 lr: 0.00030000000000000073 	 Training loss: 0.03727001916617155
[2025-01-17 01:18:18,774] INFO: Iter 19900 Summarn  y: 
[2025-01-17 01:18:18,775] INFO: 	 lr: 0.00030000000000000073 	 Training loss: 0.03704096879810095
[2025-01-17 01:18:29,252] INFO: Iter 20000 Summarn  y: 
[2025-01-17 01:18:29,252] INFO: 	 lr: 0.00030000000000000073 	 Training loss: 0.03712312165647745
[2025-01-17 01:18:41,309] INFO: Iter 20100 Summarn  y: 
[2025-01-17 01:18:41,310] INFO: 	 lr: 0.00030000000000000073 	 Training loss: 0.037310172468423844
[2025-01-17 01:18:51,607] INFO: Iter 20200 Summarn  y: 
[2025-01-17 01:18:51,607] INFO: 	 lr: 0.00030000000000000073 	 Training loss: 0.03708669446408749
[2025-01-17 01:19:02,045] INFO: Iter 20300 Summarn  y: 
[2025-01-17 01:19:02,046] INFO: 	 lr: 0.00030000000000000073 	 Training loss: 0.03722479835152626
[2025-01-17 01:19:12,809] INFO: Iter 20400 Summarn  y: 
[2025-01-17 01:19:12,809] INFO: 	 lr: 0.00030000000000000073 	 Training loss: 0.0371485647931695
[2025-01-17 01:19:23,625] INFO: Iter 20500 Summarn  y: 
[2025-01-17 01:19:23,625] INFO: 	 lr: 0.00030000000000000073 	 Training loss: 0.036999981440603735
[2025-01-17 01:19:34,750] INFO: Iter 20600 Summarn  y: 
[2025-01-17 01:19:34,750] INFO: 	 lr: 0.00030000000000000073 	 Training loss: 0.03697693858295679
[2025-01-17 01:19:45,109] INFO: Iter 20700 Summarn  y: 
[2025-01-17 01:19:45,109] INFO: 	 lr: 0.00030000000000000073 	 Training loss: 0.03710262499749661
[2025-01-17 01:19:55,326] INFO: Iter 20800 Summarn  y: 
[2025-01-17 01:19:55,326] INFO: 	 lr: 0.00030000000000000073 	 Training loss: 0.0371588634327054
[2025-01-17 01:20:05,955] INFO: Iter 20900 Summarn  y: 
[2025-01-17 01:20:05,955] INFO: 	 lr: 0.00030000000000000073 	 Training loss: 0.037017198838293554
[2025-01-17 01:20:16,814] INFO: Iter 21000 Summarn  y: 
[2025-01-17 01:20:16,815] INFO: 	 lr: 0.00030000000000000073 	 Training loss: 0.0369998749345541
[2025-01-17 01:20:27,349] INFO: Iter 21100 Summarn  y: 
[2025-01-17 01:20:27,350] INFO: 	 lr: 0.00030000000000000073 	 Training loss: 0.03702969141304493
[2025-01-17 01:20:37,107] INFO: Iter 21200 Summarn  y: 
[2025-01-17 01:20:37,108] INFO: 	 lr: 0.00030000000000000073 	 Training loss: 0.03687592204660177
[2025-01-17 01:20:46,543] INFO: Iter 21300 Summarn  y: 
[2025-01-17 01:20:46,544] INFO: 	 lr: 0.00030000000000000073 	 Training loss: 0.03722806133329868
[2025-01-17 01:20:56,232] INFO: Iter 21400 Summarn  y: 
[2025-01-17 01:20:56,232] INFO: 	 lr: 0.00030000000000000073 	 Training loss: 0.03695869453251362
[2025-01-17 01:21:07,424] INFO: Iter 21500 Summarn  y: 
[2025-01-17 01:21:07,424] INFO: 	 lr: 0.00030000000000000073 	 Training loss: 0.037019523009657856
[2025-01-17 01:21:18,398] INFO: Iter 21600 Summarn  y: 
[2025-01-17 01:21:18,398] INFO: 	 lr: 0.00030000000000000073 	 Training loss: 0.03691411755979061
[2025-01-17 01:21:29,518] INFO: Iter 21700 Summarn  y: 
[2025-01-17 01:21:29,519] INFO: 	 lr: 0.00030000000000000073 	 Training loss: 0.03711153149604798
[2025-01-17 01:21:39,785] INFO: Iter 21800 Summarn  y: 
[2025-01-17 01:21:39,785] INFO: 	 lr: 0.00030000000000000073 	 Training loss: 0.037040662951767445
[2025-01-17 01:21:51,185] INFO: Iter 21900 Summarn  y: 
[2025-01-17 01:21:51,185] INFO: 	 lr: 0.00030000000000000073 	 Training loss: 0.03676405694335699
[2025-01-17 01:22:01,098] INFO: Iter 22000 Summarn  y: 
[2025-01-17 01:22:01,098] INFO: 	 lr: 0.00030000000000000073 	 Training loss: 0.03684768602252007
[2025-01-17 01:22:14,250] INFO: Iter 22100 Summarn  y: 
[2025-01-17 01:22:14,250] INFO: 	 lr: 0.00030000000000000073 	 Training loss: 0.03719403244554997
[2025-01-17 01:22:24,502] INFO: Iter 22200 Summarn  y: 
[2025-01-17 01:22:24,503] INFO: 	 lr: 0.00030000000000000073 	 Training loss: 0.036827121786773206
[2025-01-17 01:22:35,044] INFO: Iter 22300 Summarn  y: 
[2025-01-17 01:22:35,044] INFO: 	 lr: 0.00030000000000000073 	 Training loss: 0.036992176696658136
[2025-01-17 01:22:45,132] INFO: Iter 22400 Summarn  y: 
[2025-01-17 01:22:45,132] INFO: 	 lr: 0.00030000000000000073 	 Training loss: 0.03692835200577974
[2025-01-17 01:22:56,813] INFO: Iter 22500 Summarn  y: 
[2025-01-17 01:22:56,859] INFO: 	 lr: 0.00030000000000000073 	 Training loss: 0.03691441301256418
[2025-01-17 01:23:07,165] INFO: Iter 22600 Summarn  y: 
[2025-01-17 01:23:07,165] INFO: 	 lr: 0.00030000000000000073 	 Training loss: 0.03682543221861124
[2025-01-17 01:23:17,293] INFO: Iter 22700 Summarn  y: 
[2025-01-17 01:23:17,293] INFO: 	 lr: 0.00030000000000000073 	 Training loss: 0.03684921260923147
[2025-01-17 01:23:28,035] INFO: Iter 22800 Summarn  y: 
[2025-01-17 01:23:28,035] INFO: 	 lr: 0.00030000000000000073 	 Training loss: 0.03689216990023851
[2025-01-17 01:23:39,027] INFO: Iter 22900 Summarn  y: 
[2025-01-17 01:23:39,028] INFO: 	 lr: 0.00030000000000000073 	 Training loss: 0.036962506771087644
[2025-01-17 01:23:48,344] INFO: Iter 23000 Summarn  y: 
[2025-01-17 01:23:48,344] INFO: 	 lr: 0.00030000000000000073 	 Training loss: 0.03706971872597933
[2025-01-17 01:23:58,340] INFO: Iter 23100 Summarn  y: 
[2025-01-17 01:23:58,341] INFO: 	 lr: 0.00030000000000000073 	 Training loss: 0.03706810511648655
[2025-01-17 01:24:09,208] INFO: Iter 23200 Summarn  y: 
[2025-01-17 01:24:09,209] INFO: 	 lr: 0.00030000000000000073 	 Training loss: 0.03687341921031475
[2025-01-17 01:24:18,827] INFO: Iter 23300 Summarn  y: 
[2025-01-17 01:24:18,828] INFO: 	 lr: 0.00030000000000000073 	 Training loss: 0.03700666800141335
[2025-01-17 01:24:30,564] INFO: Iter 23400 Summarn  y: 
[2025-01-17 01:24:30,564] INFO: 	 lr: 0.00030000000000000073 	 Training loss: 0.03675984591245651
[2025-01-17 01:24:41,211] INFO: Iter 23500 Summarn  y: 
[2025-01-17 01:24:41,212] INFO: 	 lr: 0.00030000000000000073 	 Training loss: 0.036622876785695556
[2025-01-17 01:24:51,500] INFO: Iter 23600 Summarn  y: 
[2025-01-17 01:24:51,501] INFO: 	 lr: 0.00030000000000000073 	 Training loss: 0.03701729394495487
[2025-01-17 01:25:01,188] INFO: Iter 23700 Summarn  y: 
[2025-01-17 01:25:01,188] INFO: 	 lr: 0.00030000000000000073 	 Training loss: 0.036636273972690106
[2025-01-17 01:25:11,382] INFO: Iter 23800 Summarn  y: 
[2025-01-17 01:25:11,382] INFO: 	 lr: 0.00030000000000000073 	 Training loss: 0.036952168866992
[2025-01-17 01:25:22,544] INFO: Iter 23900 Summarn  y: 
[2025-01-17 01:25:22,544] INFO: 	 lr: 0.00030000000000000073 	 Training loss: 0.03681674219667912
[2025-01-17 01:25:32,574] INFO: Iter 24000 Summarn  y: 
[2025-01-17 01:25:32,574] INFO: 	 lr: 0.00030000000000000073 	 Training loss: 0.03688365887850523
[2025-01-17 01:25:43,699] INFO: Iter 24100 Summarn  y: 
[2025-01-17 01:25:43,699] INFO: 	 lr: 0.00030000000000000073 	 Training loss: 0.03664651110768318
[2025-01-17 01:25:53,833] INFO: Iter 24200 Summarn  y: 
[2025-01-17 01:25:53,834] INFO: 	 lr: 0.00030000000000000073 	 Training loss: 0.036674768477678296
[2025-01-17 01:26:03,216] INFO: Iter 24300 Summarn  y: 
[2025-01-17 01:26:03,216] INFO: 	 lr: 0.00030000000000000073 	 Training loss: 0.03693807993084192
[2025-01-17 01:26:14,044] INFO: Iter 24400 Summarn  y: 
[2025-01-17 01:26:14,045] INFO: 	 lr: 0.00030000000000000073 	 Training loss: 0.036655896753072736
[2025-01-17 01:26:23,670] INFO: Iter 24500 Summarn  y: 
[2025-01-17 01:26:23,670] INFO: 	 lr: 0.00030000000000000073 	 Training loss: 0.037024815306067466
[2025-01-17 01:26:33,010] INFO: Iter 24600 Summarn  y: 
[2025-01-17 01:26:33,011] INFO: 	 lr: 0.00030000000000000073 	 Training loss: 0.036996914111077785
[2025-01-17 01:26:42,564] INFO: Iter 24700 Summarn  y: 
[2025-01-17 01:26:42,565] INFO: 	 lr: 0.00030000000000000073 	 Training loss: 0.036668834909796715
[2025-01-17 01:26:52,247] INFO: Iter 24800 Summarn  y: 
[2025-01-17 01:26:52,247] INFO: 	 lr: 0.00030000000000000073 	 Training loss: 0.03656466532498598
[2025-01-17 01:27:02,627] INFO: Iter 24900 Summarn  y: 
[2025-01-17 01:27:02,627] INFO: 	 lr: 0.00030000000000000073 	 Training loss: 0.036783751994371415
[2025-01-17 01:27:12,983] INFO: Iter 25000 Summarn  y: 
[2025-01-17 01:27:12,983] INFO: 	 lr: 0.00030000000000000073 	 Training loss: 0.03678512491285801
[2025-01-17 01:27:22,315] INFO: Iter 25100 Summarn  y: 
[2025-01-17 01:27:22,316] INFO: 	 lr: 0.00030000000000000073 	 Training loss: 0.03690625112503767
[2025-01-17 01:27:34,683] INFO: Iter 25200 Summarn  y: 
[2025-01-17 01:27:34,684] INFO: 	 lr: 0.00030000000000000073 	 Training loss: 0.036648029386997225
[2025-01-17 01:27:45,110] INFO: Iter 25300 Summarn  y: 
[2025-01-17 01:27:45,110] INFO: 	 lr: 0.00030000000000000073 	 Training loss: 0.036668541841208935
[2025-01-17 01:27:55,958] INFO: Iter 25400 Summarn  y: 
[2025-01-17 01:27:55,958] INFO: 	 lr: 0.00030000000000000073 	 Training loss: 0.03689985319972038
[2025-01-17 01:28:06,086] INFO: Iter 25500 Summarn  y: 
[2025-01-17 01:28:06,086] INFO: 	 lr: 0.00030000000000000073 	 Training loss: 0.03677015833556652
[2025-01-17 01:28:16,369] INFO: Iter 25600 Summarn  y: 
[2025-01-17 01:28:16,369] INFO: 	 lr: 0.00030000000000000073 	 Training loss: 0.036754070855677126
[2025-01-17 01:28:26,331] INFO: Iter 25700 Summarn  y: 
[2025-01-17 01:28:26,331] INFO: 	 lr: 0.00030000000000000073 	 Training loss: 0.03675533212721348
[2025-01-17 01:28:35,662] INFO: Iter 25800 Summarn  y: 
[2025-01-17 01:28:35,663] INFO: 	 lr: 0.00030000000000000073 	 Training loss: 0.03664187368005514
[2025-01-17 01:28:46,897] INFO: Iter 25900 Summarn  y: 
[2025-01-17 01:28:46,898] INFO: 	 lr: 0.00030000000000000073 	 Training loss: 0.036791023202240467
[2025-01-17 01:28:58,094] INFO: Iter 26000 Summarn  y: 
[2025-01-17 01:28:58,094] INFO: 	 lr: 0.00030000000000000073 	 Training loss: 0.0364916355535388
[2025-01-17 01:29:10,814] INFO: Iter 26100 Summarn  y: 
[2025-01-17 01:29:10,815] INFO: 	 lr: 0.00030000000000000073 	 Training loss: 0.037062187865376475
[2025-01-17 01:29:19,916] INFO: Iter 26200 Summarn  y: 
[2025-01-17 01:29:19,917] INFO: 	 lr: 0.00030000000000000073 	 Training loss: 0.036639005951583384
[2025-01-17 01:29:29,771] INFO: Iter 26300 Summarn  y: 
[2025-01-17 01:29:29,772] INFO: 	 lr: 0.00030000000000000073 	 Training loss: 0.03676133461296558
[2025-01-17 01:29:38,762] INFO: Iter 26400 Summarn  y: 
[2025-01-17 01:29:38,762] INFO: 	 lr: 0.00030000000000000073 	 Training loss: 0.036553612239658834
[2025-01-17 01:29:50,047] INFO: Iter 26500 Summarn  y: 
[2025-01-17 01:29:50,048] INFO: 	 lr: 0.00030000000000000073 	 Training loss: 0.03674736499786377
[2025-01-17 01:30:01,587] INFO: Iter 26600 Summarn  y: 
[2025-01-17 01:30:01,588] INFO: 	 lr: 0.00030000000000000073 	 Training loss: 0.03663809344172478
[2025-01-17 01:30:12,480] INFO: Iter 26700 Summarn  y: 
[2025-01-17 01:30:12,480] INFO: 	 lr: 0.00030000000000000073 	 Training loss: 0.03648665137588978
[2025-01-17 01:30:21,714] INFO: Iter 26800 Summarn  y: 
[2025-01-17 01:30:21,714] INFO: 	 lr: 0.00030000000000000073 	 Training loss: 0.03687867745757103
[2025-01-17 01:30:31,738] INFO: Iter 26900 Summarn  y: 
[2025-01-17 01:30:31,738] INFO: 	 lr: 0.00030000000000000073 	 Training loss: 0.03660516869276762
[2025-01-17 01:30:42,879] INFO: Iter 27000 Summarn  y: 
[2025-01-17 01:30:42,879] INFO: 	 lr: 0.00030000000000000073 	 Training loss: 0.03648082323372364
[2025-01-17 01:30:53,165] INFO: Iter 27100 Summarn  y: 
[2025-01-17 01:30:53,165] INFO: 	 lr: 0.00030000000000000073 	 Training loss: 0.03644321542233229
[2025-01-17 01:31:03,467] INFO: Iter 27200 Summarn  y: 
[2025-01-17 01:31:03,468] INFO: 	 lr: 0.00030000000000000073 	 Training loss: 0.036782311871647835
[2025-01-17 01:31:12,026] INFO: Iter 27300 Summarn  y: 
[2025-01-17 01:31:12,026] INFO: 	 lr: 0.00030000000000000073 	 Training loss: 0.036607363894581794
[2025-01-17 01:31:22,419] INFO: Iter 27400 Summarn  y: 
[2025-01-17 01:31:22,420] INFO: 	 lr: 0.00030000000000000073 	 Training loss: 0.0367193067073822
[2025-01-17 01:31:32,808] INFO: Iter 27500 Summarn  y: 
[2025-01-17 01:31:32,808] INFO: 	 lr: 0.00030000000000000073 	 Training loss: 0.036576578728854656
[2025-01-17 01:31:44,098] INFO: Iter 27600 Summarn  y: 
[2025-01-17 01:31:44,099] INFO: 	 lr: 0.00030000000000000073 	 Training loss: 0.03651029996573925
[2025-01-17 01:31:53,458] INFO: Iter 27700 Summarn  y: 
[2025-01-17 01:31:53,458] INFO: 	 lr: 0.00030000000000000073 	 Training loss: 0.0367331949993968
[2025-01-17 01:32:03,122] INFO: Iter 27800 Summarn  y: 
[2025-01-17 01:32:03,123] INFO: 	 lr: 0.00030000000000000073 	 Training loss: 0.03651926081627607
[2025-01-17 01:32:13,190] INFO: Iter 27900 Summarn  y: 
[2025-01-17 01:32:13,248] INFO: 	 lr: 0.00030000000000000073 	 Training loss: 0.03656211726367473
[2025-01-17 01:32:22,879] INFO: Iter 28000 Summarn  y: 
[2025-01-17 01:32:22,880] INFO: 	 lr: 0.00030000000000000073 	 Training loss: 0.03670116052031517
[2025-01-17 01:32:33,879] INFO: Iter 28100 Summarn  y: 
[2025-01-17 01:32:33,879] INFO: 	 lr: 0.00030000000000000073 	 Training loss: 0.03666563283652067
[2025-01-17 01:32:43,473] INFO: Iter 28200 Summarn  y: 
[2025-01-17 01:32:43,473] INFO: 	 lr: 0.00030000000000000073 	 Training loss: 0.03653732091188431
[2025-01-17 01:32:53,980] INFO: Iter 28300 Summarn  y: 
[2025-01-17 01:32:53,980] INFO: 	 lr: 0.00030000000000000073 	 Training loss: 0.03649949736893177
[2025-01-17 01:33:03,868] INFO: Iter 28400 Summarn  y: 
[2025-01-17 01:33:03,868] INFO: 	 lr: 0.00030000000000000073 	 Training loss: 0.03654842671006918
[2025-01-17 01:33:14,488] INFO: Iter 28500 Summarn  y: 
[2025-01-17 01:33:14,488] INFO: 	 lr: 0.00030000000000000073 	 Training loss: 0.03641357839107513
[2025-01-17 01:33:27,322] INFO: Iter 28600 Summarn  y: 
[2025-01-17 01:33:27,323] INFO: 	 lr: 0.00030000000000000073 	 Training loss: 0.03627860572189093
[2025-01-17 01:33:37,759] INFO: Iter 28700 Summarn  y: 
[2025-01-17 01:33:37,760] INFO: 	 lr: 0.00030000000000000073 	 Training loss: 0.036607254333794116
[2025-01-17 01:33:47,137] INFO: Iter 28800 Summarn  y: 
[2025-01-17 01:33:47,137] INFO: 	 lr: 0.00030000000000000073 	 Training loss: 0.03650877956300974
[2025-01-17 01:33:57,125] INFO: Iter 28900 Summarn  y: 
[2025-01-17 01:33:57,125] INFO: 	 lr: 0.00030000000000000073 	 Training loss: 0.03642402656376362
[2025-01-17 01:34:07,596] INFO: Iter 29000 Summarn  y: 
[2025-01-17 01:34:07,596] INFO: 	 lr: 0.00030000000000000073 	 Training loss: 0.03678897988051176
[2025-01-17 01:34:17,715] INFO: Iter 29100 Summarn  y: 
[2025-01-17 01:34:17,716] INFO: 	 lr: 0.00030000000000000073 	 Training loss: 0.03663045242428779
[2025-01-17 01:34:27,423] INFO: Iter 29200 Summarn  y: 
[2025-01-17 01:34:27,423] INFO: 	 lr: 0.00030000000000000073 	 Training loss: 0.03664015751332045
[2025-01-17 01:34:38,474] INFO: Iter 29300 Summarn  y: 
[2025-01-17 01:34:38,475] INFO: 	 lr: 0.00030000000000000073 	 Training loss: 0.03653388168662786
[2025-01-17 01:34:48,165] INFO: Iter 29400 Summarn  y: 
[2025-01-17 01:34:48,165] INFO: 	 lr: 0.00030000000000000073 	 Training loss: 0.03657398350536823
[2025-01-17 01:34:58,890] INFO: Iter 29500 Summarn  y: 
[2025-01-17 01:34:58,890] INFO: 	 lr: 0.00030000000000000073 	 Training loss: 0.03650668490678072
[2025-01-17 01:35:09,985] INFO: Iter 29600 Summarn  y: 
[2025-01-17 01:35:09,985] INFO: 	 lr: 0.00030000000000000073 	 Training loss: 0.03659217037260532
[2025-01-17 01:35:19,485] INFO: Iter 29700 Summarn  y: 
[2025-01-17 01:35:19,485] INFO: 	 lr: 0.00030000000000000073 	 Training loss: 0.03643390774726868
[2025-01-17 01:35:28,600] INFO: Iter 29800 Summarn  y: 
[2025-01-17 01:35:28,600] INFO: 	 lr: 0.00030000000000000073 	 Training loss: 0.03654599759727716
[2025-01-17 01:35:39,970] INFO: Iter 29900 Summarn  y: 
[2025-01-17 01:35:39,971] INFO: 	 lr: 0.00030000000000000073 	 Training loss: 0.036855663768947125
[2025-01-17 01:35:50,269] INFO: Iter 30000 Summarn  y: 
[2025-01-17 01:35:50,270] INFO: 	 lr: 0.00030000000000000073 	 Training loss: 0.036580297946929935
[2025-01-17 01:36:02,918] INFO: Iter 30100 Summarn  y: 
[2025-01-17 01:36:02,918] INFO: 	 lr: 1.2900000000000026e-05 	 Training loss: 0.03561159960925579
[2025-01-17 01:36:12,980] INFO: Iter 30200 Summarn  y: 
[2025-01-17 01:36:12,980] INFO: 	 lr: 1.000000000000002e-05 	 Training loss: 0.03536613196134567
[2025-01-17 01:36:22,864] INFO: Iter 30300 Summarn  y: 
[2025-01-17 01:36:22,865] INFO: 	 lr: 1.000000000000002e-05 	 Training loss: 0.03514566663652659
[2025-01-17 01:36:32,912] INFO: Iter 30400 Summarn  y: 
[2025-01-17 01:36:32,912] INFO: 	 lr: 1.000000000000002e-05 	 Training loss: 0.03542146705091
[2025-01-17 01:36:43,413] INFO: Iter 30500 Summarn  y: 
[2025-01-17 01:36:43,413] INFO: 	 lr: 1.000000000000002e-05 	 Training loss: 0.035147493071854115
[2025-01-17 01:36:54,278] INFO: Iter 30600 Summarn  y: 
[2025-01-17 01:36:54,279] INFO: 	 lr: 1.000000000000002e-05 	 Training loss: 0.035356151536107064
[2025-01-17 01:37:04,311] INFO: Iter 30700 Summarn  y: 
[2025-01-17 01:37:04,311] INFO: 	 lr: 1.000000000000002e-05 	 Training loss: 0.034882057160139084
[2025-01-17 01:37:13,110] INFO: Iter 30800 Summarn  y: 
[2025-01-17 01:37:13,110] INFO: 	 lr: 1.000000000000002e-05 	 Training loss: 0.03497444480657577
[2025-01-17 01:37:23,331] INFO: Iter 30900 Summarn  y: 
[2025-01-17 01:37:23,331] INFO: 	 lr: 1.000000000000002e-05 	 Training loss: 0.03485361747443676
[2025-01-17 01:37:33,465] INFO: Iter 31000 Summarn  y: 
[2025-01-17 01:37:33,466] INFO: 	 lr: 1.000000000000002e-05 	 Training loss: 0.03489671595394611
[2025-01-17 01:37:44,259] INFO: Iter 31100 Summarn  y: 
[2025-01-17 01:37:44,259] INFO: 	 lr: 1.000000000000002e-05 	 Training loss: 0.03506339281797409
[2025-01-17 01:37:54,246] INFO: Iter 31200 Summarn  y: 
[2025-01-17 01:37:54,246] INFO: 	 lr: 1.000000000000002e-05 	 Training loss: 0.03508069813251495
[2025-01-17 01:38:05,407] INFO: Iter 31300 Summarn  y: 
[2025-01-17 01:38:05,407] INFO: 	 lr: 1.000000000000002e-05 	 Training loss: 0.03469357181340456
[2025-01-17 01:38:15,376] INFO: Iter 31400 Summarn  y: 
[2025-01-17 01:38:15,376] INFO: 	 lr: 1.000000000000002e-05 	 Training loss: 0.03500014141201973
[2025-01-17 01:38:24,949] INFO: Iter 31500 Summarn  y: 
[2025-01-17 01:38:24,949] INFO: 	 lr: 1.000000000000002e-05 	 Training loss: 0.03478299412876368
[2025-01-17 01:38:35,752] INFO: Iter 31600 Summarn  y: 
[2025-01-17 01:38:35,753] INFO: 	 lr: 1.000000000000002e-05 	 Training loss: 0.03477292878553271
[2025-01-17 01:38:47,169] INFO: Iter 31700 Summarn  y: 
[2025-01-17 01:38:47,169] INFO: 	 lr: 1.000000000000002e-05 	 Training loss: 0.034829062204808
[2025-01-17 01:38:57,682] INFO: Iter 31800 Summarn  y: 
[2025-01-17 01:38:57,682] INFO: 	 lr: 1.000000000000002e-05 	 Training loss: 0.034965244717895985
[2025-01-17 01:39:06,819] INFO: Iter 31900 Summarn  y: 
[2025-01-17 01:39:06,820] INFO: 	 lr: 1.000000000000002e-05 	 Training loss: 0.034955861680209636
[2025-01-17 01:39:18,078] INFO: Iter 32000 Summarn  y: 
[2025-01-17 01:39:18,079] INFO: 	 lr: 1.000000000000002e-05 	 Training loss: 0.03480248879641294
[2025-01-17 01:39:31,441] INFO: Iter 32100 Summarn  y: 
[2025-01-17 01:39:31,442] INFO: 	 lr: 1.000000000000002e-05 	 Training loss: 0.03489431079477072
[2025-01-17 01:39:41,770] INFO: Iter 32200 Summarn  y: 
[2025-01-17 01:39:41,770] INFO: 	 lr: 1.000000000000002e-05 	 Training loss: 0.03485970579087734
[2025-01-17 01:39:51,546] INFO: Iter 32300 Summarn  y: 
[2025-01-17 01:39:51,546] INFO: 	 lr: 1.000000000000002e-05 	 Training loss: 0.034830422028899195
[2025-01-17 01:40:01,447] INFO: Iter 32400 Summarn  y: 
[2025-01-17 01:40:01,447] INFO: 	 lr: 1.000000000000002e-05 	 Training loss: 0.03478069432079792
[2025-01-17 01:40:11,962] INFO: Iter 32500 Summarn  y: 
[2025-01-17 01:40:11,962] INFO: 	 lr: 1.000000000000002e-05 	 Training loss: 0.03463271517306566
[2025-01-17 01:40:23,227] INFO: Iter 32600 Summarn  y: 
[2025-01-17 01:40:23,227] INFO: 	 lr: 1.000000000000002e-05 	 Training loss: 0.03475959897041321
[2025-01-17 01:40:32,986] INFO: Iter 32700 Summarn  y: 
[2025-01-17 01:40:32,986] INFO: 	 lr: 1.000000000000002e-05 	 Training loss: 0.03484896682202816
[2025-01-17 01:40:44,062] INFO: Iter 32800 Summarn  y: 
[2025-01-17 01:40:44,062] INFO: 	 lr: 1.000000000000002e-05 	 Training loss: 0.03466729551553726
[2025-01-17 01:40:54,291] INFO: Iter 32900 Summarn  y: 
[2025-01-17 01:40:54,291] INFO: 	 lr: 1.000000000000002e-05 	 Training loss: 0.034669417925179004
[2025-01-17 01:41:04,546] INFO: Iter 33000 Summarn  y: 
[2025-01-17 01:41:04,547] INFO: 	 lr: 1.000000000000002e-05 	 Training loss: 0.034479109980165956
[2025-01-17 01:41:14,203] INFO: Iter 33100 Summarn  y: 
[2025-01-17 01:41:14,203] INFO: 	 lr: 1.000000000000002e-05 	 Training loss: 0.03486290037631989
[2025-01-17 01:41:24,784] INFO: Iter 33200 Summarn  y: 
[2025-01-17 01:41:24,784] INFO: 	 lr: 1.000000000000002e-05 	 Training loss: 0.034828325994312764
[2025-01-17 01:41:35,743] INFO: Iter 33300 Summarn  y: 
[2025-01-17 01:41:35,743] INFO: 	 lr: 1.000000000000002e-05 	 Training loss: 0.034685218185186384
[2025-01-17 01:41:46,440] INFO: Iter 33400 Summarn  y: 
[2025-01-17 01:41:46,440] INFO: 	 lr: 1.000000000000002e-05 	 Training loss: 0.034524533189833166
[2025-01-17 01:41:55,692] INFO: Iter 33500 Summarn  y: 
[2025-01-17 01:41:55,693] INFO: 	 lr: 1.000000000000002e-05 	 Training loss: 0.03471295274794102
[2025-01-17 01:42:04,443] INFO: Iter 33600 Summarn  y: 
[2025-01-17 01:42:04,443] INFO: 	 lr: 1.000000000000002e-05 	 Training loss: 0.03450954841449857
[2025-01-17 01:42:14,146] INFO: Iter 33700 Summarn  y: 
[2025-01-17 01:42:14,146] INFO: 	 lr: 1.000000000000002e-05 	 Training loss: 0.034817324988543986
[2025-01-17 01:42:24,559] INFO: Iter 33800 Summarn  y: 
[2025-01-17 01:42:24,559] INFO: 	 lr: 1.000000000000002e-05 	 Training loss: 0.03470112457871437
[2025-01-17 01:42:35,543] INFO: Iter 33900 Summarn  y: 
[2025-01-17 01:42:35,544] INFO: 	 lr: 1.000000000000002e-05 	 Training loss: 0.03478424280881882
[2025-01-17 01:42:48,202] INFO: Iter 34000 Summarn  y: 
[2025-01-17 01:42:48,203] INFO: 	 lr: 1.000000000000002e-05 	 Training loss: 0.03476230062544346
[2025-01-17 01:43:00,073] INFO: Iter 34100 Summarn  y: 
[2025-01-17 01:43:00,073] INFO: 	 lr: 1.000000000000002e-05 	 Training loss: 0.03460219565778971
[2025-01-17 01:43:08,886] INFO: Iter 34200 Summarn  y: 
[2025-01-17 01:43:08,887] INFO: 	 lr: 1.000000000000002e-05 	 Training loss: 0.03454503860324621
[2025-01-17 01:43:17,929] INFO: Iter 34300 Summarn  y: 
[2025-01-17 01:43:17,929] INFO: 	 lr: 1.000000000000002e-05 	 Training loss: 0.03465146899223328
[2025-01-17 01:43:27,847] INFO: Iter 34400 Summarn  y: 
[2025-01-17 01:43:27,847] INFO: 	 lr: 1.000000000000002e-05 	 Training loss: 0.034726236462593076
[2025-01-17 01:43:37,615] INFO: Iter 34500 Summarn  y: 
[2025-01-17 01:43:37,615] INFO: 	 lr: 1.000000000000002e-05 	 Training loss: 0.03474228523671627
[2025-01-17 01:43:48,518] INFO: Iter 34600 Summarn  y: 
[2025-01-17 01:43:48,518] INFO: 	 lr: 1.000000000000002e-05 	 Training loss: 0.03450765814632177
[2025-01-17 01:43:59,818] INFO: Iter 34700 Summarn  y: 
[2025-01-17 01:43:59,818] INFO: 	 lr: 1.000000000000002e-05 	 Training loss: 0.034317621178925034
[2025-01-17 01:44:09,582] INFO: Iter 34800 Summarn  y: 
[2025-01-17 01:44:09,582] INFO: 	 lr: 1.000000000000002e-05 	 Training loss: 0.03442382410168648
[2025-01-17 01:44:20,073] INFO: Iter 34900 Summarn  y: 
[2025-01-17 01:44:20,074] INFO: 	 lr: 1.000000000000002e-05 	 Training loss: 0.03458838239312172
[2025-01-17 01:44:30,739] INFO: Iter 35000 Summarn  y: 
[2025-01-17 01:44:30,739] INFO: 	 lr: 1.000000000000002e-05 	 Training loss: 0.034533806033432486
[2025-01-17 01:44:41,022] INFO: Iter 35100 Summarn  y: 
[2025-01-17 01:44:41,022] INFO: 	 lr: 1.000000000000002e-05 	 Training loss: 0.034705764912068844
[2025-01-17 01:44:51,914] INFO: Iter 35200 Summarn  y: 
[2025-01-17 01:44:51,915] INFO: 	 lr: 1.000000000000002e-05 	 Training loss: 0.03472212314605713
[2025-01-17 01:45:02,318] INFO: Iter 35300 Summarn  y: 
[2025-01-17 01:45:02,319] INFO: 	 lr: 1.000000000000002e-05 	 Training loss: 0.03463944047689438
[2025-01-17 01:45:13,258] INFO: Iter 35400 Summarn  y: 
[2025-01-17 01:45:13,258] INFO: 	 lr: 1.000000000000002e-05 	 Training loss: 0.03488498091697693
[2025-01-17 01:45:22,691] INFO: Iter 35500 Summarn  y: 
[2025-01-17 01:45:22,691] INFO: 	 lr: 1.000000000000002e-05 	 Training loss: 0.03439593922346831
[2025-01-17 01:45:34,296] INFO: Iter 35600 Summarn  y: 
[2025-01-17 01:45:34,296] INFO: 	 lr: 1.000000000000002e-05 	 Training loss: 0.034530163556337354
[2025-01-17 01:45:45,142] INFO: Iter 35700 Summarn  y: 
[2025-01-17 01:45:45,143] INFO: 	 lr: 1.000000000000002e-05 	 Training loss: 0.03450771560892463
[2025-01-17 01:45:54,608] INFO: Iter 35800 Summarn  y: 
[2025-01-17 01:45:54,608] INFO: 	 lr: 1.000000000000002e-05 	 Training loss: 0.034441151507198814
[2025-01-17 01:46:04,534] INFO: Iter 35900 Summarn  y: 
[2025-01-17 01:46:04,535] INFO: 	 lr: 1.000000000000002e-05 	 Training loss: 0.03448245566338301
[2025-01-17 01:46:16,040] INFO: Iter 36000 Summarn  y: 
[2025-01-17 01:46:16,040] INFO: 	 lr: 1.000000000000002e-05 	 Training loss: 0.034471294432878496
[2025-01-17 01:46:27,351] INFO: Iter 36100 Summarn  y: 
[2025-01-17 01:46:27,352] INFO: 	 lr: 1.000000000000002e-05 	 Training loss: 0.034308861456811425
[2025-01-17 01:46:37,674] INFO: Iter 36200 Summarn  y: 
[2025-01-17 01:46:37,674] INFO: 	 lr: 1.000000000000002e-05 	 Training loss: 0.03479497291147709
[2025-01-17 01:46:48,517] INFO: Iter 36300 Summarn  y: 
[2025-01-17 01:46:48,518] INFO: 	 lr: 1.000000000000002e-05 	 Training loss: 0.03457609660923481
[2025-01-17 01:46:59,049] INFO: Iter 36400 Summarn  y: 
[2025-01-17 01:46:59,049] INFO: 	 lr: 1.000000000000002e-05 	 Training loss: 0.03454846512526274
[2025-01-17 01:47:09,897] INFO: Iter 36500 Summarn  y: 
[2025-01-17 01:47:09,897] INFO: 	 lr: 1.000000000000002e-05 	 Training loss: 0.034584254696965216
[2025-01-17 01:47:21,200] INFO: Iter 36600 Summarn  y: 
[2025-01-17 01:47:21,200] INFO: 	 lr: 1.000000000000002e-05 	 Training loss: 0.034317600801587106
[2025-01-17 01:47:31,942] INFO: Iter 36700 Summarn  y: 
[2025-01-17 01:47:31,942] INFO: 	 lr: 1.000000000000002e-05 	 Training loss: 0.03435165388509631
[2025-01-17 01:47:43,652] INFO: Iter 36800 Summarn  y: 
[2025-01-17 01:47:43,653] INFO: 	 lr: 1.000000000000002e-05 	 Training loss: 0.03449481837451458
[2025-01-17 01:47:54,543] INFO: Iter 36900 Summarn  y: 
[2025-01-17 01:47:54,544] INFO: 	 lr: 1.000000000000002e-05 	 Training loss: 0.03444898936897516
[2025-01-17 01:48:03,121] INFO: Iter 37000 Summarn  y: 
[2025-01-17 01:48:03,121] INFO: 	 lr: 1.000000000000002e-05 	 Training loss: 0.03463870543986559
[2025-01-17 01:48:14,401] INFO: Iter 37100 Summarn  y: 
[2025-01-17 01:48:14,401] INFO: 	 lr: 1.000000000000002e-05 	 Training loss: 0.03446618128567934
[2025-01-17 01:48:24,395] INFO: Iter 37200 Summarn  y: 
[2025-01-17 01:48:24,395] INFO: 	 lr: 1.000000000000002e-05 	 Training loss: 0.034543054029345516
[2025-01-17 01:48:36,043] INFO: Iter 37300 Summarn  y: 
[2025-01-17 01:48:36,043] INFO: 	 lr: 1.000000000000002e-05 	 Training loss: 0.03444128960371017
[2025-01-17 01:48:49,351] INFO: Iter 37400 Summarn  y: 
[2025-01-17 01:48:49,351] INFO: 	 lr: 1.000000000000002e-05 	 Training loss: 0.03422055948525667
[2025-01-17 01:49:01,040] INFO: Iter 37500 Summarn  y: 
[2025-01-17 01:49:01,040] INFO: 	 lr: 1.000000000000002e-05 	 Training loss: 0.03478564254939556
[2025-01-17 01:49:12,014] INFO: Iter 37600 Summarn  y: 
[2025-01-17 01:49:12,014] INFO: 	 lr: 1.000000000000002e-05 	 Training loss: 0.0342670040205121
[2025-01-17 01:49:21,764] INFO: Iter 37700 Summarn  y: 
[2025-01-17 01:49:21,764] INFO: 	 lr: 1.000000000000002e-05 	 Training loss: 0.03450328953564167
[2025-01-17 01:49:32,223] INFO: Iter 37800 Summarn  y: 
[2025-01-17 01:49:32,223] INFO: 	 lr: 1.000000000000002e-05 	 Training loss: 0.034535019844770434
[2025-01-17 01:49:43,018] INFO: Iter 37900 Summarn  y: 
[2025-01-17 01:49:43,019] INFO: 	 lr: 1.000000000000002e-05 	 Training loss: 0.03421469772234559
[2025-01-17 01:49:53,114] INFO: Iter 38000 Summarn  y: 
[2025-01-17 01:49:53,114] INFO: 	 lr: 1.000000000000002e-05 	 Training loss: 0.0343245467543602
[2025-01-17 01:50:05,475] INFO: Iter 38100 Summarn  y: 
[2025-01-17 01:50:05,475] INFO: 	 lr: 1.000000000000002e-05 	 Training loss: 0.03436036609113216
[2025-01-17 01:50:16,198] INFO: Iter 38200 Summarn  y: 
[2025-01-17 01:50:16,198] INFO: 	 lr: 1.000000000000002e-05 	 Training loss: 0.03440752346068621
[2025-01-17 01:50:26,232] INFO: Iter 38300 Summarn  y: 
[2025-01-17 01:50:26,233] INFO: 	 lr: 1.000000000000002e-05 	 Training loss: 0.034368162788450715
[2025-01-17 01:50:36,467] INFO: Iter 38400 Summarn  y: 
[2025-01-17 01:50:36,467] INFO: 	 lr: 1.000000000000002e-05 	 Training loss: 0.03423197923228145
[2025-01-17 01:50:46,459] INFO: Iter 38500 Summarn  y: 
[2025-01-17 01:50:46,459] INFO: 	 lr: 1.000000000000002e-05 	 Training loss: 0.034489561896771194
[2025-01-17 01:50:58,594] INFO: Iter 38600 Summarn  y: 
[2025-01-17 01:50:58,595] INFO: 	 lr: 1.000000000000002e-05 	 Training loss: 0.0343565084412694
[2025-01-17 01:51:08,522] INFO: Iter 38700 Summarn  y: 
[2025-01-17 01:51:08,522] INFO: 	 lr: 1.000000000000002e-05 	 Training loss: 0.03467776641249656
[2025-01-17 01:51:18,874] INFO: Iter 38800 Summarn  y: 
[2025-01-17 01:51:18,875] INFO: 	 lr: 1.000000000000002e-05 	 Training loss: 0.0342255132086575
[2025-01-17 01:51:28,577] INFO: Iter 38900 Summarn  y: 
[2025-01-17 01:51:28,577] INFO: 	 lr: 1.000000000000002e-05 	 Training loss: 0.0344323693588376
[2025-01-17 01:51:38,414] INFO: Iter 39000 Summarn  y: 
[2025-01-17 01:51:38,415] INFO: 	 lr: 1.000000000000002e-05 	 Training loss: 0.034670679569244384
[2025-01-17 01:51:48,262] INFO: Iter 39100 Summarn  y: 
[2025-01-17 01:51:48,263] INFO: 	 lr: 1.000000000000002e-05 	 Training loss: 0.034452641010284425
[2025-01-17 01:51:58,610] INFO: Iter 39200 Summarn  y: 
[2025-01-17 01:51:58,611] INFO: 	 lr: 1.000000000000002e-05 	 Training loss: 0.034347239136695865
[2025-01-17 01:52:08,068] INFO: Iter 39300 Summarn  y: 
[2025-01-17 01:52:08,068] INFO: 	 lr: 1.000000000000002e-05 	 Training loss: 0.03449374135583639
[2025-01-17 01:52:19,494] INFO: Iter 39400 Summarn  y: 
[2025-01-17 01:52:19,495] INFO: 	 lr: 1.000000000000002e-05 	 Training loss: 0.034177524149417875
[2025-01-17 01:52:30,349] INFO: Iter 39500 Summarn  y: 
[2025-01-17 01:52:30,350] INFO: 	 lr: 1.000000000000002e-05 	 Training loss: 0.03420247506350279
[2025-01-17 01:52:41,939] INFO: Iter 39600 Summarn  y: 
[2025-01-17 01:52:41,940] INFO: 	 lr: 1.000000000000002e-05 	 Training loss: 0.03439503889530897
[2025-01-17 01:52:52,913] INFO: Iter 39700 Summarn  y: 
[2025-01-17 01:52:52,913] INFO: 	 lr: 1.000000000000002e-05 	 Training loss: 0.03447130626067519
[2025-01-17 01:53:02,746] INFO: Iter 39800 Summarn  y: 
[2025-01-17 01:53:02,746] INFO: 	 lr: 1.000000000000002e-05 	 Training loss: 0.03447454150766134
[2025-01-17 01:53:11,053] INFO: Iter 39900 Summarn  y: 
[2025-01-17 01:53:11,053] INFO: 	 lr: 1.000000000000002e-05 	 Training loss: 0.03420548480004072
[2025-01-17 01:53:20,442] INFO: Iter 40000 Summarn  y: 
[2025-01-17 01:53:20,443] INFO: 	 lr: 1.000000000000002e-05 	 Training loss: 0.034553278144448994
[2025-01-17 01:53:34,561] INFO: Iter 40100 Summarn  y: 
[2025-01-17 01:53:34,562] INFO: 	 lr: 1.000000000000002e-05 	 Training loss: 0.03449606467038393
[2025-01-17 01:53:43,948] INFO: Iter 40200 Summarn  y: 
[2025-01-17 01:53:43,949] INFO: 	 lr: 1.000000000000002e-05 	 Training loss: 0.03464853923767805
[2025-01-17 01:53:54,267] INFO: Iter 40300 Summarn  y: 
[2025-01-17 01:53:54,267] INFO: 	 lr: 1.000000000000002e-05 	 Training loss: 0.03434578293934464
[2025-01-17 01:54:04,092] INFO: Iter 40400 Summarn  y: 
[2025-01-17 01:54:04,092] INFO: 	 lr: 1.000000000000002e-05 	 Training loss: 0.034166247807443144
[2025-01-17 01:54:13,166] INFO: Iter 40500 Summarn  y: 
[2025-01-17 01:54:13,167] INFO: 	 lr: 1.000000000000002e-05 	 Training loss: 0.03450277265161276
[2025-01-17 01:54:23,837] INFO: Iter 40600 Summarn  y: 
[2025-01-17 01:54:23,837] INFO: 	 lr: 1.000000000000002e-05 	 Training loss: 0.03430321082472801
[2025-01-17 01:54:35,048] INFO: Iter 40700 Summarn  y: 
[2025-01-17 01:54:35,048] INFO: 	 lr: 1.000000000000002e-05 	 Training loss: 0.03432863565161824
[2025-01-17 01:54:46,977] INFO: Iter 40800 Summarn  y: 
[2025-01-17 01:54:46,978] INFO: 	 lr: 1.000000000000002e-05 	 Training loss: 0.034274397008121016
[2025-01-17 01:54:58,427] INFO: Iter 40900 Summarn  y: 
[2025-01-17 01:54:58,427] INFO: 	 lr: 1.000000000000002e-05 	 Training loss: 0.03414314797148108
[2025-01-17 01:55:10,042] INFO: Iter 41000 Summarn  y: 
[2025-01-17 01:55:10,042] INFO: 	 lr: 1.000000000000002e-05 	 Training loss: 0.0344036540389061
[2025-01-17 01:55:20,877] INFO: Iter 41100 Summarn  y: 
[2025-01-17 01:55:20,877] INFO: 	 lr: 1.000000000000002e-05 	 Training loss: 0.03418986920267344
[2025-01-17 01:55:31,591] INFO: Iter 41200 Summarn  y: 
[2025-01-17 01:55:31,592] INFO: 	 lr: 1.000000000000002e-05 	 Training loss: 0.03469428244978189
[2025-01-17 01:55:42,903] INFO: Iter 41300 Summarn  y: 
[2025-01-17 01:55:42,903] INFO: 	 lr: 1.000000000000002e-05 	 Training loss: 0.03432845950126648
[2025-01-17 01:55:55,235] INFO: Iter 41400 Summarn  y: 
[2025-01-17 01:55:55,235] INFO: 	 lr: 1.000000000000002e-05 	 Training loss: 0.03421673059463501
[2025-01-17 01:56:07,364] INFO: Iter 41500 Summarn  y: 
[2025-01-17 01:56:07,365] INFO: 	 lr: 1.000000000000002e-05 	 Training loss: 0.034298956617712976
[2025-01-17 01:56:17,734] INFO: Iter 41600 Summarn  y: 
[2025-01-17 01:56:17,735] INFO: 	 lr: 1.000000000000002e-05 	 Training loss: 0.03399034282192588
[2025-01-17 01:56:27,990] INFO: Iter 41700 Summarn  y: 
[2025-01-17 01:56:27,991] INFO: 	 lr: 1.000000000000002e-05 	 Training loss: 0.03429567713290453
[2025-01-17 01:56:38,417] INFO: Iter 41800 Summarn  y: 
[2025-01-17 01:56:38,418] INFO: 	 lr: 1.000000000000002e-05 	 Training loss: 0.034408515486866235
[2025-01-17 01:56:48,165] INFO: Iter 41900 Summarn  y: 
[2025-01-17 01:56:48,165] INFO: 	 lr: 1.000000000000002e-05 	 Training loss: 0.034326318949460984
[2025-01-17 01:56:58,834] INFO: Iter 42000 Summarn  y: 
[2025-01-17 01:56:58,834] INFO: 	 lr: 1.000000000000002e-05 	 Training loss: 0.034313708953559396
[2025-01-17 01:57:13,755] INFO: Iter 42100 Summarn  y: 
[2025-01-17 01:57:13,756] INFO: 	 lr: 1.000000000000002e-05 	 Training loss: 0.03419005010277033
[2025-01-17 01:57:24,285] INFO: Iter 42200 Summarn  y: 
[2025-01-17 01:57:24,285] INFO: 	 lr: 1.000000000000002e-05 	 Training loss: 0.03425284136086702
[2025-01-17 01:57:35,274] INFO: Iter 42300 Summarn  y: 
[2025-01-17 01:57:35,274] INFO: 	 lr: 1.000000000000002e-05 	 Training loss: 0.034157822225242856
[2025-01-17 01:57:45,699] INFO: Iter 42400 Summarn  y: 
[2025-01-17 01:57:45,699] INFO: 	 lr: 1.000000000000002e-05 	 Training loss: 0.03433230005204677
[2025-01-17 01:57:56,394] INFO: Iter 42500 Summarn  y: 
[2025-01-17 01:57:56,394] INFO: 	 lr: 1.000000000000002e-05 	 Training loss: 0.03437663126736879
[2025-01-17 01:58:06,980] INFO: Iter 42600 Summarn  y: 
[2025-01-17 01:58:06,980] INFO: 	 lr: 1.000000000000002e-05 	 Training loss: 0.03430041812360287
[2025-01-17 01:58:18,516] INFO: Iter 42700 Summarn  y: 
[2025-01-17 01:58:18,516] INFO: 	 lr: 1.000000000000002e-05 	 Training loss: 0.03434799067676067
[2025-01-17 01:58:30,652] INFO: Iter 42800 Summarn  y: 
[2025-01-17 01:58:30,653] INFO: 	 lr: 1.000000000000002e-05 	 Training loss: 0.034268894903361796
[2025-01-17 01:58:40,351] INFO: Iter 42900 Summarn  y: 
[2025-01-17 01:58:40,352] INFO: 	 lr: 1.000000000000002e-05 	 Training loss: 0.03421388398855925
[2025-01-17 01:58:52,553] INFO: Iter 43000 Summarn  y: 
[2025-01-17 01:58:52,553] INFO: 	 lr: 1.000000000000002e-05 	 Training loss: 0.034407658278942106
[2025-01-17 01:59:04,036] INFO: Iter 43100 Summarn  y: 
[2025-01-17 01:59:04,037] INFO: 	 lr: 1.000000000000002e-05 	 Training loss: 0.034133230485022065
[2025-01-17 01:59:15,457] INFO: Iter 43200 Summarn  y: 
[2025-01-17 01:59:15,457] INFO: 	 lr: 1.000000000000002e-05 	 Training loss: 0.03421393092721701
[2025-01-17 01:59:26,525] INFO: Iter 43300 Summarn  y: 
[2025-01-17 01:59:26,525] INFO: 	 lr: 1.000000000000002e-05 	 Training loss: 0.03425400234758854
[2025-01-17 01:59:38,074] INFO: Iter 43400 Summarn  y: 
[2025-01-17 01:59:38,074] INFO: 	 lr: 1.000000000000002e-05 	 Training loss: 0.0344240996055305
[2025-01-17 01:59:49,410] INFO: Iter 43500 Summarn  y: 
[2025-01-17 01:59:49,411] INFO: 	 lr: 1.000000000000002e-05 	 Training loss: 0.034126435983926055
[2025-01-17 01:59:59,249] INFO: Iter 43600 Summarn  y: 
[2025-01-17 01:59:59,249] INFO: 	 lr: 1.000000000000002e-05 	 Training loss: 0.034286006055772304
[2025-01-17 02:00:11,006] INFO: Iter 43700 Summarn  y: 
[2025-01-17 02:00:11,006] INFO: 	 lr: 1.000000000000002e-05 	 Training loss: 0.03417461019009352
[2025-01-17 02:00:23,223] INFO: Iter 43800 Summarn  y: 
[2025-01-17 02:00:23,223] INFO: 	 lr: 1.000000000000002e-05 	 Training loss: 0.03434817105531693
[2025-01-17 02:00:33,494] INFO: Iter 43900 Summarn  y: 
[2025-01-17 02:00:33,494] INFO: 	 lr: 1.000000000000002e-05 	 Training loss: 0.03420191295444965
[2025-01-17 02:00:43,602] INFO: Iter 44000 Summarn  y: 
[2025-01-17 02:00:43,602] INFO: 	 lr: 1.000000000000002e-05 	 Training loss: 0.03425685927271843
[2025-01-17 02:00:56,170] INFO: Iter 44100 Summarn  y: 
[2025-01-17 02:00:56,170] INFO: 	 lr: 1.000000000000002e-05 	 Training loss: 0.03426468014717102
[2025-01-17 02:01:07,727] INFO: Iter 44200 Summarn  y: 
[2025-01-17 02:01:07,727] INFO: 	 lr: 1.000000000000002e-05 	 Training loss: 0.03425877194851637
[2025-01-17 02:01:17,484] INFO: Iter 44300 Summarn  y: 
[2025-01-17 02:01:17,484] INFO: 	 lr: 1.000000000000002e-05 	 Training loss: 0.0343784886226058
[2025-01-17 02:01:27,571] INFO: Iter 44400 Summarn  y: 
[2025-01-17 02:01:27,571] INFO: 	 lr: 1.000000000000002e-05 	 Training loss: 0.03442540928721428
[2025-01-17 02:01:37,867] INFO: Iter 44500 Summarn  y: 
[2025-01-17 02:01:37,868] INFO: 	 lr: 1.000000000000002e-05 	 Training loss: 0.03423387851566076
[2025-01-17 02:01:48,107] INFO: Iter 44600 Summarn  y: 
[2025-01-17 02:01:48,107] INFO: 	 lr: 1.000000000000002e-05 	 Training loss: 0.03411405324935913
[2025-01-17 02:01:58,683] INFO: Iter 44700 Summarn  y: 
[2025-01-17 02:01:58,683] INFO: 	 lr: 1.000000000000002e-05 	 Training loss: 0.03439497523009777
[2025-01-17 02:02:08,315] INFO: Iter 44800 Summarn  y: 
[2025-01-17 02:02:08,315] INFO: 	 lr: 1.000000000000002e-05 	 Training loss: 0.03402458574622869
[2025-01-17 02:02:19,219] INFO: Iter 44900 Summarn  y: 
[2025-01-17 02:02:19,220] INFO: 	 lr: 1.000000000000002e-05 	 Training loss: 0.03422525282949209
[2025-01-17 02:02:31,033] INFO: Iter 45000 Summarn  y: 
[2025-01-17 02:02:31,034] INFO: 	 lr: 1.000000000000002e-05 	 Training loss: 0.03412313114851713
[2025-01-17 02:02:41,245] INFO: Iter 45100 Summarn  y: 
[2025-01-17 02:02:41,245] INFO: 	 lr: 1.000000000000002e-05 	 Training loss: 0.03417362578213215
[2025-01-17 02:02:52,534] INFO: Iter 45200 Summarn  y: 
[2025-01-17 02:02:52,534] INFO: 	 lr: 1.000000000000002e-05 	 Training loss: 0.034262812696397305
[2025-01-17 02:03:03,491] INFO: Iter 45300 Summarn  y: 
[2025-01-17 02:03:03,491] INFO: 	 lr: 1.000000000000002e-05 	 Training loss: 0.03425032995641231
[2025-01-17 02:03:14,607] INFO: Iter 45400 Summarn  y: 
[2025-01-17 02:03:14,607] INFO: 	 lr: 1.000000000000002e-05 	 Training loss: 0.03421427562832832
[2025-01-17 02:03:25,312] INFO: Iter 45500 Summarn  y: 
[2025-01-17 02:03:25,312] INFO: 	 lr: 1.000000000000002e-05 	 Training loss: 0.0341232568770647
[2025-01-17 02:03:35,541] INFO: Iter 45600 Summarn  y: 
[2025-01-17 02:03:35,541] INFO: 	 lr: 1.000000000000002e-05 	 Training loss: 0.03427337925881147
[2025-01-17 02:03:46,418] INFO: Iter 45700 Summarn  y: 
[2025-01-17 02:03:46,419] INFO: 	 lr: 1.000000000000002e-05 	 Training loss: 0.034024469740688804
[2025-01-17 02:03:59,733] INFO: Iter 45800 Summarn  y: 
[2025-01-17 02:03:59,734] INFO: 	 lr: 1.000000000000002e-05 	 Training loss: 0.03406400494277477
[2025-01-17 02:04:09,349] INFO: Iter 45900 Summarn  y: 
[2025-01-17 02:04:09,349] INFO: 	 lr: 1.000000000000002e-05 	 Training loss: 0.03409786533564329
[2025-01-17 02:04:18,220] INFO: Iter 46000 Summarn  y: 
[2025-01-17 02:04:18,220] INFO: 	 lr: 1.000000000000002e-05 	 Training loss: 0.03422994457185268
[2025-01-17 02:04:32,074] INFO: Iter 46100 Summarn  y: 
[2025-01-17 02:04:32,075] INFO: 	 lr: 1.000000000000002e-05 	 Training loss: 0.0343199236318469
[2025-01-17 02:04:43,315] INFO: Iter 46200 Summarn  y: 
[2025-01-17 02:04:43,315] INFO: 	 lr: 1.000000000000002e-05 	 Training loss: 0.03427230805158615
[2025-01-17 02:04:54,055] INFO: Iter 46300 Summarn  y: 
[2025-01-17 02:04:54,056] INFO: 	 lr: 1.000000000000002e-05 	 Training loss: 0.03424387710168958
[2025-01-17 02:05:03,743] INFO: Iter 46400 Summarn  y: 
[2025-01-17 02:05:03,743] INFO: 	 lr: 1.000000000000002e-05 	 Training loss: 0.03405832372605801
[2025-01-17 02:05:14,329] INFO: Iter 46500 Summarn  y: 
[2025-01-17 02:05:14,329] INFO: 	 lr: 1.000000000000002e-05 	 Training loss: 0.034205551631748675
[2025-01-17 02:05:25,117] INFO: Iter 46600 Summarn  y: 
[2025-01-17 02:05:25,118] INFO: 	 lr: 1.000000000000002e-05 	 Training loss: 0.03427713416516781
[2025-01-17 02:05:35,565] INFO: Iter 46700 Summarn  y: 
[2025-01-17 02:05:35,565] INFO: 	 lr: 1.000000000000002e-05 	 Training loss: 0.03410721272230148
[2025-01-17 02:05:47,207] INFO: Iter 46800 Summarn  y: 
[2025-01-17 02:05:47,207] INFO: 	 lr: 1.000000000000002e-05 	 Training loss: 0.03404211815446615
[2025-01-17 02:05:58,294] INFO: Iter 46900 Summarn  y: 
[2025-01-17 02:05:58,294] INFO: 	 lr: 1.000000000000002e-05 	 Training loss: 0.03418583331629634
[2025-01-17 02:06:08,996] INFO: Iter 47000 Summarn  y: 
[2025-01-17 02:06:08,996] INFO: 	 lr: 1.000000000000002e-05 	 Training loss: 0.0342547869682312
[2025-01-17 02:06:19,059] INFO: Iter 47100 Summarn  y: 
[2025-01-17 02:06:19,059] INFO: 	 lr: 1.000000000000002e-05 	 Training loss: 0.034305236227810385
[2025-01-17 02:06:29,754] INFO: Iter 47200 Summarn  y: 
[2025-01-17 02:06:29,755] INFO: 	 lr: 1.000000000000002e-05 	 Training loss: 0.03425340287387371
[2025-01-17 02:06:40,976] INFO: Iter 47300 Summarn  y: 
[2025-01-17 02:06:40,976] INFO: 	 lr: 1.000000000000002e-05 	 Training loss: 0.03422384988516569
[2025-01-17 02:06:51,159] INFO: Iter 47400 Summarn  y: 
[2025-01-17 02:06:51,160] INFO: 	 lr: 1.000000000000002e-05 	 Training loss: 0.033991719447076324
[2025-01-17 02:07:01,018] INFO: Iter 47500 Summarn  y: 
[2025-01-17 02:07:01,019] INFO: 	 lr: 1.000000000000002e-05 	 Training loss: 0.03421244759112597
[2025-01-17 02:07:13,424] INFO: Iter 47600 Summarn  y: 
[2025-01-17 02:07:13,425] INFO: 	 lr: 1.000000000000002e-05 	 Training loss: 0.033913363963365556
[2025-01-17 02:07:24,493] INFO: Iter 47700 Summarn  y: 
[2025-01-17 02:07:24,493] INFO: 	 lr: 1.000000000000002e-05 	 Training loss: 0.03389588968828321
[2025-01-17 02:07:34,525] INFO: Iter 47800 Summarn  y: 
[2025-01-17 02:07:34,526] INFO: 	 lr: 1.000000000000002e-05 	 Training loss: 0.03408749599009752
[2025-01-17 02:07:45,828] INFO: Iter 47900 Summarn  y: 
[2025-01-17 02:07:45,828] INFO: 	 lr: 1.000000000000002e-05 	 Training loss: 0.03430383872240782
[2025-01-17 02:07:57,040] INFO: Iter 48000 Summarn  y: 
[2025-01-17 02:07:57,041] INFO: 	 lr: 1.000000000000002e-05 	 Training loss: 0.03438408613204956
[2025-01-17 02:08:10,196] INFO: Iter 48100 Summarn  y: 
[2025-01-17 02:08:10,196] INFO: 	 lr: 1.000000000000002e-05 	 Training loss: 0.0341538742184639
[2025-01-17 02:08:22,281] INFO: Iter 48200 Summarn  y: 
[2025-01-17 02:08:22,281] INFO: 	 lr: 1.000000000000002e-05 	 Training loss: 0.03402638666331768
[2025-01-17 02:08:35,910] INFO: Iter 48300 Summarn  y: 
[2025-01-17 02:08:35,911] INFO: 	 lr: 1.000000000000002e-05 	 Training loss: 0.03420137610286474
[2025-01-17 02:08:45,378] INFO: Iter 48400 Summarn  y: 
[2025-01-17 02:08:45,378] INFO: 	 lr: 1.000000000000002e-05 	 Training loss: 0.03418757693842053
[2025-01-17 02:08:55,806] INFO: Iter 48500 Summarn  y: 
[2025-01-17 02:08:55,806] INFO: 	 lr: 1.000000000000002e-05 	 Training loss: 0.03406182859092951
[2025-01-17 02:09:06,351] INFO: Iter 48600 Summarn  y: 
[2025-01-17 02:09:06,351] INFO: 	 lr: 1.000000000000002e-05 	 Training loss: 0.03392015842720866
[2025-01-17 02:09:17,220] INFO: Iter 48700 Summarn  y: 
[2025-01-17 02:09:17,220] INFO: 	 lr: 1.000000000000002e-05 	 Training loss: 0.03420671666041017
[2025-01-17 02:09:27,486] INFO: Iter 48800 Summarn  y: 
[2025-01-17 02:09:27,486] INFO: 	 lr: 1.000000000000002e-05 	 Training loss: 0.0340727855451405
[2025-01-17 02:09:40,868] INFO: Iter 48900 Summarn  y: 
[2025-01-17 02:09:40,868] INFO: 	 lr: 1.000000000000002e-05 	 Training loss: 0.03413978410884738
[2025-01-17 02:09:50,433] INFO: Iter 49000 Summarn  y: 
[2025-01-17 02:09:50,434] INFO: 	 lr: 1.000000000000002e-05 	 Training loss: 0.03414893381297588
[2025-01-17 02:10:01,935] INFO: Iter 49100 Summarn  y: 
[2025-01-17 02:10:01,935] INFO: 	 lr: 1.000000000000002e-05 	 Training loss: 0.0340521789714694
[2025-01-17 02:10:12,534] INFO: Iter 49200 Summarn  y: 
[2025-01-17 02:10:12,535] INFO: 	 lr: 1.000000000000002e-05 	 Training loss: 0.03426063012331724
[2025-01-17 02:10:24,296] INFO: Iter 49300 Summarn  y: 
[2025-01-17 02:10:24,296] INFO: 	 lr: 1.000000000000002e-05 	 Training loss: 0.03411548221483827
[2025-01-17 02:10:36,530] INFO: Iter 49400 Summarn  y: 
[2025-01-17 02:10:36,530] INFO: 	 lr: 1.000000000000002e-05 	 Training loss: 0.03398069974035025
[2025-01-17 02:10:46,905] INFO: Iter 49500 Summarn  y: 
[2025-01-17 02:10:46,905] INFO: 	 lr: 1.000000000000002e-05 	 Training loss: 0.0339977265894413
[2025-01-17 02:10:58,279] INFO: Iter 49600 Summarn  y: 
[2025-01-17 02:10:58,279] INFO: 	 lr: 1.000000000000002e-05 	 Training loss: 0.03396106004714966
[2025-01-17 02:11:09,852] INFO: Iter 49700 Summarn  y: 
[2025-01-17 02:11:09,852] INFO: 	 lr: 1.000000000000002e-05 	 Training loss: 0.03396796084940434
[2025-01-17 02:11:21,510] INFO: Iter 49800 Summarn  y: 
[2025-01-17 02:11:21,511] INFO: 	 lr: 1.000000000000002e-05 	 Training loss: 0.034124879874289034
[2025-01-17 02:11:31,625] INFO: Iter 49900 Summarn  y: 
[2025-01-17 02:11:31,626] INFO: 	 lr: 1.000000000000002e-05 	 Training loss: 0.03420694256201386
[2025-01-17 02:11:42,149] INFO: Iter 50000 Summarn  y: 
[2025-01-17 02:11:42,149] INFO: 	 lr: 1.000000000000002e-05 	 Training loss: 0.0339986602216959
[2025-01-17 02:11:56,518] INFO: Iter 50100 Summarn  y: 
[2025-01-17 02:11:56,518] INFO: 	 lr: 1.000000000000002e-05 	 Training loss: 0.034063272587954996
[2025-01-17 02:12:08,008] INFO: Iter 50200 Summarn  y: 
[2025-01-17 02:12:08,008] INFO: 	 lr: 1.000000000000002e-05 	 Training loss: 0.03409481376409531
[2025-01-17 02:12:20,661] INFO: Iter 50300 Summarn  y: 
[2025-01-17 02:12:20,661] INFO: 	 lr: 1.000000000000002e-05 	 Training loss: 0.0342891831509769
[2025-01-17 02:12:30,999] INFO: Iter 50400 Summarn  y: 
[2025-01-17 02:12:31,000] INFO: 	 lr: 1.000000000000002e-05 	 Training loss: 0.034129102155566214
[2025-01-17 02:12:41,662] INFO: Iter 50500 Summarn  y: 
[2025-01-17 02:12:41,662] INFO: 	 lr: 1.000000000000002e-05 	 Training loss: 0.034199816025793556
[2025-01-17 02:12:52,583] INFO: Iter 50600 Summarn  y: 
[2025-01-17 02:12:52,583] INFO: 	 lr: 1.000000000000002e-05 	 Training loss: 0.03393421050161123
[2025-01-17 02:13:02,460] INFO: Iter 50700 Summarn  y: 
[2025-01-17 02:13:02,461] INFO: 	 lr: 1.000000000000002e-05 	 Training loss: 0.03424979455769062
[2025-01-17 02:13:12,489] INFO: Iter 50800 Summarn  y: 
[2025-01-17 02:13:12,489] INFO: 	 lr: 1.000000000000002e-05 	 Training loss: 0.0340765817463398
[2025-01-17 02:13:23,141] INFO: Iter 50900 Summarn  y: 
[2025-01-17 02:13:23,142] INFO: 	 lr: 1.000000000000002e-05 	 Training loss: 0.03401356413960457
[2025-01-17 02:13:33,800] INFO: Iter 51000 Summarn  y: 
[2025-01-17 02:13:33,801] INFO: 	 lr: 1.000000000000002e-05 	 Training loss: 0.03410801868885756
[2025-01-17 02:13:44,313] INFO: Iter 51100 Summarn  y: 
[2025-01-17 02:13:44,313] INFO: 	 lr: 1.000000000000002e-05 	 Training loss: 0.0339760023728013
[2025-01-17 02:13:55,295] INFO: Iter 51200 Summarn  y: 
[2025-01-17 02:13:55,295] INFO: 	 lr: 1.000000000000002e-05 	 Training loss: 0.034030284956097605
[2025-01-17 02:14:06,244] INFO: Iter 51300 Summarn  y: 
[2025-01-17 02:14:06,244] INFO: 	 lr: 1.000000000000002e-05 	 Training loss: 0.03412065718322992
[2025-01-17 02:14:15,877] INFO: Iter 51400 Summarn  y: 
[2025-01-17 02:14:15,878] INFO: 	 lr: 1.000000000000002e-05 	 Training loss: 0.033992310613393785
[2025-01-17 02:14:25,730] INFO: Iter 51500 Summarn  y: 
[2025-01-17 02:14:25,731] INFO: 	 lr: 1.000000000000002e-05 	 Training loss: 0.03408053066581487
[2025-01-17 02:14:36,404] INFO: Iter 51600 Summarn  y: 
[2025-01-17 02:14:36,404] INFO: 	 lr: 1.000000000000002e-05 	 Training loss: 0.034200855940580366
[2025-01-17 02:14:48,299] INFO: Iter 51700 Summarn  y: 
[2025-01-17 02:14:48,299] INFO: 	 lr: 1.000000000000002e-05 	 Training loss: 0.033979543782770634
[2025-01-17 02:14:59,063] INFO: Iter 51800 Summarn  y: 
[2025-01-17 02:14:59,063] INFO: 	 lr: 1.000000000000002e-05 	 Training loss: 0.03406392764300108
[2025-01-17 02:15:10,185] INFO: Iter 51900 Summarn  y: 
[2025-01-17 02:15:10,185] INFO: 	 lr: 1.000000000000002e-05 	 Training loss: 0.034022013433277605
[2025-01-17 02:15:19,136] INFO: Iter 52000 Summarn  y: 
[2025-01-17 02:15:19,136] INFO: 	 lr: 1.000000000000002e-05 	 Training loss: 0.033978253789246085
[2025-01-17 02:15:30,619] INFO: Iter 52100 Summarn  y: 
[2025-01-17 02:15:30,619] INFO: 	 lr: 1.000000000000002e-05 	 Training loss: 0.03405007172375917
[2025-01-17 02:15:41,651] INFO: Iter 52200 Summarn  y: 
[2025-01-17 02:15:41,652] INFO: 	 lr: 1.000000000000002e-05 	 Training loss: 0.033993446063250304
[2025-01-17 02:15:52,357] INFO: Iter 52300 Summarn  y: 
[2025-01-17 02:15:52,357] INFO: 	 lr: 1.000000000000002e-05 	 Training loss: 0.03414506711065769
[2025-01-17 02:16:03,155] INFO: Iter 52400 Summarn  y: 
[2025-01-17 02:16:03,155] INFO: 	 lr: 1.000000000000002e-05 	 Training loss: 0.03376269552856684
[2025-01-17 02:16:13,682] INFO: Iter 52500 Summarn  y: 
[2025-01-17 02:16:13,684] INFO: 	 lr: 1.000000000000002e-05 	 Training loss: 0.033916424326598645
[2025-01-17 02:16:22,991] INFO: Iter 52600 Summarn  y: 
[2025-01-17 02:16:22,992] INFO: 	 lr: 1.000000000000002e-05 	 Training loss: 0.034003126826137306
[2025-01-17 02:16:32,851] INFO: Iter 52700 Summarn  y: 
[2025-01-17 02:16:32,851] INFO: 	 lr: 1.000000000000002e-05 	 Training loss: 0.033969105742871764
[2025-01-17 02:16:42,890] INFO: Iter 52800 Summarn  y: 
[2025-01-17 02:16:42,890] INFO: 	 lr: 1.000000000000002e-05 	 Training loss: 0.03413334898650646
[2025-01-17 02:16:52,405] INFO: Iter 52900 Summarn  y: 
[2025-01-17 02:16:52,405] INFO: 	 lr: 1.000000000000002e-05 	 Training loss: 0.034080413710325955
[2025-01-17 02:17:04,217] INFO: Iter 53000 Summarn  y: 
[2025-01-17 02:17:04,218] INFO: 	 lr: 1.000000000000002e-05 	 Training loss: 0.03428742624819279
[2025-01-17 02:17:14,722] INFO: Iter 53100 Summarn  y: 
[2025-01-17 02:17:14,722] INFO: 	 lr: 1.000000000000002e-05 	 Training loss: 0.03395600100979209
[2025-01-17 02:17:25,859] INFO: Iter 53200 Summarn  y: 
[2025-01-17 02:17:25,859] INFO: 	 lr: 1.000000000000002e-05 	 Training loss: 0.03402396343648434
[2025-01-17 02:17:36,148] INFO: Iter 53300 Summarn  y: 
[2025-01-17 02:17:36,148] INFO: 	 lr: 1.000000000000002e-05 	 Training loss: 0.03402440246194601
[2025-01-17 02:17:46,960] INFO: Iter 53400 Summarn  y: 
[2025-01-17 02:17:46,960] INFO: 	 lr: 1.000000000000002e-05 	 Training loss: 0.033959378898143766
[2025-01-17 02:17:57,259] INFO: Iter 53500 Summarn  y: 
[2025-01-17 02:17:57,259] INFO: 	 lr: 1.000000000000002e-05 	 Training loss: 0.03409394040703773
[2025-01-17 02:18:07,811] INFO: Iter 53600 Summarn  y: 
[2025-01-17 02:18:07,812] INFO: 	 lr: 1.000000000000002e-05 	 Training loss: 0.03412092808634043
[2025-01-17 02:18:20,177] INFO: Iter 53700 Summarn  y: 
[2025-01-17 02:18:20,177] INFO: 	 lr: 1.000000000000002e-05 	 Training loss: 0.03398741755634546
[2025-01-17 02:18:30,783] INFO: Iter 53800 Summarn  y: 
[2025-01-17 02:18:30,784] INFO: 	 lr: 1.000000000000002e-05 	 Training loss: 0.03396100491285324
[2025-01-17 02:18:42,237] INFO: Iter 53900 Summarn  y: 
[2025-01-17 02:18:42,238] INFO: 	 lr: 1.000000000000002e-05 	 Training loss: 0.034107747226953505
[2025-01-17 02:18:54,180] INFO: Iter 54000 Summarn  y: 
[2025-01-17 02:18:54,181] INFO: 	 lr: 1.000000000000002e-05 	 Training loss: 0.033922796063125135
[2025-01-17 02:19:06,131] INFO: Iter 54100 Summarn  y: 
[2025-01-17 02:19:06,132] INFO: 	 lr: 1.000000000000002e-05 	 Training loss: 0.034170427918434144
[2025-01-17 02:19:16,125] INFO: Iter 54200 Summarn  y: 
[2025-01-17 02:19:16,125] INFO: 	 lr: 1.000000000000002e-05 	 Training loss: 0.03401309262961149
[2025-01-17 02:19:26,719] INFO: Iter 54300 Summarn  y: 
[2025-01-17 02:19:26,719] INFO: 	 lr: 1.000000000000002e-05 	 Training loss: 0.034087531194090845
[2025-01-17 02:19:36,755] INFO: Iter 54400 Summarn  y: 
[2025-01-17 02:19:36,755] INFO: 	 lr: 1.000000000000002e-05 	 Training loss: 0.033890855684876445
[2025-01-17 02:19:47,820] INFO: Iter 54500 Summarn  y: 
[2025-01-17 02:19:47,821] INFO: 	 lr: 1.000000000000002e-05 	 Training loss: 0.03392852116376162
[2025-01-17 02:19:58,816] INFO: Iter 54600 Summarn  y: 
[2025-01-17 02:19:58,816] INFO: 	 lr: 1.000000000000002e-05 	 Training loss: 0.03405579309910536
[2025-01-17 02:20:09,602] INFO: Iter 54700 Summarn  y: 
[2025-01-17 02:20:09,602] INFO: 	 lr: 1.000000000000002e-05 	 Training loss: 0.0339944414421916
[2025-01-17 02:20:19,585] INFO: Iter 54800 Summarn  y: 
[2025-01-17 02:20:19,586] INFO: 	 lr: 1.000000000000002e-05 	 Training loss: 0.03381842561066151
[2025-01-17 02:20:30,223] INFO: Iter 54900 Summarn  y: 
[2025-01-17 02:20:30,224] INFO: 	 lr: 1.000000000000002e-05 	 Training loss: 0.03414605360478163
[2025-01-17 02:20:41,324] INFO: Iter 55000 Summarn  y: 
[2025-01-17 02:20:41,325] INFO: 	 lr: 1.000000000000002e-05 	 Training loss: 0.03412939528003335
[2025-01-17 02:20:52,489] INFO: Iter 55100 Summarn  y: 
[2025-01-17 02:20:52,489] INFO: 	 lr: 1.000000000000002e-05 	 Training loss: 0.03395955309271812
[2025-01-17 02:21:02,887] INFO: Iter 55200 Summarn  y: 
[2025-01-17 02:21:02,887] INFO: 	 lr: 1.000000000000002e-05 	 Training loss: 0.03383179847151041
[2025-01-17 02:21:14,958] INFO: Iter 55300 Summarn  y: 
[2025-01-17 02:21:14,958] INFO: 	 lr: 1.000000000000002e-05 	 Training loss: 0.03400171851739287
[2025-01-17 02:21:24,631] INFO: Iter 55400 Summarn  y: 
[2025-01-17 02:21:24,631] INFO: 	 lr: 1.000000000000002e-05 	 Training loss: 0.034015045948326585
[2025-01-17 02:21:35,630] INFO: Iter 55500 Summarn  y: 
[2025-01-17 02:21:35,630] INFO: 	 lr: 1.000000000000002e-05 	 Training loss: 0.033973884545266626
[2025-01-17 02:21:46,509] INFO: Iter 55600 Summarn  y: 
[2025-01-17 02:21:46,509] INFO: 	 lr: 1.000000000000002e-05 	 Training loss: 0.03385419800877571
[2025-01-17 02:21:57,832] INFO: Iter 55700 Summarn  y: 
[2025-01-17 02:21:57,832] INFO: 	 lr: 1.000000000000002e-05 	 Training loss: 0.03385118981823325
[2025-01-17 02:22:08,062] INFO: Iter 55800 Summarn  y: 
[2025-01-17 02:22:08,062] INFO: 	 lr: 1.000000000000002e-05 	 Training loss: 0.03409794703125954
[2025-01-17 02:22:19,143] INFO: Iter 55900 Summarn  y: 
[2025-01-17 02:22:19,143] INFO: 	 lr: 1.000000000000002e-05 	 Training loss: 0.03406035665422678
[2025-01-17 02:22:29,311] INFO: Iter 56000 Summarn  y: 
[2025-01-17 02:22:29,311] INFO: 	 lr: 1.000000000000002e-05 	 Training loss: 0.03414784340187907
[2025-01-17 02:22:41,338] INFO: Iter 56100 Summarn  y: 
[2025-01-17 02:22:41,339] INFO: 	 lr: 1.000000000000002e-05 	 Training loss: 0.03380531176924705
[2025-01-17 02:22:52,408] INFO: Iter 56200 Summarn  y: 
[2025-01-17 02:22:52,408] INFO: 	 lr: 1.000000000000002e-05 	 Training loss: 0.03406817764043808
[2025-01-17 02:23:03,219] INFO: Iter 56300 Summarn  y: 
[2025-01-17 02:23:03,219] INFO: 	 lr: 1.000000000000002e-05 	 Training loss: 0.03363911861553788
[2025-01-17 02:23:15,231] INFO: Iter 56400 Summarn  y: 
[2025-01-17 02:23:15,232] INFO: 	 lr: 1.000000000000002e-05 	 Training loss: 0.033700867611914875
[2025-01-17 02:23:26,230] INFO: Iter 56500 Summarn  y: 
[2025-01-17 02:23:26,230] INFO: 	 lr: 1.000000000000002e-05 	 Training loss: 0.0339456826262176
[2025-01-17 02:23:35,983] INFO: Iter 56600 Summarn  y: 
[2025-01-17 02:23:35,983] INFO: 	 lr: 1.000000000000002e-05 	 Training loss: 0.033842076510190965
[2025-01-17 02:23:45,681] INFO: Iter 56700 Summarn  y: 
[2025-01-17 02:23:45,681] INFO: 	 lr: 1.000000000000002e-05 	 Training loss: 0.03384269693866372
[2025-01-17 02:23:56,991] INFO: Iter 56800 Summarn  y: 
[2025-01-17 02:23:56,992] INFO: 	 lr: 1.000000000000002e-05 	 Training loss: 0.03409930543974042
[2025-01-17 02:24:08,369] INFO: Iter 56900 Summarn  y: 
[2025-01-17 02:24:08,369] INFO: 	 lr: 1.000000000000002e-05 	 Training loss: 0.03417156372219324
[2025-01-17 02:24:19,165] INFO: Iter 57000 Summarn  y: 
[2025-01-17 02:24:19,165] INFO: 	 lr: 1.000000000000002e-05 	 Training loss: 0.03400942949578166
[2025-01-17 02:24:30,031] INFO: Iter 57100 Summarn  y: 
[2025-01-17 02:24:30,031] INFO: 	 lr: 1.000000000000002e-05 	 Training loss: 0.03403449848294258
[2025-01-17 02:24:40,870] INFO: Iter 57200 Summarn  y: 
[2025-01-17 02:24:40,870] INFO: 	 lr: 1.000000000000002e-05 	 Training loss: 0.03413492746651173
[2025-01-17 02:24:51,798] INFO: Iter 57300 Summarn  y: 
[2025-01-17 02:24:51,798] INFO: 	 lr: 1.000000000000002e-05 	 Training loss: 0.03395328339189291
[2025-01-17 02:25:02,436] INFO: Iter 57400 Summarn  y: 
[2025-01-17 02:25:02,436] INFO: 	 lr: 1.000000000000002e-05 	 Training loss: 0.03376426618546247
[2025-01-17 02:25:12,091] INFO: Iter 57500 Summarn  y: 
[2025-01-17 02:25:12,091] INFO: 	 lr: 1.000000000000002e-05 	 Training loss: 0.03369630295783281
[2025-01-17 02:25:24,348] INFO: Iter 57600 Summarn  y: 
[2025-01-17 02:25:24,348] INFO: 	 lr: 1.000000000000002e-05 	 Training loss: 0.034125002063810826
[2025-01-17 02:25:34,185] INFO: Iter 57700 Summarn  y: 
[2025-01-17 02:25:34,185] INFO: 	 lr: 1.000000000000002e-05 	 Training loss: 0.03386436693370342
[2025-01-17 02:25:45,178] INFO: Iter 57800 Summarn  y: 
[2025-01-17 02:25:45,179] INFO: 	 lr: 1.000000000000002e-05 	 Training loss: 0.03401958204805851
[2025-01-17 02:25:56,068] INFO: Iter 57900 Summarn  y: 
[2025-01-17 02:25:56,068] INFO: 	 lr: 1.000000000000002e-05 	 Training loss: 0.03384590540081263
[2025-01-17 02:26:08,043] INFO: Iter 58000 Summarn  y: 
[2025-01-17 02:26:08,043] INFO: 	 lr: 1.000000000000002e-05 	 Training loss: 0.03400717746466398
[2025-01-17 02:26:22,821] INFO: Iter 58100 Summarn  y: 
[2025-01-17 02:26:22,821] INFO: 	 lr: 1.000000000000002e-05 	 Training loss: 0.03384335126727819
[2025-01-17 02:26:33,459] INFO: Iter 58200 Summarn  y: 
[2025-01-17 02:26:33,459] INFO: 	 lr: 1.000000000000002e-05 	 Training loss: 0.033893888387829064
[2025-01-17 02:26:43,247] INFO: Iter 58300 Summarn  y: 
[2025-01-17 02:26:43,247] INFO: 	 lr: 1.000000000000002e-05 	 Training loss: 0.03384444084018469
[2025-01-17 02:26:55,098] INFO: Iter 58400 Summarn  y: 
[2025-01-17 02:26:55,099] INFO: 	 lr: 1.000000000000002e-05 	 Training loss: 0.033852016888558864
[2025-01-17 02:27:05,987] INFO: Iter 58500 Summarn  y: 
[2025-01-17 02:27:05,988] INFO: 	 lr: 1.000000000000002e-05 	 Training loss: 0.03386252844706178
[2025-01-17 02:27:16,668] INFO: Iter 58600 Summarn  y: 
[2025-01-17 02:27:16,668] INFO: 	 lr: 1.000000000000002e-05 	 Training loss: 0.03389256695285439
[2025-01-17 02:27:26,563] INFO: Iter 58700 Summarn  y: 
[2025-01-17 02:27:26,563] INFO: 	 lr: 1.000000000000002e-05 	 Training loss: 0.03393416233360767
[2025-01-17 02:27:38,028] INFO: Iter 58800 Summarn  y: 
[2025-01-17 02:27:38,028] INFO: 	 lr: 1.000000000000002e-05 	 Training loss: 0.033801451548933985
[2025-01-17 02:27:49,491] INFO: Iter 58900 Summarn  y: 
[2025-01-17 02:27:49,491] INFO: 	 lr: 1.000000000000002e-05 	 Training loss: 0.03414116002619266
[2025-01-17 02:27:58,397] INFO: Iter 59000 Summarn  y: 
[2025-01-17 02:27:58,397] INFO: 	 lr: 1.000000000000002e-05 	 Training loss: 0.0339331367239356
[2025-01-17 02:28:09,548] INFO: Iter 59100 Summarn  y: 
[2025-01-17 02:28:09,548] INFO: 	 lr: 1.000000000000002e-05 	 Training loss: 0.033776153214275836
[2025-01-17 02:28:19,930] INFO: Iter 59200 Summarn  y: 
[2025-01-17 02:28:19,930] INFO: 	 lr: 1.000000000000002e-05 	 Training loss: 0.03390776984393597
[2025-01-17 02:28:31,191] INFO: Iter 59300 Summarn  y: 
[2025-01-17 02:28:31,192] INFO: 	 lr: 1.000000000000002e-05 	 Training loss: 0.033876269832253454
[2025-01-17 02:28:41,213] INFO: Iter 59400 Summarn  y: 
[2025-01-17 02:28:41,213] INFO: 	 lr: 1.000000000000002e-05 	 Training loss: 0.033937592692673206
[2025-01-17 02:28:52,135] INFO: Iter 59500 Summarn  y: 
[2025-01-17 02:28:52,135] INFO: 	 lr: 1.000000000000002e-05 	 Training loss: 0.03402333289384842
[2025-01-17 02:29:02,768] INFO: Iter 59600 Summarn  y: 
[2025-01-17 02:29:02,769] INFO: 	 lr: 1.000000000000002e-05 	 Training loss: 0.03393731104210019
[2025-01-17 02:29:12,719] INFO: Iter 59700 Summarn  y: 
[2025-01-17 02:29:12,719] INFO: 	 lr: 1.000000000000002e-05 	 Training loss: 0.03377795670181513
[2025-01-17 02:29:24,920] INFO: Iter 59800 Summarn  y: 
[2025-01-17 02:29:24,920] INFO: 	 lr: 1.000000000000002e-05 	 Training loss: 0.033902907520532606
[2025-01-17 02:29:37,049] INFO: Iter 59900 Summarn  y: 
[2025-01-17 02:29:37,049] INFO: 	 lr: 1.000000000000002e-05 	 Training loss: 0.03365134779363871
[2025-01-17 02:29:47,707] INFO: Iter 60000 Summarn  y: 
[2025-01-17 02:29:47,707] INFO: 	 lr: 1.000000000000002e-05 	 Training loss: 0.033989212438464166
[2025-01-17 02:30:00,248] INFO: Iter 60100 Summarn  y: 
[2025-01-17 02:30:00,248] INFO: 	 lr: 1.000000000000002e-05 	 Training loss: 0.03402426108717918
[2025-01-17 02:30:09,828] INFO: Iter 60200 Summarn  y: 
[2025-01-17 02:30:09,829] INFO: 	 lr: 1.000000000000002e-05 	 Training loss: 0.033814667314291
[2025-01-17 02:30:20,302] INFO: Iter 60300 Summarn  y: 
[2025-01-17 02:30:20,302] INFO: 	 lr: 1.000000000000002e-05 	 Training loss: 0.03386730752885342
[2025-01-17 02:30:30,937] INFO: Iter 60400 Summarn  y: 
[2025-01-17 02:30:30,937] INFO: 	 lr: 1.000000000000002e-05 	 Training loss: 0.033891519904136656
[2025-01-17 02:30:42,852] INFO: Iter 60500 Summarn  y: 
[2025-01-17 02:30:42,853] INFO: 	 lr: 1.000000000000002e-05 	 Training loss: 0.03389284806326032
[2025-01-17 02:30:53,435] INFO: Iter 60600 Summarn  y: 
[2025-01-17 02:30:53,435] INFO: 	 lr: 1.000000000000002e-05 	 Training loss: 0.03384873513132334
[2025-01-17 02:31:04,265] INFO: Iter 60700 Summarn  y: 
[2025-01-17 02:31:04,265] INFO: 	 lr: 1.000000000000002e-05 	 Training loss: 0.03396869771182537
[2025-01-17 02:31:14,943] INFO: Iter 60800 Summarn  y: 
[2025-01-17 02:31:14,943] INFO: 	 lr: 1.000000000000002e-05 	 Training loss: 0.033980809953063726
[2025-01-17 02:31:24,713] INFO: Iter 60900 Summarn  y: 
[2025-01-17 02:31:24,713] INFO: 	 lr: 1.000000000000002e-05 	 Training loss: 0.03382208075374365
[2025-01-17 02:31:36,328] INFO: Iter 61000 Summarn  y: 
[2025-01-17 02:31:36,328] INFO: 	 lr: 1.000000000000002e-05 	 Training loss: 0.033882516995072366
[2025-01-17 02:31:47,369] INFO: Iter 61100 Summarn  y: 
[2025-01-17 02:31:47,369] INFO: 	 lr: 1.000000000000002e-05 	 Training loss: 0.03397272616624832
[2025-01-17 02:31:58,064] INFO: Iter 61200 Summarn  y: 
[2025-01-17 02:31:58,065] INFO: 	 lr: 1.000000000000002e-05 	 Training loss: 0.033725143633782866
[2025-01-17 02:32:08,557] INFO: Iter 61300 Summarn  y: 
[2025-01-17 02:32:08,557] INFO: 	 lr: 1.000000000000002e-05 	 Training loss: 0.033910644836723805
[2025-01-17 02:32:20,147] INFO: Iter 61400 Summarn  y: 
[2025-01-17 02:32:20,147] INFO: 	 lr: 1.000000000000002e-05 	 Training loss: 0.03382453329861164
[2025-01-17 02:32:31,645] INFO: Iter 61500 Summarn  y: 
[2025-01-17 02:32:31,646] INFO: 	 lr: 1.000000000000002e-05 	 Training loss: 0.03378486212342977
[2025-01-17 02:32:42,584] INFO: Iter 61600 Summarn  y: 
[2025-01-17 02:32:42,584] INFO: 	 lr: 1.000000000000002e-05 	 Training loss: 0.033932828437536956
[2025-01-17 02:32:54,013] INFO: Iter 61700 Summarn  y: 
[2025-01-17 02:32:54,013] INFO: 	 lr: 1.000000000000002e-05 	 Training loss: 0.03390188381075859
[2025-01-17 02:33:05,158] INFO: Iter 61800 Summarn  y: 
[2025-01-17 02:33:05,159] INFO: 	 lr: 1.000000000000002e-05 	 Training loss: 0.033764392770826816
[2025-01-17 02:33:15,848] INFO: Iter 61900 Summarn  y: 
[2025-01-17 02:33:15,848] INFO: 	 lr: 1.000000000000002e-05 	 Training loss: 0.03383210999891162
[2025-01-17 02:33:27,452] INFO: Iter 62000 Summarn  y: 
[2025-01-17 02:33:27,453] INFO: 	 lr: 1.000000000000002e-05 	 Training loss: 0.03383235082030296
[2025-01-17 02:33:39,556] INFO: Iter 62100 Summarn  y: 
[2025-01-17 02:33:39,556] INFO: 	 lr: 1.000000000000002e-05 	 Training loss: 0.03378926958888769
[2025-01-17 02:33:49,058] INFO: Iter 62200 Summarn  y: 
[2025-01-17 02:33:49,058] INFO: 	 lr: 1.000000000000002e-05 	 Training loss: 0.03377816013991833
[2025-01-17 02:33:57,893] INFO: Iter 62300 Summarn  y: 
[2025-01-17 02:33:57,893] INFO: 	 lr: 1.000000000000002e-05 	 Training loss: 0.03391284987330437
[2025-01-17 02:34:08,790] INFO: Iter 62400 Summarn  y: 
[2025-01-17 02:34:08,790] INFO: 	 lr: 1.000000000000002e-05 	 Training loss: 0.03382699735462666
[2025-01-17 02:34:21,134] INFO: Iter 62500 Summarn  y: 
[2025-01-17 02:34:21,135] INFO: 	 lr: 1.000000000000002e-05 	 Training loss: 0.03376167997717858
[2025-01-17 02:34:32,156] INFO: Iter 62600 Summarn  y: 
[2025-01-17 02:34:32,156] INFO: 	 lr: 1.000000000000002e-05 	 Training loss: 0.033949967250227926
[2025-01-17 02:34:42,400] INFO: Iter 62700 Summarn  y: 
[2025-01-17 02:34:42,401] INFO: 	 lr: 1.000000000000002e-05 	 Training loss: 0.033896524254232646
[2025-01-17 02:34:53,271] INFO: Iter 62800 Summarn  y: 
[2025-01-17 02:34:53,272] INFO: 	 lr: 1.000000000000002e-05 	 Training loss: 0.03376190882176161
[2025-01-17 02:35:04,183] INFO: Iter 62900 Summarn  y: 
[2025-01-17 02:35:04,183] INFO: 	 lr: 1.000000000000002e-05 	 Training loss: 0.034062635712325574
[2025-01-17 02:35:14,673] INFO: Iter 63000 Summarn  y: 
[2025-01-17 02:35:14,673] INFO: 	 lr: 1.000000000000002e-05 	 Training loss: 0.03381145276129246
[2025-01-17 02:35:27,166] INFO: Iter 63100 Summarn  y: 
[2025-01-17 02:35:27,166] INFO: 	 lr: 1.000000000000002e-05 	 Training loss: 0.03373123787343502
[2025-01-17 02:35:38,901] INFO: Iter 63200 Summarn  y: 
[2025-01-17 02:35:38,902] INFO: 	 lr: 1.000000000000002e-05 	 Training loss: 0.033960671611130235
[2025-01-17 02:35:50,730] INFO: Iter 63300 Summarn  y: 
[2025-01-17 02:35:50,730] INFO: 	 lr: 1.000000000000002e-05 	 Training loss: 0.03354846548289061
[2025-01-17 02:36:03,379] INFO: Iter 63400 Summarn  y: 
[2025-01-17 02:36:03,379] INFO: 	 lr: 1.000000000000002e-05 	 Training loss: 0.03386472376063466
[2025-01-17 02:36:15,179] INFO: Iter 63500 Summarn  y: 
[2025-01-17 02:36:15,179] INFO: 	 lr: 1.000000000000002e-05 	 Training loss: 0.033747119307518
[2025-01-17 02:36:24,974] INFO: Iter 63600 Summarn  y: 
[2025-01-17 02:36:24,974] INFO: 	 lr: 1.000000000000002e-05 	 Training loss: 0.03383799728006125
[2025-01-17 02:36:33,939] INFO: Iter 63700 Summarn  y: 
[2025-01-17 02:36:33,939] INFO: 	 lr: 1.000000000000002e-05 	 Training loss: 0.03381920650601387
[2025-01-17 02:36:44,649] INFO: Iter 63800 Summarn  y: 
[2025-01-17 02:36:44,649] INFO: 	 lr: 1.000000000000002e-05 	 Training loss: 0.033912887033075094
[2025-01-17 02:36:56,102] INFO: Iter 63900 Summarn  y: 
[2025-01-17 02:36:56,103] INFO: 	 lr: 1.000000000000002e-05 	 Training loss: 0.03365390717983246
[2025-01-17 02:37:05,942] INFO: Iter 64000 Summarn  y: 
[2025-01-17 02:37:05,943] INFO: 	 lr: 1.000000000000002e-05 	 Training loss: 0.0337163033336401
[2025-01-17 02:37:17,526] INFO: Iter 64100 Summarn  y: 
[2025-01-17 02:37:17,526] INFO: 	 lr: 1.000000000000002e-05 	 Training loss: 0.03384504914283752
[2025-01-17 02:37:27,867] INFO: Iter 64200 Summarn  y: 
[2025-01-17 02:37:27,867] INFO: 	 lr: 1.000000000000002e-05 	 Training loss: 0.03388224840164185
[2025-01-17 02:37:38,531] INFO: Iter 64300 Summarn  y: 
[2025-01-17 02:37:38,531] INFO: 	 lr: 1.000000000000002e-05 	 Training loss: 0.033820331804454325
[2025-01-17 02:37:48,275] INFO: Iter 64400 Summarn  y: 
[2025-01-17 02:37:48,275] INFO: 	 lr: 1.000000000000002e-05 	 Training loss: 0.033858307786285874
[2025-01-17 02:37:58,099] INFO: Iter 64500 Summarn  y: 
[2025-01-17 02:37:58,099] INFO: 	 lr: 1.000000000000002e-05 	 Training loss: 0.03402427392080426
[2025-01-17 02:38:10,530] INFO: Iter 64600 Summarn  y: 
[2025-01-17 02:38:10,530] INFO: 	 lr: 1.000000000000002e-05 	 Training loss: 0.033722377568483355
[2025-01-17 02:38:21,865] INFO: Iter 64700 Summarn  y: 
[2025-01-17 02:38:21,865] INFO: 	 lr: 1.000000000000002e-05 	 Training loss: 0.0337786615267396
[2025-01-17 02:38:32,417] INFO: Iter 64800 Summarn  y: 
[2025-01-17 02:38:32,417] INFO: 	 lr: 1.000000000000002e-05 	 Training loss: 0.03372761853039265
[2025-01-17 02:38:42,716] INFO: Iter 64900 Summarn  y: 
[2025-01-17 02:38:42,717] INFO: 	 lr: 1.000000000000002e-05 	 Training loss: 0.0336738245934248
[2025-01-17 02:38:52,633] INFO: Iter 65000 Summarn  y: 
[2025-01-17 02:38:52,633] INFO: 	 lr: 1.000000000000002e-05 	 Training loss: 0.03352932235226035
[2025-01-17 02:39:01,950] INFO: Iter 65100 Summarn  y: 
[2025-01-17 02:39:01,951] INFO: 	 lr: 1.000000000000002e-05 	 Training loss: 0.03381216753274202
[2025-01-17 02:39:12,185] INFO: Iter 65200 Summarn  y: 
[2025-01-17 02:39:12,185] INFO: 	 lr: 1.000000000000002e-05 	 Training loss: 0.03396830476820469
[2025-01-17 02:39:21,833] INFO: Iter 65300 Summarn  y: 
[2025-01-17 02:39:21,833] INFO: 	 lr: 1.000000000000002e-05 	 Training loss: 0.033895485401153565
[2025-01-17 02:39:31,201] INFO: Iter 65400 Summarn  y: 
[2025-01-17 02:39:31,201] INFO: 	 lr: 1.000000000000002e-05 	 Training loss: 0.033736521732062104
[2025-01-17 02:39:40,799] INFO: Iter 65500 Summarn  y: 
[2025-01-17 02:39:40,799] INFO: 	 lr: 1.000000000000002e-05 	 Training loss: 0.03391954297199845
[2025-01-17 02:39:50,610] INFO: Iter 65600 Summarn  y: 
[2025-01-17 02:39:50,611] INFO: 	 lr: 1.000000000000002e-05 	 Training loss: 0.03382722213864327
[2025-01-17 02:40:01,607] INFO: Iter 65700 Summarn  y: 
[2025-01-17 02:40:01,607] INFO: 	 lr: 1.000000000000002e-05 	 Training loss: 0.03384847767651081
[2025-01-17 02:40:12,578] INFO: Iter 65800 Summarn  y: 
[2025-01-17 02:40:12,578] INFO: 	 lr: 1.000000000000002e-05 	 Training loss: 0.03373123545199633
[2025-01-17 02:40:23,426] INFO: Iter 65900 Summarn  y: 
[2025-01-17 02:40:23,427] INFO: 	 lr: 1.000000000000002e-05 	 Training loss: 0.03406950999051332
[2025-01-17 02:40:34,319] INFO: Iter 66000 Summarn  y: 
[2025-01-17 02:40:34,320] INFO: 	 lr: 1.000000000000002e-05 	 Training loss: 0.033645836412906645
[2025-01-17 02:40:46,488] INFO: Iter 66100 Summarn  y: 
[2025-01-17 02:40:46,488] INFO: 	 lr: 1.000000000000002e-05 	 Training loss: 0.03386177726089954
[2025-01-17 02:40:57,518] INFO: Iter 66200 Summarn  y: 
[2025-01-17 02:40:57,518] INFO: 	 lr: 1.000000000000002e-05 	 Training loss: 0.03374899238348007
[2025-01-17 02:41:08,541] INFO: Iter 66300 Summarn  y: 
[2025-01-17 02:41:08,542] INFO: 	 lr: 1.000000000000002e-05 	 Training loss: 0.033865686226636174
[2025-01-17 02:41:19,659] INFO: Iter 66400 Summarn  y: 
[2025-01-17 02:41:19,659] INFO: 	 lr: 1.000000000000002e-05 	 Training loss: 0.03367779064923525
[2025-01-17 02:41:29,484] INFO: Iter 66500 Summarn  y: 
[2025-01-17 02:41:29,484] INFO: 	 lr: 1.000000000000002e-05 	 Training loss: 0.033560607582330704
[2025-01-17 02:41:41,861] INFO: Iter 66600 Summarn  y: 
[2025-01-17 02:41:41,861] INFO: 	 lr: 1.000000000000002e-05 	 Training loss: 0.03386767204850912
[2025-01-17 02:41:52,996] INFO: Iter 66700 Summarn  y: 
[2025-01-17 02:41:52,997] INFO: 	 lr: 1.000000000000002e-05 	 Training loss: 0.03369991317391396
[2025-01-17 02:42:02,267] INFO: Iter 66800 Summarn  y: 
[2025-01-17 02:42:02,267] INFO: 	 lr: 1.000000000000002e-05 	 Training loss: 0.033855899292975666
[2025-01-17 02:42:13,394] INFO: Iter 66900 Summarn  y: 
[2025-01-17 02:42:13,394] INFO: 	 lr: 1.000000000000002e-05 	 Training loss: 0.03361086331307888
[2025-01-17 02:42:24,474] INFO: Iter 67000 Summarn  y: 
[2025-01-17 02:42:24,474] INFO: 	 lr: 1.000000000000002e-05 	 Training loss: 0.03381445011124015
[2025-01-17 02:42:34,202] INFO: Iter 67100 Summarn  y: 
[2025-01-17 02:42:34,202] INFO: 	 lr: 1.000000000000002e-05 	 Training loss: 0.03369011800736189
[2025-01-17 02:42:45,261] INFO: Iter 67200 Summarn  y: 
[2025-01-17 02:42:45,261] INFO: 	 lr: 1.000000000000002e-05 	 Training loss: 0.033846673034131525
[2025-01-17 02:42:56,458] INFO: Iter 67300 Summarn  y: 
[2025-01-17 02:42:56,459] INFO: 	 lr: 1.000000000000002e-05 	 Training loss: 0.0337097617611289
[2025-01-17 02:43:06,968] INFO: Iter 67400 Summarn  y: 
[2025-01-17 02:43:06,968] INFO: 	 lr: 1.000000000000002e-05 	 Training loss: 0.033827286772429944
[2025-01-17 02:43:17,707] INFO: Iter 67500 Summarn  y: 
[2025-01-17 02:43:17,707] INFO: 	 lr: 1.000000000000002e-05 	 Training loss: 0.03358399262651801
[2025-01-17 02:43:28,292] INFO: Iter 67600 Summarn  y: 
[2025-01-17 02:43:28,292] INFO: 	 lr: 1.000000000000002e-05 	 Training loss: 0.033773940689861774
[2025-01-17 02:43:39,354] INFO: Iter 67700 Summarn  y: 
[2025-01-17 02:43:39,355] INFO: 	 lr: 1.000000000000002e-05 	 Training loss: 0.033633001279085875
[2025-01-17 02:43:49,394] INFO: Iter 67800 Summarn  y: 
[2025-01-17 02:43:49,394] INFO: 	 lr: 1.000000000000002e-05 	 Training loss: 0.033732597418129444
[2025-01-17 02:43:58,819] INFO: Iter 67900 Summarn  y: 
[2025-01-17 02:43:58,819] INFO: 	 lr: 1.000000000000002e-05 	 Training loss: 0.03376005426049233
[2025-01-17 02:44:10,446] INFO: Iter 68000 Summarn  y: 
[2025-01-17 02:44:10,446] INFO: 	 lr: 1.000000000000002e-05 	 Training loss: 0.033879425767809154
[2025-01-17 02:44:22,835] INFO: Iter 68100 Summarn  y: 
[2025-01-17 02:44:22,836] INFO: 	 lr: 1.000000000000002e-05 	 Training loss: 0.033573059253394606
[2025-01-17 02:44:34,666] INFO: Iter 68200 Summarn  y: 
[2025-01-17 02:44:34,667] INFO: 	 lr: 1.000000000000002e-05 	 Training loss: 0.03368905141949654
[2025-01-17 02:44:45,299] INFO: Iter 68300 Summarn  y: 
[2025-01-17 02:44:45,299] INFO: 	 lr: 1.000000000000002e-05 	 Training loss: 0.03382045125588775
[2025-01-17 02:44:55,229] INFO: Iter 68400 Summarn  y: 
[2025-01-17 02:44:55,229] INFO: 	 lr: 1.000000000000002e-05 	 Training loss: 0.033605981692671774
[2025-01-17 02:45:05,244] INFO: Iter 68500 Summarn  y: 
[2025-01-17 02:45:05,244] INFO: 	 lr: 1.000000000000002e-05 	 Training loss: 0.033654098510742185
[2025-01-17 02:45:16,542] INFO: Iter 68600 Summarn  y: 
[2025-01-17 02:45:16,543] INFO: 	 lr: 1.000000000000002e-05 	 Training loss: 0.03390277191996574
[2025-01-17 02:45:27,428] INFO: Iter 68700 Summarn  y: 
[2025-01-17 02:45:27,428] INFO: 	 lr: 1.000000000000002e-05 	 Training loss: 0.033648586422204974
[2025-01-17 02:45:38,380] INFO: Iter 68800 Summarn  y: 
[2025-01-17 02:45:38,381] INFO: 	 lr: 1.000000000000002e-05 	 Training loss: 0.033868160992860795
[2025-01-17 02:45:50,016] INFO: Iter 68900 Summarn  y: 
[2025-01-17 02:45:50,016] INFO: 	 lr: 1.000000000000002e-05 	 Training loss: 0.03361277475953102
[2025-01-17 02:46:00,589] INFO: Iter 69000 Summarn  y: 
[2025-01-17 02:46:00,590] INFO: 	 lr: 1.000000000000002e-05 	 Training loss: 0.033703398574143645
[2025-01-17 02:46:11,852] INFO: Iter 69100 Summarn  y: 
[2025-01-17 02:46:11,852] INFO: 	 lr: 1.000000000000002e-05 	 Training loss: 0.03352776588872075
[2025-01-17 02:46:21,348] INFO: Iter 69200 Summarn  y: 
[2025-01-17 02:46:21,348] INFO: 	 lr: 1.000000000000002e-05 	 Training loss: 0.03351245652884245
[2025-01-17 02:46:33,190] INFO: Iter 69300 Summarn  y: 
[2025-01-17 02:46:33,191] INFO: 	 lr: 1.000000000000002e-05 	 Training loss: 0.03394174680113792
[2025-01-17 02:46:44,268] INFO: Iter 69400 Summarn  y: 
[2025-01-17 02:46:44,268] INFO: 	 lr: 1.000000000000002e-05 	 Training loss: 0.033632313311100004
[2025-01-17 02:46:54,597] INFO: Iter 69500 Summarn  y: 
[2025-01-17 02:46:54,597] INFO: 	 lr: 1.000000000000002e-05 	 Training loss: 0.0337757945433259
[2025-01-17 02:47:04,952] INFO: Iter 69600 Summarn  y: 
[2025-01-17 02:47:04,952] INFO: 	 lr: 1.000000000000002e-05 	 Training loss: 0.03378249280154705
[2025-01-17 02:47:14,665] INFO: Iter 69700 Summarn  y: 
[2025-01-17 02:47:14,665] INFO: 	 lr: 1.000000000000002e-05 	 Training loss: 0.03360462754964828
[2025-01-17 02:47:26,507] INFO: Iter 69800 Summarn  y: 
[2025-01-17 02:47:26,508] INFO: 	 lr: 1.000000000000002e-05 	 Training loss: 0.03369265288114548
[2025-01-17 02:47:37,686] INFO: Iter 69900 Summarn  y: 
[2025-01-17 02:47:37,686] INFO: 	 lr: 1.000000000000002e-05 	 Training loss: 0.033682878315448764
[2025-01-17 02:47:49,772] INFO: Iter 70000 Summarn  y: 
[2025-01-17 02:47:49,772] INFO: 	 lr: 1.000000000000002e-05 	 Training loss: 0.033501184172928335
[2025-01-17 02:48:01,214] INFO: Iter 70100 Summarn  y: 
[2025-01-17 02:48:01,214] INFO: 	 lr: 1.000000000000002e-05 	 Training loss: 0.03376265712082386
[2025-01-17 02:48:11,454] INFO: Iter 70200 Summarn  y: 
[2025-01-17 02:48:11,454] INFO: 	 lr: 1.000000000000002e-05 	 Training loss: 0.03390394635498524
[2025-01-17 02:48:21,824] INFO: Iter 70300 Summarn  y: 
[2025-01-17 02:48:21,824] INFO: 	 lr: 1.000000000000002e-05 	 Training loss: 0.03364605786278844
[2025-01-17 02:48:32,643] INFO: Iter 70400 Summarn  y: 
[2025-01-17 02:48:32,643] INFO: 	 lr: 1.000000000000002e-05 	 Training loss: 0.03390535619109869
[2025-01-17 02:48:42,882] INFO: Iter 70500 Summarn  y: 
[2025-01-17 02:48:42,882] INFO: 	 lr: 1.000000000000002e-05 	 Training loss: 0.0336889810487628
[2025-01-17 02:48:52,887] INFO: Iter 70600 Summarn  y: 
[2025-01-17 02:48:52,888] INFO: 	 lr: 1.000000000000002e-05 	 Training loss: 0.03358156828209758
[2025-01-17 02:49:04,099] INFO: Iter 70700 Summarn  y: 
[2025-01-17 02:49:04,099] INFO: 	 lr: 1.000000000000002e-05 	 Training loss: 0.03363200267776847
[2025-01-17 02:49:15,071] INFO: Iter 70800 Summarn  y: 
[2025-01-17 02:49:15,071] INFO: 	 lr: 1.000000000000002e-05 	 Training loss: 0.033513778783380986
[2025-01-17 02:49:26,723] INFO: Iter 70900 Summarn  y: 
[2025-01-17 02:49:26,723] INFO: 	 lr: 1.000000000000002e-05 	 Training loss: 0.03364468926563859
[2025-01-17 02:49:37,226] INFO: Iter 71000 Summarn  y: 
[2025-01-17 02:49:37,227] INFO: 	 lr: 1.000000000000002e-05 	 Training loss: 0.03360549693927169
[2025-01-17 02:49:48,071] INFO: Iter 71100 Summarn  y: 
[2025-01-17 02:49:48,071] INFO: 	 lr: 1.000000000000002e-05 	 Training loss: 0.033676764853298666
[2025-01-17 02:49:58,558] INFO: Iter 71200 Summarn  y: 
[2025-01-17 02:49:58,559] INFO: 	 lr: 1.000000000000002e-05 	 Training loss: 0.03378108195960522
[2025-01-17 02:50:09,756] INFO: Iter 71300 Summarn  y: 
[2025-01-17 02:50:09,756] INFO: 	 lr: 1.000000000000002e-05 	 Training loss: 0.033821493946015836
[2025-01-17 02:50:20,827] INFO: Iter 71400 Summarn  y: 
[2025-01-17 02:50:20,827] INFO: 	 lr: 1.000000000000002e-05 	 Training loss: 0.03358732219785452
[2025-01-17 02:50:31,615] INFO: Iter 71500 Summarn  y: 
[2025-01-17 02:50:31,615] INFO: 	 lr: 1.000000000000002e-05 	 Training loss: 0.03365934340283275
[2025-01-17 02:50:42,722] INFO: Iter 71600 Summarn  y: 
[2025-01-17 02:50:42,723] INFO: 	 lr: 1.000000000000002e-05 	 Training loss: 0.033787250258028506
[2025-01-17 02:50:52,718] INFO: Iter 71700 Summarn  y: 
[2025-01-17 02:50:52,718] INFO: 	 lr: 1.000000000000002e-05 	 Training loss: 0.03351674580946565
[2025-01-17 02:51:02,639] INFO: Iter 71800 Summarn  y: 
[2025-01-17 02:51:02,639] INFO: 	 lr: 1.000000000000002e-05 	 Training loss: 0.03365922674536705
[2025-01-17 02:51:13,111] INFO: Iter 71900 Summarn  y: 
[2025-01-17 02:51:13,111] INFO: 	 lr: 1.000000000000002e-05 	 Training loss: 0.033632732778787616
[2025-01-17 02:51:24,640] INFO: Iter 72000 Summarn  y: 
[2025-01-17 02:51:24,640] INFO: 	 lr: 1.000000000000002e-05 	 Training loss: 0.03386448279023171
[2025-01-17 02:51:37,791] INFO: Iter 72100 Summarn  y: 
[2025-01-17 02:51:37,792] INFO: 	 lr: 1.000000000000002e-05 	 Training loss: 0.03350887829437852
[2025-01-17 02:51:49,316] INFO: Iter 72200 Summarn  y: 
[2025-01-17 02:51:49,316] INFO: 	 lr: 1.000000000000002e-05 	 Training loss: 0.03387093754485249
[2025-01-17 02:52:00,239] INFO: Iter 72300 Summarn  y: 
[2025-01-17 02:52:00,239] INFO: 	 lr: 1.000000000000002e-05 	 Training loss: 0.03348616201430559
[2025-01-17 02:52:11,811] INFO: Iter 72400 Summarn  y: 
[2025-01-17 02:52:11,811] INFO: 	 lr: 1.000000000000002e-05 	 Training loss: 0.03375881597399712
[2025-01-17 02:52:22,518] INFO: Iter 72500 Summarn  y: 
[2025-01-17 02:52:22,518] INFO: 	 lr: 1.000000000000002e-05 	 Training loss: 0.0337060372158885
[2025-01-17 02:52:34,296] INFO: Iter 72600 Summarn  y: 
[2025-01-17 02:52:34,296] INFO: 	 lr: 1.000000000000002e-05 	 Training loss: 0.033664918299764396
[2025-01-17 02:52:46,651] INFO: Iter 72700 Summarn  y: 
[2025-01-17 02:52:46,652] INFO: 	 lr: 1.000000000000002e-05 	 Training loss: 0.033683432303369044
[2025-01-17 02:52:57,944] INFO: Iter 72800 Summarn  y: 
[2025-01-17 02:52:57,945] INFO: 	 lr: 1.000000000000002e-05 	 Training loss: 0.033692764230072496
[2025-01-17 02:53:07,191] INFO: Iter 72900 Summarn  y: 
[2025-01-17 02:53:07,191] INFO: 	 lr: 1.000000000000002e-05 	 Training loss: 0.03357332769781351
[2025-01-17 02:53:17,077] INFO: Iter 73000 Summarn  y: 
[2025-01-17 02:53:17,077] INFO: 	 lr: 1.000000000000002e-05 	 Training loss: 0.03370739299803972
[2025-01-17 02:53:27,864] INFO: Iter 73100 Summarn  y: 
[2025-01-17 02:53:27,864] INFO: 	 lr: 1.000000000000002e-05 	 Training loss: 0.03371742952615023
[2025-01-17 02:53:38,524] INFO: Iter 73200 Summarn  y: 
[2025-01-17 02:53:38,524] INFO: 	 lr: 1.000000000000002e-05 	 Training loss: 0.03355824217200279
[2025-01-17 02:53:49,138] INFO: Iter 73300 Summarn  y: 
[2025-01-17 02:53:49,138] INFO: 	 lr: 1.000000000000002e-05 	 Training loss: 0.03365171156823635
[2025-01-17 02:54:01,184] INFO: Iter 73400 Summarn  y: 
[2025-01-17 02:54:01,185] INFO: 	 lr: 1.000000000000002e-05 	 Training loss: 0.03365185234695673
[2025-01-17 02:54:12,211] INFO: Iter 73500 Summarn  y: 
[2025-01-17 02:54:12,211] INFO: 	 lr: 1.000000000000002e-05 	 Training loss: 0.033644745349884035
[2025-01-17 02:54:23,912] INFO: Iter 73600 Summarn  y: 
[2025-01-17 02:54:23,912] INFO: 	 lr: 1.000000000000002e-05 	 Training loss: 0.033658310677856206
[2025-01-17 02:54:34,986] INFO: Iter 73700 Summarn  y: 
[2025-01-17 02:54:34,986] INFO: 	 lr: 1.000000000000002e-05 	 Training loss: 0.033727113977074626
[2025-01-17 02:54:45,295] INFO: Iter 73800 Summarn  y: 
[2025-01-17 02:54:45,295] INFO: 	 lr: 1.000000000000002e-05 	 Training loss: 0.033584283366799354
[2025-01-17 02:54:55,108] INFO: Iter 73900 Summarn  y: 
[2025-01-17 02:54:55,108] INFO: 	 lr: 1.000000000000002e-05 	 Training loss: 0.03357488906010985
[2025-01-17 02:55:06,354] INFO: Iter 74000 Summarn  y: 
[2025-01-17 02:55:06,354] INFO: 	 lr: 1.000000000000002e-05 	 Training loss: 0.0339536053314805
[2025-01-17 02:55:20,637] INFO: Iter 74100 Summarn  y: 
[2025-01-17 02:55:20,637] INFO: 	 lr: 1.000000000000002e-05 	 Training loss: 0.03364151651039719
[2025-01-17 02:55:32,435] INFO: Iter 74200 Summarn  y: 
[2025-01-17 02:55:32,436] INFO: 	 lr: 1.000000000000002e-05 	 Training loss: 0.033739668019115925
[2025-01-17 02:55:45,034] INFO: Iter 74300 Summarn  y: 
[2025-01-17 02:55:45,035] INFO: 	 lr: 1.000000000000002e-05 	 Training loss: 0.03360502079129219
[2025-01-17 02:55:56,536] INFO: Iter 74400 Summarn  y: 
[2025-01-17 02:55:56,536] INFO: 	 lr: 1.000000000000002e-05 	 Training loss: 0.033706971686333416
[2025-01-17 02:56:06,924] INFO: Iter 74500 Summarn  y: 
[2025-01-17 02:56:06,924] INFO: 	 lr: 1.000000000000002e-05 	 Training loss: 0.0335253937728703
[2025-01-17 02:56:17,514] INFO: Iter 74600 Summarn  y: 
[2025-01-17 02:56:17,515] INFO: 	 lr: 1.000000000000002e-05 	 Training loss: 0.033622257523238656
[2025-01-17 02:56:27,687] INFO: Iter 74700 Summarn  y: 
[2025-01-17 02:56:27,688] INFO: 	 lr: 1.000000000000002e-05 	 Training loss: 0.033626986090093854
[2025-01-17 02:56:39,668] INFO: Iter 74800 Summarn  y: 
[2025-01-17 02:56:39,668] INFO: 	 lr: 1.000000000000002e-05 	 Training loss: 0.0334461097791791
[2025-01-17 02:56:50,361] INFO: Iter 74900 Summarn  y: 
[2025-01-17 02:56:50,361] INFO: 	 lr: 1.000000000000002e-05 	 Training loss: 0.03352754289284349
[2025-01-17 02:57:01,892] INFO: Iter 75000 Summarn  y: 
[2025-01-17 02:57:01,892] INFO: 	 lr: 1.000000000000002e-05 	 Training loss: 0.03386501308530569
[2025-01-17 02:57:12,660] INFO: Iter 75100 Summarn  y: 
[2025-01-17 02:57:12,660] INFO: 	 lr: 1.000000000000002e-05 	 Training loss: 0.03363252174109221
[2025-01-17 02:57:23,740] INFO: Iter 75200 Summarn  y: 
[2025-01-17 02:57:23,741] INFO: 	 lr: 1.000000000000002e-05 	 Training loss: 0.03368321027606726
[2025-01-17 02:57:33,570] INFO: Iter 75300 Summarn  y: 
[2025-01-17 02:57:33,570] INFO: 	 lr: 1.000000000000002e-05 	 Training loss: 0.03360001301392913
[2025-01-17 02:57:44,021] INFO: Iter 75400 Summarn  y: 
[2025-01-17 02:57:44,022] INFO: 	 lr: 1.000000000000002e-05 	 Training loss: 0.03363638671115041
[2025-01-17 02:57:55,899] INFO: Iter 75500 Summarn  y: 
[2025-01-17 02:57:55,899] INFO: 	 lr: 1.000000000000002e-05 	 Training loss: 0.03360331127420068
[2025-01-17 02:58:06,762] INFO: Iter 75600 Summarn  y: 
[2025-01-17 02:58:06,762] INFO: 	 lr: 1.000000000000002e-05 	 Training loss: 0.03365006685256958
[2025-01-17 02:58:18,237] INFO: Iter 75700 Summarn  y: 
[2025-01-17 02:58:18,237] INFO: 	 lr: 1.000000000000002e-05 	 Training loss: 0.033537622168660165
[2025-01-17 02:58:29,367] INFO: Iter 75800 Summarn  y: 
[2025-01-17 02:58:29,368] INFO: 	 lr: 1.000000000000002e-05 	 Training loss: 0.03372973021119833
[2025-01-17 02:58:40,666] INFO: Iter 75900 Summarn  y: 
[2025-01-17 02:58:40,666] INFO: 	 lr: 1.000000000000002e-05 	 Training loss: 0.033598854895681145
[2025-01-17 02:58:51,261] INFO: Iter 76000 Summarn  y: 
[2025-01-17 02:58:51,261] INFO: 	 lr: 1.000000000000002e-05 	 Training loss: 0.033626200705766676
[2025-01-17 02:59:04,847] INFO: Iter 76100 Summarn  y: 
[2025-01-17 02:59:04,848] INFO: 	 lr: 1.000000000000002e-05 	 Training loss: 0.03345459058880806
[2025-01-17 02:59:16,452] INFO: Iter 76200 Summarn  y: 
[2025-01-17 02:59:16,453] INFO: 	 lr: 1.000000000000002e-05 	 Training loss: 0.033415628001093864
[2025-01-17 02:59:27,708] INFO: Iter 76300 Summarn  y: 
[2025-01-17 02:59:27,708] INFO: 	 lr: 1.000000000000002e-05 	 Training loss: 0.0336376047693193
[2025-01-17 02:59:39,175] INFO: Iter 76400 Summarn  y: 
[2025-01-17 02:59:39,175] INFO: 	 lr: 1.000000000000002e-05 	 Training loss: 0.03358857404440641
[2025-01-17 02:59:49,759] INFO: Iter 76500 Summarn  y: 
[2025-01-17 02:59:49,759] INFO: 	 lr: 1.000000000000002e-05 	 Training loss: 0.03362923555076122
[2025-01-17 03:00:00,106] INFO: Iter 76600 Summarn  y: 
[2025-01-17 03:00:00,107] INFO: 	 lr: 1.000000000000002e-05 	 Training loss: 0.03376082938164473
[2025-01-17 03:00:08,968] INFO: Iter 76700 Summarn  y: 
[2025-01-17 03:00:08,968] INFO: 	 lr: 1.000000000000002e-05 	 Training loss: 0.03360399341210723
[2025-01-17 03:00:22,442] INFO: Iter 76800 Summarn  y: 
[2025-01-17 03:00:22,443] INFO: 	 lr: 1.000000000000002e-05 	 Training loss: 0.0336938944645226
[2025-01-17 03:00:33,677] INFO: Iter 76900 Summarn  y: 
[2025-01-17 03:00:33,677] INFO: 	 lr: 1.000000000000002e-05 	 Training loss: 0.03354658931493759
[2025-01-17 03:00:45,791] INFO: Iter 77000 Summarn  y: 
[2025-01-17 03:00:45,792] INFO: 	 lr: 1.000000000000002e-05 	 Training loss: 0.03377455823123455
[2025-01-17 03:00:59,417] INFO: Iter 77100 Summarn  y: 
[2025-01-17 03:00:59,417] INFO: 	 lr: 1.000000000000002e-05 	 Training loss: 0.033751598317176106
[2025-01-17 03:01:10,470] INFO: Iter 77200 Summarn  y: 
[2025-01-17 03:01:10,471] INFO: 	 lr: 1.000000000000002e-05 	 Training loss: 0.03379114843904972
[2025-01-17 03:01:22,211] INFO: Iter 77300 Summarn  y: 
[2025-01-17 03:01:22,211] INFO: 	 lr: 1.000000000000002e-05 	 Training loss: 0.033544748313725
[2025-01-17 03:01:33,233] INFO: Iter 77400 Summarn  y: 
[2025-01-17 03:01:33,234] INFO: 	 lr: 1.000000000000002e-05 	 Training loss: 0.03351142978295684
[2025-01-17 03:01:44,332] INFO: Iter 77500 Summarn  y: 
[2025-01-17 03:01:44,332] INFO: 	 lr: 1.000000000000002e-05 	 Training loss: 0.033522138688713315
[2025-01-17 03:01:54,479] INFO: Iter 77600 Summarn  y: 
[2025-01-17 03:01:54,479] INFO: 	 lr: 1.000000000000002e-05 	 Training loss: 0.033520000111311676
[2025-01-17 03:02:05,043] INFO: Iter 77700 Summarn  y: 
[2025-01-17 03:02:05,043] INFO: 	 lr: 1.000000000000002e-05 	 Training loss: 0.03368305595591664
[2025-01-17 03:02:15,894] INFO: Iter 77800 Summarn  y: 
[2025-01-17 03:02:15,895] INFO: 	 lr: 1.000000000000002e-05 	 Training loss: 0.03361617745831609
[2025-01-17 03:02:25,663] INFO: Iter 77900 Summarn  y: 
[2025-01-17 03:02:25,663] INFO: 	 lr: 1.000000000000002e-05 	 Training loss: 0.0336994593590498
[2025-01-17 03:02:35,981] INFO: Iter 78000 Summarn  y: 
[2025-01-17 03:02:35,981] INFO: 	 lr: 1.000000000000002e-05 	 Training loss: 0.03362107763066888
[2025-01-17 03:02:50,032] INFO: Iter 78100 Summarn  y: 
[2025-01-17 03:02:50,032] INFO: 	 lr: 1.000000000000002e-05 	 Training loss: 0.033399994149804116
[2025-01-17 03:03:03,589] INFO: Iter 78200 Summarn  y: 
[2025-01-17 03:03:03,589] INFO: 	 lr: 1.000000000000002e-05 	 Training loss: 0.03365404786542058
[2025-01-17 03:03:13,738] INFO: Iter 78300 Summarn  y: 
[2025-01-17 03:03:13,739] INFO: 	 lr: 1.000000000000002e-05 	 Training loss: 0.03349450470879674
[2025-01-17 03:03:25,174] INFO: Iter 78400 Summarn  y: 
[2025-01-17 03:03:25,174] INFO: 	 lr: 1.000000000000002e-05 	 Training loss: 0.03359373802319169
[2025-01-17 03:03:36,415] INFO: Iter 78500 Summarn  y: 
[2025-01-17 03:03:36,416] INFO: 	 lr: 1.000000000000002e-05 	 Training loss: 0.033537776842713356
[2025-01-17 03:03:47,202] INFO: Iter 78600 Summarn  y: 
[2025-01-17 03:03:47,202] INFO: 	 lr: 1.000000000000002e-05 	 Training loss: 0.033525211792439225
[2025-01-17 03:03:59,139] INFO: Iter 78700 Summarn  y: 
[2025-01-17 03:03:59,139] INFO: 	 lr: 1.000000000000002e-05 	 Training loss: 0.03348306197673082
[2025-01-17 03:04:11,110] INFO: Iter 78800 Summarn  y: 
[2025-01-17 03:04:11,111] INFO: 	 lr: 1.000000000000002e-05 	 Training loss: 0.03376565476879478
[2025-01-17 03:04:23,718] INFO: Iter 78900 Summarn  y: 
[2025-01-17 03:04:23,718] INFO: 	 lr: 1.000000000000002e-05 	 Training loss: 0.033323491122573615
[2025-01-17 03:04:35,150] INFO: Iter 79000 Summarn  y: 
[2025-01-17 03:04:35,150] INFO: 	 lr: 1.000000000000002e-05 	 Training loss: 0.03351452179253101
[2025-01-17 03:04:47,411] INFO: Iter 79100 Summarn  y: 
[2025-01-17 03:04:47,411] INFO: 	 lr: 1.000000000000002e-05 	 Training loss: 0.03366562120616436
[2025-01-17 03:04:59,250] INFO: Iter 79200 Summarn  y: 
[2025-01-17 03:04:59,251] INFO: 	 lr: 1.000000000000002e-05 	 Training loss: 0.03345949444919825
[2025-01-17 03:05:08,724] INFO: Iter 79300 Summarn  y: 
[2025-01-17 03:05:08,724] INFO: 	 lr: 1.000000000000002e-05 	 Training loss: 0.03342816535383463
[2025-01-17 03:05:20,797] INFO: Iter 79400 Summarn  y: 
[2025-01-17 03:05:20,798] INFO: 	 lr: 1.000000000000002e-05 	 Training loss: 0.033721640855073926
[2025-01-17 03:05:32,045] INFO: Iter 79500 Summarn  y: 
[2025-01-17 03:05:32,046] INFO: 	 lr: 1.000000000000002e-05 	 Training loss: 0.03373479001224041
[2025-01-17 03:05:42,951] INFO: Iter 79600 Summarn  y: 
[2025-01-17 03:05:42,951] INFO: 	 lr: 1.000000000000002e-05 	 Training loss: 0.033652975112199786
[2025-01-17 03:05:53,256] INFO: Iter 79700 Summarn  y: 
[2025-01-17 03:05:53,256] INFO: 	 lr: 1.000000000000002e-05 	 Training loss: 0.03316579215228557
[2025-01-17 03:06:04,717] INFO: Iter 79800 Summarn  y: 
[2025-01-17 03:06:04,718] INFO: 	 lr: 1.000000000000002e-05 	 Training loss: 0.03374166576191783
[2025-01-17 03:06:18,622] INFO: Iter 79900 Summarn  y: 
[2025-01-17 03:06:18,622] INFO: 	 lr: 1.000000000000002e-05 	 Training loss: 0.0336991992034018
[2025-01-17 03:06:28,293] INFO: Iter 80000 Summarn  y: 
[2025-01-17 03:06:28,293] INFO: 	 lr: 1.000000000000002e-05 	 Training loss: 0.033600113410502674
