[2025-01-17 00:44:55,231] INFO: {
    "abs_dir": "/home/diwang/siMLPe/exps/baseline_h36m",
    "batch_size": 256,
    "cos_lr_max": 1e-05,
    "cos_lr_min": 5e-08,
    "cos_lr_total_iters": 80000,
    "data_aug": true,
    "deriv_input": true,
    "deriv_output": true,
    "device": "cuda:4",
    "h36m_anno_dir": "/home/diwang/siMLPe/data/h36m/",
    "link_log_file": "/home/diwang/siMLPe/exps/baseline_h36m/log/log_last.log",
    "link_val_log_file": "/home/diwang/siMLPe/exps/baseline_h36m/log/val_last.log",
    "log_dir": "/home/diwang/siMLPe/exps/baseline_h36m/log",
    "log_file": "/home/diwang/siMLPe/exps/baseline_h36m/log/log_2025_01_17_00_44_19.log",
    "model_pth": null,
    "motion": {
        "dim": 66,
        "h36m_input_length": 50,
        "h36m_input_length_dct": 50,
        "h36m_target_length": 25,
        "h36m_target_length_eval": 25,
        "h36m_target_length_train": 25
    },
    "motion_fc_in": {
        "activation": "relu",
        "in_features": 66,
        "init_w_trunc_normal": false,
        "out_features": 66,
        "temporal_fc": false,
        "with_norm": false
    },
    "motion_fc_out": {
        "activation": "relu",
        "in_features": 66,
        "init_w_trunc_normal": true,
        "out_features": 66,
        "temporal_fc": false,
        "with_norm": false
    },
    "motion_mlp": {
        "hidden_dim": 66,
        "norm_axis": "spatial",
        "num_layers": 48,
        "seq_len": 50,
        "spatial_fc_only": false,
        "with_normalization": true
    },
    "num_workers": 8,
    "post_dct": false,
    "pre_dct": false,
    "print_every": 100,
    "repo_name": "siMLPe",
    "root_dir": "/home/diwang/siMLPe",
    "save_every": 2000,
    "seed": 5096,
    "shift_step": 1,
    "snapshot_dir": "/home/diwang/siMLPe/exps/baseline_h36m/log/snapshot",
    "this_dir": "baseline_h36m",
    "use_relative_loss": true,
    "val_log_file": "/home/diwang/siMLPe/exps/baseline_h36m/log/val_2025_01_17_00_44_19.log",
    "weight_decay": 0.0001
}
[2025-01-17 00:45:09,913] INFO: Iter 100 Summarn  y: 
[2025-01-17 00:45:09,913] INFO: 	 lr: 0.00030000000000000073 	 Training loss: 0.06790359407663345
[2025-01-17 00:45:21,395] INFO: Iter 200 Summarn  y: 
[2025-01-17 00:45:21,396] INFO: 	 lr: 0.00030000000000000073 	 Training loss: 0.06054688602685929
[2025-01-17 00:45:32,002] INFO: Iter 300 Summarn  y: 
[2025-01-17 00:45:32,002] INFO: 	 lr: 0.00030000000000000073 	 Training loss: 0.06055034995079041
[2025-01-17 00:45:43,216] INFO: Iter 400 Summarn  y: 
[2025-01-17 00:45:43,216] INFO: 	 lr: 0.00030000000000000073 	 Training loss: 0.06054101157933474
[2025-01-17 00:45:53,684] INFO: Iter 500 Summarn  y: 
[2025-01-17 00:45:53,685] INFO: 	 lr: 0.00030000000000000073 	 Training loss: 0.0579260666295886
[2025-01-17 00:46:04,464] INFO: Iter 600 Summarn  y: 
[2025-01-17 00:46:04,465] INFO: 	 lr: 0.00030000000000000073 	 Training loss: 0.05286604668945074
[2025-01-17 00:46:16,265] INFO: Iter 700 Summarn  y: 
[2025-01-17 00:46:16,266] INFO: 	 lr: 0.00030000000000000073 	 Training loss: 0.050686324276030065
[2025-01-17 00:46:27,652] INFO: Iter 800 Summarn  y: 
[2025-01-17 00:46:27,652] INFO: 	 lr: 0.00030000000000000073 	 Training loss: 0.049951249696314336
[2025-01-17 00:46:37,954] INFO: Iter 900 Summarn  y: 
[2025-01-17 00:46:37,954] INFO: 	 lr: 0.00030000000000000073 	 Training loss: 0.04925822887569666
[2025-01-17 00:46:47,609] INFO: Iter 1000 Summarn  y: 
[2025-01-17 00:46:47,609] INFO: 	 lr: 0.00030000000000000073 	 Training loss: 0.048535247072577475
[2025-01-17 00:46:58,391] INFO: Iter 1100 Summarn  y: 
[2025-01-17 00:46:58,391] INFO: 	 lr: 0.00030000000000000073 	 Training loss: 0.048045964874327184
[2025-01-17 00:47:09,793] INFO: Iter 1200 Summarn  y: 
[2025-01-17 00:47:09,793] INFO: 	 lr: 0.00030000000000000073 	 Training loss: 0.04793465085327625
[2025-01-17 00:47:20,248] INFO: Iter 1300 Summarn  y: 
[2025-01-17 00:47:20,248] INFO: 	 lr: 0.00030000000000000073 	 Training loss: 0.047606115713715556
[2025-01-17 00:47:30,587] INFO: Iter 1400 Summarn  y: 
[2025-01-17 00:47:30,587] INFO: 	 lr: 0.00030000000000000073 	 Training loss: 0.04708657715469599
[2025-01-17 00:47:41,287] INFO: Iter 1500 Summarn  y: 
[2025-01-17 00:47:41,287] INFO: 	 lr: 0.00030000000000000073 	 Training loss: 0.04657085753977299
[2025-01-17 00:47:52,924] INFO: Iter 1600 Summarn  y: 
[2025-01-17 00:47:52,924] INFO: 	 lr: 0.00030000000000000073 	 Training loss: 0.046572794914245604
[2025-01-17 00:48:03,979] INFO: Iter 1700 Summarn  y: 
[2025-01-17 00:48:03,979] INFO: 	 lr: 0.00030000000000000073 	 Training loss: 0.045975118950009344
[2025-01-17 00:48:15,112] INFO: Iter 1800 Summarn  y: 
[2025-01-17 00:48:15,112] INFO: 	 lr: 0.00030000000000000073 	 Training loss: 0.045577564649283885
[2025-01-17 00:48:25,902] INFO: Iter 1900 Summarn  y: 
[2025-01-17 00:48:25,902] INFO: 	 lr: 0.00030000000000000073 	 Training loss: 0.045772493183612824
[2025-01-17 00:48:35,789] INFO: Iter 2000 Summarn  y: 
[2025-01-17 00:48:35,789] INFO: 	 lr: 0.00030000000000000073 	 Training loss: 0.04531267438083887
[2025-01-17 00:48:48,815] INFO: Iter 2100 Summarn  y: 
[2025-01-17 00:48:48,815] INFO: 	 lr: 0.00030000000000000073 	 Training loss: 0.0452927365899086
[2025-01-17 00:49:00,035] INFO: Iter 2200 Summarn  y: 
[2025-01-17 00:49:00,035] INFO: 	 lr: 0.00030000000000000073 	 Training loss: 0.04523423328995704
[2025-01-17 00:49:10,592] INFO: Iter 2300 Summarn  y: 
[2025-01-17 00:49:10,592] INFO: 	 lr: 0.00030000000000000073 	 Training loss: 0.04477257203310728
[2025-01-17 00:49:20,838] INFO: Iter 2400 Summarn  y: 
[2025-01-17 00:49:20,838] INFO: 	 lr: 0.00030000000000000073 	 Training loss: 0.0445392507687211
[2025-01-17 00:49:31,779] INFO: Iter 2500 Summarn  y: 
[2025-01-17 00:49:31,779] INFO: 	 lr: 0.00030000000000000073 	 Training loss: 0.044116310887038705
[2025-01-17 00:49:42,595] INFO: Iter 2600 Summarn  y: 
[2025-01-17 00:49:42,595] INFO: 	 lr: 0.00030000000000000073 	 Training loss: 0.04425066862255335
[2025-01-17 00:49:52,143] INFO: Iter 2700 Summarn  y: 
[2025-01-17 00:49:52,143] INFO: 	 lr: 0.00030000000000000073 	 Training loss: 0.044001305550336836
[2025-01-17 00:50:04,004] INFO: Iter 2800 Summarn  y: 
[2025-01-17 00:50:04,005] INFO: 	 lr: 0.00030000000000000073 	 Training loss: 0.0438980295881629
[2025-01-17 00:50:15,623] INFO: Iter 2900 Summarn  y: 
[2025-01-17 00:50:15,624] INFO: 	 lr: 0.00030000000000000073 	 Training loss: 0.044176001586019996
[2025-01-17 00:50:26,556] INFO: Iter 3000 Summarn  y: 
[2025-01-17 00:50:26,556] INFO: 	 lr: 0.00030000000000000073 	 Training loss: 0.04396188907325268
[2025-01-17 00:50:37,213] INFO: Iter 3100 Summarn  y: 
[2025-01-17 00:50:37,214] INFO: 	 lr: 0.00030000000000000073 	 Training loss: 0.0435160031542182
[2025-01-17 00:50:48,659] INFO: Iter 3200 Summarn  y: 
[2025-01-17 00:50:48,659] INFO: 	 lr: 0.00030000000000000073 	 Training loss: 0.0436374843493104
[2025-01-17 00:51:00,262] INFO: Iter 3300 Summarn  y: 
[2025-01-17 00:51:00,262] INFO: 	 lr: 0.00030000000000000073 	 Training loss: 0.04351114276796579
[2025-01-17 00:51:11,682] INFO: Iter 3400 Summarn  y: 
[2025-01-17 00:51:11,683] INFO: 	 lr: 0.00030000000000000073 	 Training loss: 0.04345287948846817
[2025-01-17 00:51:22,210] INFO: Iter 3500 Summarn  y: 
[2025-01-17 00:51:22,210] INFO: 	 lr: 0.00030000000000000073 	 Training loss: 0.043369785249233246
[2025-01-17 00:51:32,133] INFO: Iter 3600 Summarn  y: 
[2025-01-17 00:51:32,133] INFO: 	 lr: 0.00030000000000000073 	 Training loss: 0.0431067293509841
[2025-01-17 00:51:42,703] INFO: Iter 3700 Summarn  y: 
[2025-01-17 00:51:42,703] INFO: 	 lr: 0.00030000000000000073 	 Training loss: 0.04291022144258022
[2025-01-17 00:51:53,290] INFO: Iter 3800 Summarn  y: 
[2025-01-17 00:51:53,291] INFO: 	 lr: 0.00030000000000000073 	 Training loss: 0.042959994301199914
[2025-01-17 00:52:03,661] INFO: Iter 3900 Summarn  y: 
[2025-01-17 00:52:03,661] INFO: 	 lr: 0.00030000000000000073 	 Training loss: 0.042972197122871876
[2025-01-17 00:52:15,321] INFO: Iter 4000 Summarn  y: 
[2025-01-17 00:52:15,321] INFO: 	 lr: 0.00030000000000000073 	 Training loss: 0.04273166563361883
[2025-01-17 00:52:29,995] INFO: Iter 4100 Summarn  y: 
[2025-01-17 00:52:29,995] INFO: 	 lr: 0.00030000000000000073 	 Training loss: 0.04269614327698946
[2025-01-17 00:52:40,082] INFO: Iter 4200 Summarn  y: 
[2025-01-17 00:52:40,082] INFO: 	 lr: 0.00030000000000000073 	 Training loss: 0.04244439840316772
[2025-01-17 00:52:51,463] INFO: Iter 4300 Summarn  y: 
[2025-01-17 00:52:51,463] INFO: 	 lr: 0.00030000000000000073 	 Training loss: 0.042380336746573447
[2025-01-17 00:53:01,489] INFO: Iter 4400 Summarn  y: 
[2025-01-17 00:53:01,490] INFO: 	 lr: 0.00030000000000000073 	 Training loss: 0.042540181167423724
[2025-01-17 00:53:12,015] INFO: Iter 4500 Summarn  y: 
[2025-01-17 00:53:12,015] INFO: 	 lr: 0.00030000000000000073 	 Training loss: 0.04249405235052109
[2025-01-17 00:53:22,450] INFO: Iter 4600 Summarn  y: 
[2025-01-17 00:53:22,450] INFO: 	 lr: 0.00030000000000000073 	 Training loss: 0.04247516691684723
[2025-01-17 00:53:33,256] INFO: Iter 4700 Summarn  y: 
[2025-01-17 00:53:33,256] INFO: 	 lr: 0.00030000000000000073 	 Training loss: 0.042042549066245556
[2025-01-17 00:53:44,178] INFO: Iter 4800 Summarn  y: 
[2025-01-17 00:53:44,179] INFO: 	 lr: 0.00030000000000000073 	 Training loss: 0.0421382162719965
[2025-01-17 00:53:54,772] INFO: Iter 4900 Summarn  y: 
[2025-01-17 00:53:54,772] INFO: 	 lr: 0.00030000000000000073 	 Training loss: 0.04213499970734119
[2025-01-17 00:54:05,359] INFO: Iter 5000 Summarn  y: 
[2025-01-17 00:54:05,359] INFO: 	 lr: 0.00030000000000000073 	 Training loss: 0.04207854200154543
[2025-01-17 00:54:15,985] INFO: Iter 5100 Summarn  y: 
[2025-01-17 00:54:15,985] INFO: 	 lr: 0.00030000000000000073 	 Training loss: 0.04193460784852505
[2025-01-17 00:54:25,757] INFO: Iter 5200 Summarn  y: 
[2025-01-17 00:54:25,759] INFO: 	 lr: 0.00030000000000000073 	 Training loss: 0.0416566801071167
[2025-01-17 00:54:36,439] INFO: Iter 5300 Summarn  y: 
[2025-01-17 00:54:36,440] INFO: 	 lr: 0.00030000000000000073 	 Training loss: 0.041898695006966594
[2025-01-17 00:54:45,518] INFO: Iter 5400 Summarn  y: 
[2025-01-17 00:54:45,519] INFO: 	 lr: 0.00030000000000000073 	 Training loss: 0.04159674543887377
[2025-01-17 00:54:56,596] INFO: Iter 5500 Summarn  y: 
[2025-01-17 00:54:56,596] INFO: 	 lr: 0.00030000000000000073 	 Training loss: 0.04158038891851902
[2025-01-17 00:55:08,219] INFO: Iter 5600 Summarn  y: 
[2025-01-17 00:55:08,219] INFO: 	 lr: 0.00030000000000000073 	 Training loss: 0.04155412282794714
[2025-01-17 00:55:18,496] INFO: Iter 5700 Summarn  y: 
[2025-01-17 00:55:18,496] INFO: 	 lr: 0.00030000000000000073 	 Training loss: 0.04145721103996038
[2025-01-17 00:55:28,921] INFO: Iter 5800 Summarn  y: 
[2025-01-17 00:55:28,921] INFO: 	 lr: 0.00030000000000000073 	 Training loss: 0.04138073645532131
[2025-01-17 00:55:39,038] INFO: Iter 5900 Summarn  y: 
[2025-01-17 00:55:39,038] INFO: 	 lr: 0.00030000000000000073 	 Training loss: 0.04135809250175953
[2025-01-17 00:55:49,992] INFO: Iter 6000 Summarn  y: 
[2025-01-17 00:55:49,992] INFO: 	 lr: 0.00030000000000000073 	 Training loss: 0.04106459081172943
[2025-01-17 00:56:02,716] INFO: Iter 6100 Summarn  y: 
[2025-01-17 00:56:02,716] INFO: 	 lr: 0.00030000000000000073 	 Training loss: 0.04102627534419298
[2025-01-17 00:56:14,385] INFO: Iter 6200 Summarn  y: 
[2025-01-17 00:56:14,386] INFO: 	 lr: 0.00030000000000000073 	 Training loss: 0.04081662137061357
[2025-01-17 00:56:25,289] INFO: Iter 6300 Summarn  y: 
[2025-01-17 00:56:25,289] INFO: 	 lr: 0.00030000000000000073 	 Training loss: 0.04086222805082798
[2025-01-17 00:56:37,542] INFO: Iter 6400 Summarn  y: 
[2025-01-17 00:56:37,543] INFO: 	 lr: 0.00030000000000000073 	 Training loss: 0.04096923720091581
[2025-01-17 00:56:48,533] INFO: Iter 6500 Summarn  y: 
[2025-01-17 00:56:48,533] INFO: 	 lr: 0.00030000000000000073 	 Training loss: 0.04083488430827856
[2025-01-17 00:56:59,397] INFO: Iter 6600 Summarn  y: 
[2025-01-17 00:56:59,398] INFO: 	 lr: 0.00030000000000000073 	 Training loss: 0.04065506689250469
[2025-01-17 00:57:09,456] INFO: Iter 6700 Summarn  y: 
[2025-01-17 00:57:09,457] INFO: 	 lr: 0.00030000000000000073 	 Training loss: 0.0406393127515912
[2025-01-17 00:57:21,387] INFO: Iter 6800 Summarn  y: 
[2025-01-17 00:57:21,388] INFO: 	 lr: 0.00030000000000000073 	 Training loss: 0.04055560231208801
[2025-01-17 00:57:32,001] INFO: Iter 6900 Summarn  y: 
[2025-01-17 00:57:32,001] INFO: 	 lr: 0.00030000000000000073 	 Training loss: 0.04043958973139525
[2025-01-17 00:57:42,290] INFO: Iter 7000 Summarn  y: 
[2025-01-17 00:57:42,291] INFO: 	 lr: 0.00030000000000000073 	 Training loss: 0.04041782807558775
[2025-01-17 00:57:52,403] INFO: Iter 7100 Summarn  y: 
[2025-01-17 00:57:52,411] INFO: 	 lr: 0.00030000000000000073 	 Training loss: 0.04035830769687891
[2025-01-17 00:58:03,844] INFO: Iter 7200 Summarn  y: 
[2025-01-17 00:58:03,844] INFO: 	 lr: 0.00030000000000000073 	 Training loss: 0.04027072120457888
[2025-01-17 00:58:14,466] INFO: Iter 7300 Summarn  y: 
[2025-01-17 00:58:14,467] INFO: 	 lr: 0.00030000000000000073 	 Training loss: 0.040138322822749616
[2025-01-17 00:58:26,881] INFO: Iter 7400 Summarn  y: 
[2025-01-17 00:58:26,881] INFO: 	 lr: 0.00030000000000000073 	 Training loss: 0.04027043104171753
[2025-01-17 00:58:37,925] INFO: Iter 7500 Summarn  y: 
[2025-01-17 00:58:37,925] INFO: 	 lr: 0.00030000000000000073 	 Training loss: 0.03985035222023726
[2025-01-17 00:58:48,343] INFO: Iter 7600 Summarn  y: 
[2025-01-17 00:58:48,343] INFO: 	 lr: 0.00030000000000000073 	 Training loss: 0.040026692003011705
[2025-01-17 00:58:58,166] INFO: Iter 7700 Summarn  y: 
[2025-01-17 00:58:58,166] INFO: 	 lr: 0.00030000000000000073 	 Training loss: 0.04024514824151993
[2025-01-17 00:59:09,062] INFO: Iter 7800 Summarn  y: 
[2025-01-17 00:59:09,062] INFO: 	 lr: 0.00030000000000000073 	 Training loss: 0.03987045198678971
[2025-01-17 00:59:19,951] INFO: Iter 7900 Summarn  y: 
[2025-01-17 00:59:19,951] INFO: 	 lr: 0.00030000000000000073 	 Training loss: 0.03978900976479054
[2025-01-17 00:59:32,303] INFO: Iter 8000 Summarn  y: 
[2025-01-17 00:59:32,304] INFO: 	 lr: 0.00030000000000000073 	 Training loss: 0.03980634231120348
[2025-01-17 00:59:45,306] INFO: Iter 8100 Summarn  y: 
[2025-01-17 00:59:45,306] INFO: 	 lr: 0.00030000000000000073 	 Training loss: 0.04005526877939701
[2025-01-17 00:59:57,335] INFO: Iter 8200 Summarn  y: 
[2025-01-17 00:59:57,335] INFO: 	 lr: 0.00030000000000000073 	 Training loss: 0.03988031748682261
[2025-01-17 01:00:07,252] INFO: Iter 8300 Summarn  y: 
[2025-01-17 01:00:07,252] INFO: 	 lr: 0.00030000000000000073 	 Training loss: 0.03943263117223978
[2025-01-17 01:00:17,816] INFO: Iter 8400 Summarn  y: 
[2025-01-17 01:00:17,816] INFO: 	 lr: 0.00030000000000000073 	 Training loss: 0.039745941013097766
[2025-01-17 01:00:28,377] INFO: Iter 8500 Summarn  y: 
[2025-01-17 01:00:28,378] INFO: 	 lr: 0.00030000000000000073 	 Training loss: 0.039747127890586854
[2025-01-17 01:00:38,762] INFO: Iter 8600 Summarn  y: 
[2025-01-17 01:00:38,762] INFO: 	 lr: 0.00030000000000000073 	 Training loss: 0.03941922746598721
[2025-01-17 01:00:48,127] INFO: Iter 8700 Summarn  y: 
[2025-01-17 01:00:48,127] INFO: 	 lr: 0.00030000000000000073 	 Training loss: 0.03981774099171162
[2025-01-17 01:00:56,822] INFO: Iter 8800 Summarn  y: 
[2025-01-17 01:00:56,822] INFO: 	 lr: 0.00030000000000000073 	 Training loss: 0.03969092402607202
[2025-01-17 01:01:08,571] INFO: Iter 8900 Summarn  y: 
[2025-01-17 01:01:08,572] INFO: 	 lr: 0.00030000000000000073 	 Training loss: 0.039570631720125676
[2025-01-17 01:01:17,542] INFO: Iter 9000 Summarn  y: 
[2025-01-17 01:01:17,543] INFO: 	 lr: 0.00030000000000000073 	 Training loss: 0.03941057730466127
[2025-01-17 01:01:28,300] INFO: Iter 9100 Summarn  y: 
[2025-01-17 01:01:28,301] INFO: 	 lr: 0.00030000000000000073 	 Training loss: 0.03927624095231295
[2025-01-17 01:01:38,866] INFO: Iter 9200 Summarn  y: 
[2025-01-17 01:01:38,866] INFO: 	 lr: 0.00030000000000000073 	 Training loss: 0.03929519146680832
[2025-01-17 01:01:49,371] INFO: Iter 9300 Summarn  y: 
[2025-01-17 01:01:49,371] INFO: 	 lr: 0.00030000000000000073 	 Training loss: 0.03928059495985508
[2025-01-17 01:01:59,836] INFO: Iter 9400 Summarn  y: 
[2025-01-17 01:01:59,836] INFO: 	 lr: 0.00030000000000000073 	 Training loss: 0.03930204845964909
[2025-01-17 01:02:09,726] INFO: Iter 9500 Summarn  y: 
[2025-01-17 01:02:09,726] INFO: 	 lr: 0.00030000000000000073 	 Training loss: 0.03920228041708469
[2025-01-17 01:02:21,840] INFO: Iter 9600 Summarn  y: 
[2025-01-17 01:02:21,840] INFO: 	 lr: 0.00030000000000000073 	 Training loss: 0.03932735558599234
[2025-01-17 01:02:31,848] INFO: Iter 9700 Summarn  y: 
[2025-01-17 01:02:31,848] INFO: 	 lr: 0.00030000000000000073 	 Training loss: 0.03919253796339035
[2025-01-17 01:02:41,862] INFO: Iter 9800 Summarn  y: 
[2025-01-17 01:02:41,863] INFO: 	 lr: 0.00030000000000000073 	 Training loss: 0.0390468043461442
[2025-01-17 01:02:52,818] INFO: Iter 9900 Summarn  y: 
[2025-01-17 01:02:52,818] INFO: 	 lr: 0.00030000000000000073 	 Training loss: 0.03942754697054625
[2025-01-17 01:03:04,013] INFO: Iter 10000 Summarn  y: 
[2025-01-17 01:03:04,013] INFO: 	 lr: 0.00030000000000000073 	 Training loss: 0.03894816666841507
[2025-01-17 01:03:16,935] INFO: Iter 10100 Summarn  y: 
[2025-01-17 01:03:16,965] INFO: 	 lr: 0.00030000000000000073 	 Training loss: 0.03885525465011597
[2025-01-17 01:03:28,750] INFO: Iter 10200 Summarn  y: 
[2025-01-17 01:03:28,751] INFO: 	 lr: 0.00030000000000000073 	 Training loss: 0.03919625043869018
[2025-01-17 01:03:38,730] INFO: Iter 10300 Summarn  y: 
[2025-01-17 01:03:38,730] INFO: 	 lr: 0.00030000000000000073 	 Training loss: 0.039083317928016184
[2025-01-17 01:03:49,961] INFO: Iter 10400 Summarn  y: 
[2025-01-17 01:03:49,961] INFO: 	 lr: 0.00030000000000000073 	 Training loss: 0.03873636357486248
[2025-01-17 01:03:59,519] INFO: Iter 10500 Summarn  y: 
[2025-01-17 01:03:59,519] INFO: 	 lr: 0.00030000000000000073 	 Training loss: 0.03871173344552517
[2025-01-17 01:04:09,833] INFO: Iter 10600 Summarn  y: 
[2025-01-17 01:04:09,833] INFO: 	 lr: 0.00030000000000000073 	 Training loss: 0.038801626935601234
[2025-01-17 01:04:22,375] INFO: Iter 10700 Summarn  y: 
[2025-01-17 01:04:22,375] INFO: 	 lr: 0.00030000000000000073 	 Training loss: 0.038912333548069
[2025-01-17 01:04:34,255] INFO: Iter 10800 Summarn  y: 
[2025-01-17 01:04:34,255] INFO: 	 lr: 0.00030000000000000073 	 Training loss: 0.038969972319900986
[2025-01-17 01:04:46,085] INFO: Iter 10900 Summarn  y: 
[2025-01-17 01:04:46,086] INFO: 	 lr: 0.00030000000000000073 	 Training loss: 0.03895692750811577
[2025-01-17 01:04:57,267] INFO: Iter 11000 Summarn  y: 
[2025-01-17 01:04:57,267] INFO: 	 lr: 0.00030000000000000073 	 Training loss: 0.038543989174067976
[2025-01-17 01:05:07,836] INFO: Iter 11100 Summarn  y: 
[2025-01-17 01:05:07,837] INFO: 	 lr: 0.00030000000000000073 	 Training loss: 0.038705924786627294
[2025-01-17 01:05:18,164] INFO: Iter 11200 Summarn  y: 
[2025-01-17 01:05:18,164] INFO: 	 lr: 0.00030000000000000073 	 Training loss: 0.03840061016380787
[2025-01-17 01:05:29,034] INFO: Iter 11300 Summarn  y: 
[2025-01-17 01:05:29,034] INFO: 	 lr: 0.00030000000000000073 	 Training loss: 0.03871781975030899
[2025-01-17 01:05:40,274] INFO: Iter 11400 Summarn  y: 
[2025-01-17 01:05:40,274] INFO: 	 lr: 0.00030000000000000073 	 Training loss: 0.03881482224911451
[2025-01-17 01:05:50,802] INFO: Iter 11500 Summarn  y: 
[2025-01-17 01:05:50,802] INFO: 	 lr: 0.00030000000000000073 	 Training loss: 0.03847219828516245
[2025-01-17 01:06:01,971] INFO: Iter 11600 Summarn  y: 
[2025-01-17 01:06:02,017] INFO: 	 lr: 0.00030000000000000073 	 Training loss: 0.038434890024363996
[2025-01-17 01:06:11,767] INFO: Iter 11700 Summarn  y: 
[2025-01-17 01:06:11,767] INFO: 	 lr: 0.00030000000000000073 	 Training loss: 0.03838037271052599
[2025-01-17 01:06:22,398] INFO: Iter 11800 Summarn  y: 
[2025-01-17 01:06:22,399] INFO: 	 lr: 0.00030000000000000073 	 Training loss: 0.03848219607025385
[2025-01-17 01:06:32,733] INFO: Iter 11900 Summarn  y: 
[2025-01-17 01:06:32,733] INFO: 	 lr: 0.00030000000000000073 	 Training loss: 0.0383725942671299
[2025-01-17 01:06:43,700] INFO: Iter 12000 Summarn  y: 
[2025-01-17 01:06:43,701] INFO: 	 lr: 0.00030000000000000073 	 Training loss: 0.03860930122435093
[2025-01-17 01:06:55,798] INFO: Iter 12100 Summarn  y: 
[2025-01-17 01:06:55,798] INFO: 	 lr: 0.00030000000000000073 	 Training loss: 0.03860386747866869
[2025-01-17 01:07:04,573] INFO: Iter 12200 Summarn  y: 
[2025-01-17 01:07:04,574] INFO: 	 lr: 0.00030000000000000073 	 Training loss: 0.038606068193912504
[2025-01-17 01:07:15,959] INFO: Iter 12300 Summarn  y: 
[2025-01-17 01:07:15,959] INFO: 	 lr: 0.00030000000000000073 	 Training loss: 0.03830205876380205
[2025-01-17 01:07:26,716] INFO: Iter 12400 Summarn  y: 
[2025-01-17 01:07:26,716] INFO: 	 lr: 0.00030000000000000073 	 Training loss: 0.038295971676707265
[2025-01-17 01:07:37,981] INFO: Iter 12500 Summarn  y: 
[2025-01-17 01:07:37,981] INFO: 	 lr: 0.00030000000000000073 	 Training loss: 0.03808225855231285
[2025-01-17 01:07:47,452] INFO: Iter 12600 Summarn  y: 
[2025-01-17 01:07:47,453] INFO: 	 lr: 0.00030000000000000073 	 Training loss: 0.038239832632243634
[2025-01-17 01:07:58,075] INFO: Iter 12700 Summarn  y: 
[2025-01-17 01:07:58,075] INFO: 	 lr: 0.00030000000000000073 	 Training loss: 0.0384991966560483
[2025-01-17 01:08:09,321] INFO: Iter 12800 Summarn  y: 
[2025-01-17 01:08:09,321] INFO: 	 lr: 0.00030000000000000073 	 Training loss: 0.03813865669071674
[2025-01-17 01:08:19,393] INFO: Iter 12900 Summarn  y: 
[2025-01-17 01:08:19,394] INFO: 	 lr: 0.00030000000000000073 	 Training loss: 0.03843667861074209
[2025-01-17 01:08:29,875] INFO: Iter 13000 Summarn  y: 
[2025-01-17 01:08:29,875] INFO: 	 lr: 0.00030000000000000073 	 Training loss: 0.038296963460743426
[2025-01-17 01:08:39,679] INFO: Iter 13100 Summarn  y: 
[2025-01-17 01:08:39,679] INFO: 	 lr: 0.00030000000000000073 	 Training loss: 0.03835148088634014
[2025-01-17 01:08:49,803] INFO: Iter 13200 Summarn  y: 
[2025-01-17 01:08:49,803] INFO: 	 lr: 0.00030000000000000073 	 Training loss: 0.038080036006867886
[2025-01-17 01:09:00,647] INFO: Iter 13300 Summarn  y: 
[2025-01-17 01:09:00,648] INFO: 	 lr: 0.00030000000000000073 	 Training loss: 0.038067382723093034
[2025-01-17 01:09:11,491] INFO: Iter 13400 Summarn  y: 
[2025-01-17 01:09:11,491] INFO: 	 lr: 0.00030000000000000073 	 Training loss: 0.038218423649668695
[2025-01-17 01:09:20,925] INFO: Iter 13500 Summarn  y: 
[2025-01-17 01:09:20,925] INFO: 	 lr: 0.00030000000000000073 	 Training loss: 0.03795374684035778
[2025-01-17 01:09:32,989] INFO: Iter 13600 Summarn  y: 
[2025-01-17 01:09:32,990] INFO: 	 lr: 0.00030000000000000073 	 Training loss: 0.03800634037703276
[2025-01-17 01:09:43,792] INFO: Iter 13700 Summarn  y: 
[2025-01-17 01:09:43,793] INFO: 	 lr: 0.00030000000000000073 	 Training loss: 0.03783421572297811
[2025-01-17 01:09:54,584] INFO: Iter 13800 Summarn  y: 
[2025-01-17 01:09:54,584] INFO: 	 lr: 0.00030000000000000073 	 Training loss: 0.0380489893257618
[2025-01-17 01:10:04,820] INFO: Iter 13900 Summarn  y: 
[2025-01-17 01:10:04,821] INFO: 	 lr: 0.00030000000000000073 	 Training loss: 0.03803199551999569
[2025-01-17 01:10:15,977] INFO: Iter 14000 Summarn  y: 
[2025-01-17 01:10:15,977] INFO: 	 lr: 0.00030000000000000073 	 Training loss: 0.03798819679766893
[2025-01-17 01:10:28,637] INFO: Iter 14100 Summarn  y: 
[2025-01-17 01:10:28,637] INFO: 	 lr: 0.00030000000000000073 	 Training loss: 0.03813388731330633
[2025-01-17 01:10:40,125] INFO: Iter 14200 Summarn  y: 
[2025-01-17 01:10:40,125] INFO: 	 lr: 0.00030000000000000073 	 Training loss: 0.03808182056993246
[2025-01-17 01:10:50,764] INFO: Iter 14300 Summarn  y: 
[2025-01-17 01:10:50,764] INFO: 	 lr: 0.00030000000000000073 	 Training loss: 0.03811694744974375
[2025-01-17 01:11:01,092] INFO: Iter 14400 Summarn  y: 
[2025-01-17 01:11:01,092] INFO: 	 lr: 0.00030000000000000073 	 Training loss: 0.03787465613335371
[2025-01-17 01:11:10,898] INFO: Iter 14500 Summarn  y: 
[2025-01-17 01:11:10,899] INFO: 	 lr: 0.00030000000000000073 	 Training loss: 0.037973069809377195
[2025-01-17 01:11:22,127] INFO: Iter 14600 Summarn  y: 
[2025-01-17 01:11:22,127] INFO: 	 lr: 0.00030000000000000073 	 Training loss: 0.037938197404146196
[2025-01-17 01:11:32,979] INFO: Iter 14700 Summarn  y: 
[2025-01-17 01:11:33,011] INFO: 	 lr: 0.00030000000000000073 	 Training loss: 0.037632363922894
[2025-01-17 01:11:44,345] INFO: Iter 14800 Summarn  y: 
[2025-01-17 01:11:44,345] INFO: 	 lr: 0.00030000000000000073 	 Training loss: 0.03785351660102606
[2025-01-17 01:11:55,060] INFO: Iter 14900 Summarn  y: 
[2025-01-17 01:11:55,060] INFO: 	 lr: 0.00030000000000000073 	 Training loss: 0.03790297526866197
[2025-01-17 01:12:06,967] INFO: Iter 15000 Summarn  y: 
[2025-01-17 01:12:06,967] INFO: 	 lr: 0.00030000000000000073 	 Training loss: 0.03796929098665714
[2025-01-17 01:12:18,039] INFO: Iter 15100 Summarn  y: 
[2025-01-17 01:12:18,062] INFO: 	 lr: 0.00030000000000000073 	 Training loss: 0.037895185835659505
[2025-01-17 01:12:27,948] INFO: Iter 15200 Summarn  y: 
[2025-01-17 01:12:27,948] INFO: 	 lr: 0.00030000000000000073 	 Training loss: 0.0377999434992671
[2025-01-17 01:12:39,312] INFO: Iter 15300 Summarn  y: 
[2025-01-17 01:12:39,312] INFO: 	 lr: 0.00030000000000000073 	 Training loss: 0.037639161422848705
[2025-01-17 01:12:48,554] INFO: Iter 15400 Summarn  y: 
[2025-01-17 01:12:48,554] INFO: 	 lr: 0.00030000000000000073 	 Training loss: 0.03774684749543667
[2025-01-17 01:12:59,135] INFO: Iter 15500 Summarn  y: 
[2025-01-17 01:12:59,135] INFO: 	 lr: 0.00030000000000000073 	 Training loss: 0.03775326255708933
[2025-01-17 01:13:10,683] INFO: Iter 15600 Summarn  y: 
[2025-01-17 01:13:10,683] INFO: 	 lr: 0.00030000000000000073 	 Training loss: 0.037753455750644205
[2025-01-17 01:13:22,458] INFO: Iter 15700 Summarn  y: 
[2025-01-17 01:13:22,458] INFO: 	 lr: 0.00030000000000000073 	 Training loss: 0.03759167235344649
[2025-01-17 01:13:33,362] INFO: Iter 15800 Summarn  y: 
[2025-01-17 01:13:33,362] INFO: 	 lr: 0.00030000000000000073 	 Training loss: 0.037476741448044776
[2025-01-17 01:13:44,440] INFO: Iter 15900 Summarn  y: 
[2025-01-17 01:13:44,440] INFO: 	 lr: 0.00030000000000000073 	 Training loss: 0.03782611835747957
[2025-01-17 01:13:57,168] INFO: Iter 16000 Summarn  y: 
[2025-01-17 01:13:57,168] INFO: 	 lr: 0.00030000000000000073 	 Training loss: 0.037648964896798136
[2025-01-17 01:14:10,011] INFO: Iter 16100 Summarn  y: 
[2025-01-17 01:14:10,012] INFO: 	 lr: 0.00030000000000000073 	 Training loss: 0.03799307707697153
[2025-01-17 01:14:21,350] INFO: Iter 16200 Summarn  y: 
[2025-01-17 01:14:21,350] INFO: 	 lr: 0.00030000000000000073 	 Training loss: 0.03756538107991218
[2025-01-17 01:14:34,079] INFO: Iter 16300 Summarn  y: 
[2025-01-17 01:14:34,079] INFO: 	 lr: 0.00030000000000000073 	 Training loss: 0.037641560696065425
[2025-01-17 01:14:44,210] INFO: Iter 16400 Summarn  y: 
[2025-01-17 01:14:44,211] INFO: 	 lr: 0.00030000000000000073 	 Training loss: 0.03755941011011601
[2025-01-17 01:14:55,939] INFO: Iter 16500 Summarn  y: 
[2025-01-17 01:14:55,940] INFO: 	 lr: 0.00030000000000000073 	 Training loss: 0.03750641092658043
[2025-01-17 01:15:08,155] INFO: Iter 16600 Summarn  y: 
[2025-01-17 01:15:08,184] INFO: 	 lr: 0.00030000000000000073 	 Training loss: 0.03767097305506468
[2025-01-17 01:15:17,849] INFO: Iter 16700 Summarn  y: 
[2025-01-17 01:15:17,850] INFO: 	 lr: 0.00030000000000000073 	 Training loss: 0.03765423778444529
[2025-01-17 01:15:27,815] INFO: Iter 16800 Summarn  y: 
[2025-01-17 01:15:27,815] INFO: 	 lr: 0.00030000000000000073 	 Training loss: 0.037604351416230204
[2025-01-17 01:15:37,746] INFO: Iter 16900 Summarn  y: 
[2025-01-17 01:15:37,747] INFO: 	 lr: 0.00030000000000000073 	 Training loss: 0.03770579308271408
[2025-01-17 01:15:48,432] INFO: Iter 17000 Summarn  y: 
[2025-01-17 01:15:48,433] INFO: 	 lr: 0.00030000000000000073 	 Training loss: 0.037348531968891624
[2025-01-17 01:15:58,686] INFO: Iter 17100 Summarn  y: 
[2025-01-17 01:15:58,686] INFO: 	 lr: 0.00030000000000000073 	 Training loss: 0.03739797987043857
[2025-01-17 01:16:10,329] INFO: Iter 17200 Summarn  y: 
[2025-01-17 01:16:10,329] INFO: 	 lr: 0.00030000000000000073 	 Training loss: 0.03749087233096361
[2025-01-17 01:16:21,045] INFO: Iter 17300 Summarn  y: 
[2025-01-17 01:16:21,046] INFO: 	 lr: 0.00030000000000000073 	 Training loss: 0.037578324750065804
[2025-01-17 01:16:32,264] INFO: Iter 17400 Summarn  y: 
[2025-01-17 01:16:32,264] INFO: 	 lr: 0.00030000000000000073 	 Training loss: 0.03742075115442276
[2025-01-17 01:16:44,942] INFO: Iter 17500 Summarn  y: 
[2025-01-17 01:16:44,943] INFO: 	 lr: 0.00030000000000000073 	 Training loss: 0.03753036893904209
[2025-01-17 01:16:55,524] INFO: Iter 17600 Summarn  y: 
[2025-01-17 01:16:55,524] INFO: 	 lr: 0.00030000000000000073 	 Training loss: 0.03748315371572972
[2025-01-17 01:17:06,569] INFO: Iter 17700 Summarn  y: 
[2025-01-17 01:17:06,570] INFO: 	 lr: 0.00030000000000000073 	 Training loss: 0.0372949131578207
[2025-01-17 01:17:17,387] INFO: Iter 17800 Summarn  y: 
[2025-01-17 01:17:17,387] INFO: 	 lr: 0.00030000000000000073 	 Training loss: 0.037105453461408616
[2025-01-17 01:17:27,040] INFO: Iter 17900 Summarn  y: 
[2025-01-17 01:17:27,040] INFO: 	 lr: 0.00030000000000000073 	 Training loss: 0.03741193737834692
[2025-01-17 01:17:37,937] INFO: Iter 18000 Summarn  y: 
[2025-01-17 01:17:37,937] INFO: 	 lr: 0.00030000000000000073 	 Training loss: 0.03723589893430471
[2025-01-17 01:17:51,781] INFO: Iter 18100 Summarn  y: 
[2025-01-17 01:17:51,781] INFO: 	 lr: 0.00030000000000000073 	 Training loss: 0.03774439867585897
[2025-01-17 01:18:02,737] INFO: Iter 18200 Summarn  y: 
[2025-01-17 01:18:02,737] INFO: 	 lr: 0.00030000000000000073 	 Training loss: 0.03755318783223629
[2025-01-17 01:18:12,164] INFO: Iter 18300 Summarn  y: 
[2025-01-17 01:18:12,164] INFO: 	 lr: 0.00030000000000000073 	 Training loss: 0.03749220859259367
[2025-01-17 01:18:24,052] INFO: Iter 18400 Summarn  y: 
[2025-01-17 01:18:24,052] INFO: 	 lr: 0.00030000000000000073 	 Training loss: 0.0371785918995738
[2025-01-17 01:18:34,419] INFO: Iter 18500 Summarn  y: 
[2025-01-17 01:18:34,419] INFO: 	 lr: 0.00030000000000000073 	 Training loss: 0.03738763902336359
[2025-01-17 01:18:45,833] INFO: Iter 18600 Summarn  y: 
[2025-01-17 01:18:45,833] INFO: 	 lr: 0.00030000000000000073 	 Training loss: 0.03742201175540685
[2025-01-17 01:18:56,147] INFO: Iter 18700 Summarn  y: 
[2025-01-17 01:18:56,147] INFO: 	 lr: 0.00030000000000000073 	 Training loss: 0.03737584806978703
[2025-01-17 01:19:05,993] INFO: Iter 18800 Summarn  y: 
[2025-01-17 01:19:05,993] INFO: 	 lr: 0.00030000000000000073 	 Training loss: 0.03723365671932697
[2025-01-17 01:19:16,437] INFO: Iter 18900 Summarn  y: 
[2025-01-17 01:19:16,437] INFO: 	 lr: 0.00030000000000000073 	 Training loss: 0.037228006348013876
[2025-01-17 01:19:27,355] INFO: Iter 19000 Summarn  y: 
[2025-01-17 01:19:27,356] INFO: 	 lr: 0.00030000000000000073 	 Training loss: 0.03725607167929411
[2025-01-17 01:19:38,759] INFO: Iter 19100 Summarn  y: 
[2025-01-17 01:19:38,759] INFO: 	 lr: 0.00030000000000000073 	 Training loss: 0.03700817432254553
[2025-01-17 01:19:48,711] INFO: Iter 19200 Summarn  y: 
[2025-01-17 01:19:48,711] INFO: 	 lr: 0.00030000000000000073 	 Training loss: 0.03723180770874023
[2025-01-17 01:19:59,396] INFO: Iter 19300 Summarn  y: 
[2025-01-17 01:19:59,397] INFO: 	 lr: 0.00030000000000000073 	 Training loss: 0.037411716990172865
[2025-01-17 01:20:08,356] INFO: Iter 19400 Summarn  y: 
[2025-01-17 01:20:08,356] INFO: 	 lr: 0.00030000000000000073 	 Training loss: 0.037145866937935354
[2025-01-17 01:20:19,686] INFO: Iter 19500 Summarn  y: 
[2025-01-17 01:20:19,686] INFO: 	 lr: 0.00030000000000000073 	 Training loss: 0.03714595906436444
[2025-01-17 01:20:30,142] INFO: Iter 19600 Summarn  y: 
[2025-01-17 01:20:30,142] INFO: 	 lr: 0.00030000000000000073 	 Training loss: 0.03720389433205128
[2025-01-17 01:20:41,858] INFO: Iter 19700 Summarn  y: 
[2025-01-17 01:20:41,858] INFO: 	 lr: 0.00030000000000000073 	 Training loss: 0.03754539929330349
[2025-01-17 01:20:52,755] INFO: Iter 19800 Summarn  y: 
[2025-01-17 01:20:52,755] INFO: 	 lr: 0.00030000000000000073 	 Training loss: 0.03727001916617155
[2025-01-17 01:21:02,728] INFO: Iter 19900 Summarn  y: 
[2025-01-17 01:21:02,728] INFO: 	 lr: 0.00030000000000000073 	 Training loss: 0.03704096879810095
[2025-01-17 01:21:13,455] INFO: Iter 20000 Summarn  y: 
[2025-01-17 01:21:13,455] INFO: 	 lr: 0.00030000000000000073 	 Training loss: 0.03712312165647745
[2025-01-17 01:21:25,651] INFO: Iter 20100 Summarn  y: 
[2025-01-17 01:21:25,651] INFO: 	 lr: 0.00030000000000000073 	 Training loss: 0.037310172468423844
[2025-01-17 01:21:36,619] INFO: Iter 20200 Summarn  y: 
[2025-01-17 01:21:36,619] INFO: 	 lr: 0.00030000000000000073 	 Training loss: 0.03708669446408749
[2025-01-17 01:21:47,621] INFO: Iter 20300 Summarn  y: 
[2025-01-17 01:21:47,622] INFO: 	 lr: 0.00030000000000000073 	 Training loss: 0.03722479835152626
[2025-01-17 01:21:59,834] INFO: Iter 20400 Summarn  y: 
[2025-01-17 01:21:59,835] INFO: 	 lr: 0.00030000000000000073 	 Training loss: 0.0371485647931695
[2025-01-17 01:22:10,409] INFO: Iter 20500 Summarn  y: 
[2025-01-17 01:22:10,409] INFO: 	 lr: 0.00030000000000000073 	 Training loss: 0.036999981440603735
[2025-01-17 01:22:21,226] INFO: Iter 20600 Summarn  y: 
[2025-01-17 01:22:21,226] INFO: 	 lr: 0.00030000000000000073 	 Training loss: 0.03697693858295679
[2025-01-17 01:22:31,574] INFO: Iter 20700 Summarn  y: 
[2025-01-17 01:22:31,574] INFO: 	 lr: 0.00030000000000000073 	 Training loss: 0.03710262499749661
[2025-01-17 01:22:42,797] INFO: Iter 20800 Summarn  y: 
[2025-01-17 01:22:42,797] INFO: 	 lr: 0.00030000000000000073 	 Training loss: 0.0371588634327054
[2025-01-17 01:22:55,249] INFO: Iter 20900 Summarn  y: 
[2025-01-17 01:22:55,250] INFO: 	 lr: 0.00030000000000000073 	 Training loss: 0.037017198838293554
[2025-01-17 01:23:03,664] INFO: Iter 21000 Summarn  y: 
[2025-01-17 01:23:03,664] INFO: 	 lr: 0.00030000000000000073 	 Training loss: 0.0369998749345541
[2025-01-17 01:23:17,930] INFO: Iter 21100 Summarn  y: 
[2025-01-17 01:23:17,931] INFO: 	 lr: 0.00030000000000000073 	 Training loss: 0.03702969141304493
[2025-01-17 01:23:30,462] INFO: Iter 21200 Summarn  y: 
[2025-01-17 01:23:30,462] INFO: 	 lr: 0.00030000000000000073 	 Training loss: 0.03687592204660177
[2025-01-17 01:23:42,028] INFO: Iter 21300 Summarn  y: 
[2025-01-17 01:23:42,029] INFO: 	 lr: 0.00030000000000000073 	 Training loss: 0.03722806133329868
[2025-01-17 01:23:53,267] INFO: Iter 21400 Summarn  y: 
[2025-01-17 01:23:53,267] INFO: 	 lr: 0.00030000000000000073 	 Training loss: 0.03695869453251362
[2025-01-17 01:24:03,556] INFO: Iter 21500 Summarn  y: 
[2025-01-17 01:24:03,556] INFO: 	 lr: 0.00030000000000000073 	 Training loss: 0.037019523009657856
[2025-01-17 01:24:12,806] INFO: Iter 21600 Summarn  y: 
[2025-01-17 01:24:12,806] INFO: 	 lr: 0.00030000000000000073 	 Training loss: 0.03691411755979061
[2025-01-17 01:24:23,228] INFO: Iter 21700 Summarn  y: 
[2025-01-17 01:24:23,228] INFO: 	 lr: 0.00030000000000000073 	 Training loss: 0.03711153149604798
[2025-01-17 01:24:34,007] INFO: Iter 21800 Summarn  y: 
[2025-01-17 01:24:34,007] INFO: 	 lr: 0.00030000000000000073 	 Training loss: 0.037040662951767445
[2025-01-17 01:24:44,467] INFO: Iter 21900 Summarn  y: 
[2025-01-17 01:24:44,467] INFO: 	 lr: 0.00030000000000000073 	 Training loss: 0.03676405694335699
[2025-01-17 01:24:55,869] INFO: Iter 22000 Summarn  y: 
[2025-01-17 01:24:55,869] INFO: 	 lr: 0.00030000000000000073 	 Training loss: 0.03684768602252007
[2025-01-17 01:25:10,173] INFO: Iter 22100 Summarn  y: 
[2025-01-17 01:25:10,174] INFO: 	 lr: 0.00030000000000000073 	 Training loss: 0.03719403244554997
[2025-01-17 01:25:21,209] INFO: Iter 22200 Summarn  y: 
[2025-01-17 01:25:21,209] INFO: 	 lr: 0.00030000000000000073 	 Training loss: 0.036827121786773206
[2025-01-17 01:25:34,042] INFO: Iter 22300 Summarn  y: 
[2025-01-17 01:25:34,042] INFO: 	 lr: 0.00030000000000000073 	 Training loss: 0.036992176696658136
[2025-01-17 01:25:47,173] INFO: Iter 22400 Summarn  y: 
[2025-01-17 01:25:47,173] INFO: 	 lr: 0.00030000000000000073 	 Training loss: 0.03692835200577974
[2025-01-17 01:25:58,042] INFO: Iter 22500 Summarn  y: 
[2025-01-17 01:25:58,042] INFO: 	 lr: 0.00030000000000000073 	 Training loss: 0.03691441301256418
[2025-01-17 01:26:08,162] INFO: Iter 22600 Summarn  y: 
[2025-01-17 01:26:08,162] INFO: 	 lr: 0.00030000000000000073 	 Training loss: 0.03682543221861124
[2025-01-17 01:26:18,676] INFO: Iter 22700 Summarn  y: 
[2025-01-17 01:26:18,676] INFO: 	 lr: 0.00030000000000000073 	 Training loss: 0.03684921260923147
[2025-01-17 01:26:28,784] INFO: Iter 22800 Summarn  y: 
[2025-01-17 01:26:28,784] INFO: 	 lr: 0.00030000000000000073 	 Training loss: 0.03689216990023851
[2025-01-17 01:26:38,303] INFO: Iter 22900 Summarn  y: 
[2025-01-17 01:26:38,303] INFO: 	 lr: 0.00030000000000000073 	 Training loss: 0.036962506771087644
[2025-01-17 01:26:49,108] INFO: Iter 23000 Summarn  y: 
[2025-01-17 01:26:49,108] INFO: 	 lr: 0.00030000000000000073 	 Training loss: 0.03706971872597933
[2025-01-17 01:26:59,836] INFO: Iter 23100 Summarn  y: 
[2025-01-17 01:26:59,837] INFO: 	 lr: 0.00030000000000000073 	 Training loss: 0.03706810511648655
[2025-01-17 01:27:11,299] INFO: Iter 23200 Summarn  y: 
[2025-01-17 01:27:11,300] INFO: 	 lr: 0.00030000000000000073 	 Training loss: 0.03687341921031475
[2025-01-17 01:27:21,492] INFO: Iter 23300 Summarn  y: 
[2025-01-17 01:27:21,492] INFO: 	 lr: 0.00030000000000000073 	 Training loss: 0.03700666800141335
[2025-01-17 01:27:31,874] INFO: Iter 23400 Summarn  y: 
[2025-01-17 01:27:31,874] INFO: 	 lr: 0.00030000000000000073 	 Training loss: 0.03675984591245651
[2025-01-17 01:27:43,040] INFO: Iter 23500 Summarn  y: 
[2025-01-17 01:27:43,040] INFO: 	 lr: 0.00030000000000000073 	 Training loss: 0.036622876785695556
[2025-01-17 01:27:53,045] INFO: Iter 23600 Summarn  y: 
[2025-01-17 01:27:53,046] INFO: 	 lr: 0.00030000000000000073 	 Training loss: 0.03701729394495487
[2025-01-17 01:28:03,675] INFO: Iter 23700 Summarn  y: 
[2025-01-17 01:28:03,675] INFO: 	 lr: 0.00030000000000000073 	 Training loss: 0.036636273972690106
[2025-01-17 01:28:15,975] INFO: Iter 23800 Summarn  y: 
[2025-01-17 01:28:15,976] INFO: 	 lr: 0.00030000000000000073 	 Training loss: 0.036952168866992
[2025-01-17 01:28:26,680] INFO: Iter 23900 Summarn  y: 
[2025-01-17 01:28:26,681] INFO: 	 lr: 0.00030000000000000073 	 Training loss: 0.03681674219667912
[2025-01-17 01:28:37,657] INFO: Iter 24000 Summarn  y: 
[2025-01-17 01:28:37,657] INFO: 	 lr: 0.00030000000000000073 	 Training loss: 0.03688365887850523
[2025-01-17 01:28:49,526] INFO: Iter 24100 Summarn  y: 
[2025-01-17 01:28:49,526] INFO: 	 lr: 0.00030000000000000073 	 Training loss: 0.03664651110768318
[2025-01-17 01:29:00,766] INFO: Iter 24200 Summarn  y: 
[2025-01-17 01:29:00,766] INFO: 	 lr: 0.00030000000000000073 	 Training loss: 0.036674768477678296
[2025-01-17 01:29:11,173] INFO: Iter 24300 Summarn  y: 
[2025-01-17 01:29:11,174] INFO: 	 lr: 0.00030000000000000073 	 Training loss: 0.03693807993084192
[2025-01-17 01:29:21,969] INFO: Iter 24400 Summarn  y: 
[2025-01-17 01:29:21,970] INFO: 	 lr: 0.00030000000000000073 	 Training loss: 0.036655896753072736
[2025-01-17 01:29:35,068] INFO: Iter 24500 Summarn  y: 
[2025-01-17 01:29:35,068] INFO: 	 lr: 0.00030000000000000073 	 Training loss: 0.037024815306067466
[2025-01-17 01:29:46,296] INFO: Iter 24600 Summarn  y: 
[2025-01-17 01:29:46,297] INFO: 	 lr: 0.00030000000000000073 	 Training loss: 0.036996914111077785
[2025-01-17 01:29:57,355] INFO: Iter 24700 Summarn  y: 
[2025-01-17 01:29:57,355] INFO: 	 lr: 0.00030000000000000073 	 Training loss: 0.036668834909796715
[2025-01-17 01:30:07,881] INFO: Iter 24800 Summarn  y: 
[2025-01-17 01:30:07,881] INFO: 	 lr: 0.00030000000000000073 	 Training loss: 0.03656466532498598
[2025-01-17 01:30:19,504] INFO: Iter 24900 Summarn  y: 
[2025-01-17 01:30:19,504] INFO: 	 lr: 0.00030000000000000073 	 Training loss: 0.036783751994371415
[2025-01-17 01:30:29,499] INFO: Iter 25000 Summarn  y: 
[2025-01-17 01:30:29,499] INFO: 	 lr: 0.00030000000000000073 	 Training loss: 0.03678512491285801
[2025-01-17 01:30:40,412] INFO: Iter 25100 Summarn  y: 
[2025-01-17 01:30:40,413] INFO: 	 lr: 0.00030000000000000073 	 Training loss: 0.03690625112503767
[2025-01-17 01:30:52,538] INFO: Iter 25200 Summarn  y: 
[2025-01-17 01:30:52,539] INFO: 	 lr: 0.00030000000000000073 	 Training loss: 0.036648029386997225
[2025-01-17 01:31:03,846] INFO: Iter 25300 Summarn  y: 
[2025-01-17 01:31:03,847] INFO: 	 lr: 0.00030000000000000073 	 Training loss: 0.036668541841208935
[2025-01-17 01:31:14,309] INFO: Iter 25400 Summarn  y: 
[2025-01-17 01:31:14,309] INFO: 	 lr: 0.00030000000000000073 	 Training loss: 0.03689985319972038
[2025-01-17 01:31:25,834] INFO: Iter 25500 Summarn  y: 
[2025-01-17 01:31:25,834] INFO: 	 lr: 0.00030000000000000073 	 Training loss: 0.03677015833556652
[2025-01-17 01:31:37,667] INFO: Iter 25600 Summarn  y: 
[2025-01-17 01:31:37,667] INFO: 	 lr: 0.00030000000000000073 	 Training loss: 0.036754070855677126
[2025-01-17 01:31:47,174] INFO: Iter 25700 Summarn  y: 
[2025-01-17 01:31:47,175] INFO: 	 lr: 0.00030000000000000073 	 Training loss: 0.03675533212721348
[2025-01-17 01:31:57,638] INFO: Iter 25800 Summarn  y: 
[2025-01-17 01:31:57,638] INFO: 	 lr: 0.00030000000000000073 	 Training loss: 0.03664187368005514
[2025-01-17 01:32:10,970] INFO: Iter 25900 Summarn  y: 
[2025-01-17 01:32:10,970] INFO: 	 lr: 0.00030000000000000073 	 Training loss: 0.036791023202240467
[2025-01-17 01:32:20,158] INFO: Iter 26000 Summarn  y: 
[2025-01-17 01:32:20,159] INFO: 	 lr: 0.00030000000000000073 	 Training loss: 0.0364916355535388
[2025-01-17 01:32:33,463] INFO: Iter 26100 Summarn  y: 
[2025-01-17 01:32:33,464] INFO: 	 lr: 0.00030000000000000073 	 Training loss: 0.037062187865376475
[2025-01-17 01:32:44,991] INFO: Iter 26200 Summarn  y: 
[2025-01-17 01:32:44,991] INFO: 	 lr: 0.00030000000000000073 	 Training loss: 0.036639005951583384
[2025-01-17 01:32:57,090] INFO: Iter 26300 Summarn  y: 
[2025-01-17 01:32:57,090] INFO: 	 lr: 0.00030000000000000073 	 Training loss: 0.03676133461296558
[2025-01-17 01:33:08,467] INFO: Iter 26400 Summarn  y: 
[2025-01-17 01:33:08,468] INFO: 	 lr: 0.00030000000000000073 	 Training loss: 0.036553612239658834
[2025-01-17 01:33:19,521] INFO: Iter 26500 Summarn  y: 
[2025-01-17 01:33:19,522] INFO: 	 lr: 0.00030000000000000073 	 Training loss: 0.03674736499786377
[2025-01-17 01:33:30,820] INFO: Iter 26600 Summarn  y: 
[2025-01-17 01:33:30,820] INFO: 	 lr: 0.00030000000000000073 	 Training loss: 0.03663809344172478
[2025-01-17 01:33:40,302] INFO: Iter 26700 Summarn  y: 
[2025-01-17 01:33:40,302] INFO: 	 lr: 0.00030000000000000073 	 Training loss: 0.03648665137588978
[2025-01-17 01:33:52,137] INFO: Iter 26800 Summarn  y: 
[2025-01-17 01:33:52,137] INFO: 	 lr: 0.00030000000000000073 	 Training loss: 0.03687867745757103
[2025-01-17 01:34:01,579] INFO: Iter 26900 Summarn  y: 
[2025-01-17 01:34:01,579] INFO: 	 lr: 0.00030000000000000073 	 Training loss: 0.03660516869276762
[2025-01-17 01:34:12,385] INFO: Iter 27000 Summarn  y: 
[2025-01-17 01:34:12,386] INFO: 	 lr: 0.00030000000000000073 	 Training loss: 0.03648082323372364
[2025-01-17 01:34:23,343] INFO: Iter 27100 Summarn  y: 
[2025-01-17 01:34:23,343] INFO: 	 lr: 0.00030000000000000073 	 Training loss: 0.03644321542233229
[2025-01-17 01:34:34,290] INFO: Iter 27200 Summarn  y: 
[2025-01-17 01:34:34,290] INFO: 	 lr: 0.00030000000000000073 	 Training loss: 0.036782311871647835
[2025-01-17 01:34:45,289] INFO: Iter 27300 Summarn  y: 
[2025-01-17 01:34:45,290] INFO: 	 lr: 0.00030000000000000073 	 Training loss: 0.036607363894581794
[2025-01-17 01:34:55,271] INFO: Iter 27400 Summarn  y: 
[2025-01-17 01:34:55,271] INFO: 	 lr: 0.00030000000000000073 	 Training loss: 0.0367193067073822
[2025-01-17 01:35:04,648] INFO: Iter 27500 Summarn  y: 
[2025-01-17 01:35:04,648] INFO: 	 lr: 0.00030000000000000073 	 Training loss: 0.036576578728854656
[2025-01-17 01:35:15,250] INFO: Iter 27600 Summarn  y: 
[2025-01-17 01:35:15,251] INFO: 	 lr: 0.00030000000000000073 	 Training loss: 0.03651029996573925
[2025-01-17 01:35:25,341] INFO: Iter 27700 Summarn  y: 
[2025-01-17 01:35:25,341] INFO: 	 lr: 0.00030000000000000073 	 Training loss: 0.0367331949993968
[2025-01-17 01:35:36,591] INFO: Iter 27800 Summarn  y: 
[2025-01-17 01:35:36,591] INFO: 	 lr: 0.00030000000000000073 	 Training loss: 0.03651926081627607
[2025-01-17 01:35:46,071] INFO: Iter 27900 Summarn  y: 
[2025-01-17 01:35:46,071] INFO: 	 lr: 0.00030000000000000073 	 Training loss: 0.03656211726367473
[2025-01-17 01:35:57,250] INFO: Iter 28000 Summarn  y: 
[2025-01-17 01:35:57,250] INFO: 	 lr: 0.00030000000000000073 	 Training loss: 0.03670116052031517
[2025-01-17 01:36:11,897] INFO: Iter 28100 Summarn  y: 
[2025-01-17 01:36:11,897] INFO: 	 lr: 0.00030000000000000073 	 Training loss: 0.03666563283652067
[2025-01-17 01:36:22,467] INFO: Iter 28200 Summarn  y: 
[2025-01-17 01:36:22,467] INFO: 	 lr: 0.00030000000000000073 	 Training loss: 0.03653732091188431
[2025-01-17 01:36:32,206] INFO: Iter 28300 Summarn  y: 
[2025-01-17 01:36:32,207] INFO: 	 lr: 0.00030000000000000073 	 Training loss: 0.03649949736893177
[2025-01-17 01:36:42,244] INFO: Iter 28400 Summarn  y: 
[2025-01-17 01:36:42,244] INFO: 	 lr: 0.00030000000000000073 	 Training loss: 0.03654842671006918
[2025-01-17 01:36:53,627] INFO: Iter 28500 Summarn  y: 
[2025-01-17 01:36:53,628] INFO: 	 lr: 0.00030000000000000073 	 Training loss: 0.03641357839107513
[2025-01-17 01:37:05,002] INFO: Iter 28600 Summarn  y: 
[2025-01-17 01:37:05,002] INFO: 	 lr: 0.00030000000000000073 	 Training loss: 0.03627860572189093
[2025-01-17 01:37:13,707] INFO: Iter 28700 Summarn  y: 
[2025-01-17 01:37:13,707] INFO: 	 lr: 0.00030000000000000073 	 Training loss: 0.036607254333794116
[2025-01-17 01:37:23,495] INFO: Iter 28800 Summarn  y: 
[2025-01-17 01:37:23,495] INFO: 	 lr: 0.00030000000000000073 	 Training loss: 0.03650877956300974
[2025-01-17 01:37:32,772] INFO: Iter 28900 Summarn  y: 
[2025-01-17 01:37:32,772] INFO: 	 lr: 0.00030000000000000073 	 Training loss: 0.03642402656376362
[2025-01-17 01:37:43,216] INFO: Iter 29000 Summarn  y: 
[2025-01-17 01:37:43,217] INFO: 	 lr: 0.00030000000000000073 	 Training loss: 0.03678897988051176
[2025-01-17 01:37:53,913] INFO: Iter 29100 Summarn  y: 
[2025-01-17 01:37:53,913] INFO: 	 lr: 0.00030000000000000073 	 Training loss: 0.03663045242428779
[2025-01-17 01:38:06,219] INFO: Iter 29200 Summarn  y: 
[2025-01-17 01:38:06,220] INFO: 	 lr: 0.00030000000000000073 	 Training loss: 0.03664015751332045
[2025-01-17 01:38:15,949] INFO: Iter 29300 Summarn  y: 
[2025-01-17 01:38:15,949] INFO: 	 lr: 0.00030000000000000073 	 Training loss: 0.03653388168662786
[2025-01-17 01:38:27,021] INFO: Iter 29400 Summarn  y: 
[2025-01-17 01:38:27,021] INFO: 	 lr: 0.00030000000000000073 	 Training loss: 0.03657398350536823
[2025-01-17 01:38:37,038] INFO: Iter 29500 Summarn  y: 
[2025-01-17 01:38:37,039] INFO: 	 lr: 0.00030000000000000073 	 Training loss: 0.03650668490678072
[2025-01-17 01:38:48,087] INFO: Iter 29600 Summarn  y: 
[2025-01-17 01:38:48,087] INFO: 	 lr: 0.00030000000000000073 	 Training loss: 0.03659217037260532
[2025-01-17 01:38:58,368] INFO: Iter 29700 Summarn  y: 
[2025-01-17 01:38:58,369] INFO: 	 lr: 0.00030000000000000073 	 Training loss: 0.03643390774726868
[2025-01-17 01:39:07,747] INFO: Iter 29800 Summarn  y: 
[2025-01-17 01:39:07,748] INFO: 	 lr: 0.00030000000000000073 	 Training loss: 0.03654599759727716
[2025-01-17 01:39:20,588] INFO: Iter 29900 Summarn  y: 
[2025-01-17 01:39:20,589] INFO: 	 lr: 0.00030000000000000073 	 Training loss: 0.036855663768947125
[2025-01-17 01:39:30,982] INFO: Iter 30000 Summarn  y: 
[2025-01-17 01:39:30,982] INFO: 	 lr: 0.00030000000000000073 	 Training loss: 0.036580297946929935
[2025-01-17 01:39:43,444] INFO: Iter 30100 Summarn  y: 
[2025-01-17 01:39:43,444] INFO: 	 lr: 1.2900000000000026e-05 	 Training loss: 0.03561159960925579
[2025-01-17 01:39:53,808] INFO: Iter 30200 Summarn  y: 
[2025-01-17 01:39:53,809] INFO: 	 lr: 1.000000000000002e-05 	 Training loss: 0.03536613196134567
[2025-01-17 01:40:04,727] INFO: Iter 30300 Summarn  y: 
[2025-01-17 01:40:04,727] INFO: 	 lr: 1.000000000000002e-05 	 Training loss: 0.03514566663652659
[2025-01-17 01:40:16,043] INFO: Iter 30400 Summarn  y: 
[2025-01-17 01:40:16,043] INFO: 	 lr: 1.000000000000002e-05 	 Training loss: 0.03542146705091
[2025-01-17 01:40:26,425] INFO: Iter 30500 Summarn  y: 
[2025-01-17 01:40:26,426] INFO: 	 lr: 1.000000000000002e-05 	 Training loss: 0.035147493071854115
[2025-01-17 01:40:38,847] INFO: Iter 30600 Summarn  y: 
[2025-01-17 01:40:38,848] INFO: 	 lr: 1.000000000000002e-05 	 Training loss: 0.035356151536107064
[2025-01-17 01:40:50,316] INFO: Iter 30700 Summarn  y: 
[2025-01-17 01:40:50,316] INFO: 	 lr: 1.000000000000002e-05 	 Training loss: 0.034882057160139084
[2025-01-17 01:41:01,058] INFO: Iter 30800 Summarn  y: 
[2025-01-17 01:41:01,058] INFO: 	 lr: 1.000000000000002e-05 	 Training loss: 0.03497444480657577
[2025-01-17 01:41:11,966] INFO: Iter 30900 Summarn  y: 
[2025-01-17 01:41:11,966] INFO: 	 lr: 1.000000000000002e-05 	 Training loss: 0.03485361747443676
[2025-01-17 01:41:23,254] INFO: Iter 31000 Summarn  y: 
[2025-01-17 01:41:23,254] INFO: 	 lr: 1.000000000000002e-05 	 Training loss: 0.03489671595394611
[2025-01-17 01:41:34,029] INFO: Iter 31100 Summarn  y: 
[2025-01-17 01:41:34,030] INFO: 	 lr: 1.000000000000002e-05 	 Training loss: 0.03506339281797409
[2025-01-17 01:41:44,758] INFO: Iter 31200 Summarn  y: 
[2025-01-17 01:41:44,758] INFO: 	 lr: 1.000000000000002e-05 	 Training loss: 0.03508069813251495
[2025-01-17 01:41:55,072] INFO: Iter 31300 Summarn  y: 
[2025-01-17 01:41:55,072] INFO: 	 lr: 1.000000000000002e-05 	 Training loss: 0.03469357181340456
[2025-01-17 01:42:03,430] INFO: Iter 31400 Summarn  y: 
[2025-01-17 01:42:03,430] INFO: 	 lr: 1.000000000000002e-05 	 Training loss: 0.03500014141201973
[2025-01-17 01:42:14,432] INFO: Iter 31500 Summarn  y: 
[2025-01-17 01:42:14,433] INFO: 	 lr: 1.000000000000002e-05 	 Training loss: 0.03478299412876368
[2025-01-17 01:42:24,227] INFO: Iter 31600 Summarn  y: 
[2025-01-17 01:42:24,227] INFO: 	 lr: 1.000000000000002e-05 	 Training loss: 0.03477292878553271
[2025-01-17 01:42:35,531] INFO: Iter 31700 Summarn  y: 
[2025-01-17 01:42:35,531] INFO: 	 lr: 1.000000000000002e-05 	 Training loss: 0.034829062204808
[2025-01-17 01:42:46,439] INFO: Iter 31800 Summarn  y: 
[2025-01-17 01:42:46,439] INFO: 	 lr: 1.000000000000002e-05 	 Training loss: 0.034965244717895985
[2025-01-17 01:42:56,404] INFO: Iter 31900 Summarn  y: 
[2025-01-17 01:42:56,404] INFO: 	 lr: 1.000000000000002e-05 	 Training loss: 0.034955861680209636
[2025-01-17 01:43:06,560] INFO: Iter 32000 Summarn  y: 
[2025-01-17 01:43:06,561] INFO: 	 lr: 1.000000000000002e-05 	 Training loss: 0.03480248879641294
[2025-01-17 01:43:18,844] INFO: Iter 32100 Summarn  y: 
[2025-01-17 01:43:18,844] INFO: 	 lr: 1.000000000000002e-05 	 Training loss: 0.03489431079477072
[2025-01-17 01:43:30,096] INFO: Iter 32200 Summarn  y: 
[2025-01-17 01:43:30,096] INFO: 	 lr: 1.000000000000002e-05 	 Training loss: 0.03485970579087734
[2025-01-17 01:43:40,927] INFO: Iter 32300 Summarn  y: 
[2025-01-17 01:43:40,928] INFO: 	 lr: 1.000000000000002e-05 	 Training loss: 0.034830422028899195
[2025-01-17 01:43:51,586] INFO: Iter 32400 Summarn  y: 
[2025-01-17 01:43:51,586] INFO: 	 lr: 1.000000000000002e-05 	 Training loss: 0.03478069432079792
[2025-01-17 01:44:02,782] INFO: Iter 32500 Summarn  y: 
[2025-01-17 01:44:02,783] INFO: 	 lr: 1.000000000000002e-05 	 Training loss: 0.03463271517306566
[2025-01-17 01:44:13,249] INFO: Iter 32600 Summarn  y: 
[2025-01-17 01:44:13,249] INFO: 	 lr: 1.000000000000002e-05 	 Training loss: 0.03475959897041321
[2025-01-17 01:44:23,910] INFO: Iter 32700 Summarn  y: 
[2025-01-17 01:44:23,910] INFO: 	 lr: 1.000000000000002e-05 	 Training loss: 0.03484896682202816
[2025-01-17 01:44:32,983] INFO: Iter 32800 Summarn  y: 
[2025-01-17 01:44:32,983] INFO: 	 lr: 1.000000000000002e-05 	 Training loss: 0.03466729551553726
[2025-01-17 01:44:42,568] INFO: Iter 32900 Summarn  y: 
[2025-01-17 01:44:42,568] INFO: 	 lr: 1.000000000000002e-05 	 Training loss: 0.034669417925179004
[2025-01-17 01:44:54,396] INFO: Iter 33000 Summarn  y: 
[2025-01-17 01:44:54,396] INFO: 	 lr: 1.000000000000002e-05 	 Training loss: 0.034479109980165956
[2025-01-17 01:45:04,495] INFO: Iter 33100 Summarn  y: 
[2025-01-17 01:45:04,496] INFO: 	 lr: 1.000000000000002e-05 	 Training loss: 0.03486290037631989
[2025-01-17 01:45:13,642] INFO: Iter 33200 Summarn  y: 
[2025-01-17 01:45:13,643] INFO: 	 lr: 1.000000000000002e-05 	 Training loss: 0.034828325994312764
[2025-01-17 01:45:25,799] INFO: Iter 33300 Summarn  y: 
[2025-01-17 01:45:25,800] INFO: 	 lr: 1.000000000000002e-05 	 Training loss: 0.034685218185186384
[2025-01-17 01:45:35,517] INFO: Iter 33400 Summarn  y: 
[2025-01-17 01:45:35,517] INFO: 	 lr: 1.000000000000002e-05 	 Training loss: 0.034524533189833166
[2025-01-17 01:45:45,072] INFO: Iter 33500 Summarn  y: 
[2025-01-17 01:45:45,072] INFO: 	 lr: 1.000000000000002e-05 	 Training loss: 0.03471295274794102
[2025-01-17 01:45:54,637] INFO: Iter 33600 Summarn  y: 
[2025-01-17 01:45:54,637] INFO: 	 lr: 1.000000000000002e-05 	 Training loss: 0.03450954841449857
[2025-01-17 01:46:03,990] INFO: Iter 33700 Summarn  y: 
[2025-01-17 01:46:03,990] INFO: 	 lr: 1.000000000000002e-05 	 Training loss: 0.034817324988543986
[2025-01-17 01:46:15,426] INFO: Iter 33800 Summarn  y: 
[2025-01-17 01:46:15,426] INFO: 	 lr: 1.000000000000002e-05 	 Training loss: 0.03470112457871437
[2025-01-17 01:46:25,101] INFO: Iter 33900 Summarn  y: 
[2025-01-17 01:46:25,101] INFO: 	 lr: 1.000000000000002e-05 	 Training loss: 0.03478424280881882
[2025-01-17 01:46:35,911] INFO: Iter 34000 Summarn  y: 
[2025-01-17 01:46:35,911] INFO: 	 lr: 1.000000000000002e-05 	 Training loss: 0.03476230062544346
[2025-01-17 01:46:49,264] INFO: Iter 34100 Summarn  y: 
[2025-01-17 01:46:49,264] INFO: 	 lr: 1.000000000000002e-05 	 Training loss: 0.03460219565778971
[2025-01-17 01:46:59,718] INFO: Iter 34200 Summarn  y: 
[2025-01-17 01:46:59,718] INFO: 	 lr: 1.000000000000002e-05 	 Training loss: 0.03454503860324621
[2025-01-17 01:47:08,844] INFO: Iter 34300 Summarn  y: 
[2025-01-17 01:47:08,844] INFO: 	 lr: 1.000000000000002e-05 	 Training loss: 0.03465146899223328
[2025-01-17 01:47:18,522] INFO: Iter 34400 Summarn  y: 
[2025-01-17 01:47:18,522] INFO: 	 lr: 1.000000000000002e-05 	 Training loss: 0.034726236462593076
[2025-01-17 01:47:28,222] INFO: Iter 34500 Summarn  y: 
[2025-01-17 01:47:28,222] INFO: 	 lr: 1.000000000000002e-05 	 Training loss: 0.03474228523671627
[2025-01-17 01:47:38,879] INFO: Iter 34600 Summarn  y: 
[2025-01-17 01:47:38,880] INFO: 	 lr: 1.000000000000002e-05 	 Training loss: 0.03450765814632177
[2025-01-17 01:47:49,680] INFO: Iter 34700 Summarn  y: 
[2025-01-17 01:47:49,681] INFO: 	 lr: 1.000000000000002e-05 	 Training loss: 0.034317621178925034
[2025-01-17 01:48:00,020] INFO: Iter 34800 Summarn  y: 
[2025-01-17 01:48:00,021] INFO: 	 lr: 1.000000000000002e-05 	 Training loss: 0.03442382410168648
[2025-01-17 01:48:10,459] INFO: Iter 34900 Summarn  y: 
[2025-01-17 01:48:10,459] INFO: 	 lr: 1.000000000000002e-05 	 Training loss: 0.03458838239312172
[2025-01-17 01:48:21,273] INFO: Iter 35000 Summarn  y: 
[2025-01-17 01:48:21,273] INFO: 	 lr: 1.000000000000002e-05 	 Training loss: 0.034533806033432486
[2025-01-17 01:48:32,227] INFO: Iter 35100 Summarn  y: 
[2025-01-17 01:48:32,227] INFO: 	 lr: 1.000000000000002e-05 	 Training loss: 0.034705764912068844
[2025-01-17 01:48:41,890] INFO: Iter 35200 Summarn  y: 
[2025-01-17 01:48:41,890] INFO: 	 lr: 1.000000000000002e-05 	 Training loss: 0.03472212314605713
[2025-01-17 01:48:52,875] INFO: Iter 35300 Summarn  y: 
[2025-01-17 01:48:52,875] INFO: 	 lr: 1.000000000000002e-05 	 Training loss: 0.03463944047689438
[2025-01-17 01:49:03,742] INFO: Iter 35400 Summarn  y: 
[2025-01-17 01:49:03,743] INFO: 	 lr: 1.000000000000002e-05 	 Training loss: 0.03488498091697693
[2025-01-17 01:49:14,811] INFO: Iter 35500 Summarn  y: 
[2025-01-17 01:49:14,811] INFO: 	 lr: 1.000000000000002e-05 	 Training loss: 0.03439593922346831
[2025-01-17 01:49:25,607] INFO: Iter 35600 Summarn  y: 
[2025-01-17 01:49:25,608] INFO: 	 lr: 1.000000000000002e-05 	 Training loss: 0.034530163556337354
[2025-01-17 01:49:35,313] INFO: Iter 35700 Summarn  y: 
[2025-01-17 01:49:35,314] INFO: 	 lr: 1.000000000000002e-05 	 Training loss: 0.03450771560892463
[2025-01-17 01:49:45,693] INFO: Iter 35800 Summarn  y: 
[2025-01-17 01:49:45,693] INFO: 	 lr: 1.000000000000002e-05 	 Training loss: 0.034441151507198814
[2025-01-17 01:49:56,427] INFO: Iter 35900 Summarn  y: 
[2025-01-17 01:49:56,428] INFO: 	 lr: 1.000000000000002e-05 	 Training loss: 0.03448245566338301
[2025-01-17 01:50:08,187] INFO: Iter 36000 Summarn  y: 
[2025-01-17 01:50:08,187] INFO: 	 lr: 1.000000000000002e-05 	 Training loss: 0.034471294432878496
[2025-01-17 01:50:20,707] INFO: Iter 36100 Summarn  y: 
[2025-01-17 01:50:20,708] INFO: 	 lr: 1.000000000000002e-05 	 Training loss: 0.034308861456811425
[2025-01-17 01:50:31,518] INFO: Iter 36200 Summarn  y: 
[2025-01-17 01:50:31,519] INFO: 	 lr: 1.000000000000002e-05 	 Training loss: 0.03479497291147709
[2025-01-17 01:50:42,826] INFO: Iter 36300 Summarn  y: 
[2025-01-17 01:50:42,826] INFO: 	 lr: 1.000000000000002e-05 	 Training loss: 0.03457609660923481
[2025-01-17 01:50:53,504] INFO: Iter 36400 Summarn  y: 
[2025-01-17 01:50:53,504] INFO: 	 lr: 1.000000000000002e-05 	 Training loss: 0.03454846512526274
[2025-01-17 01:51:04,202] INFO: Iter 36500 Summarn  y: 
[2025-01-17 01:51:04,202] INFO: 	 lr: 1.000000000000002e-05 	 Training loss: 0.034584254696965216
[2025-01-17 01:51:14,740] INFO: Iter 36600 Summarn  y: 
[2025-01-17 01:51:14,740] INFO: 	 lr: 1.000000000000002e-05 	 Training loss: 0.034317600801587106
[2025-01-17 01:51:25,974] INFO: Iter 36700 Summarn  y: 
[2025-01-17 01:51:25,974] INFO: 	 lr: 1.000000000000002e-05 	 Training loss: 0.03435165388509631
[2025-01-17 01:51:35,536] INFO: Iter 36800 Summarn  y: 
[2025-01-17 01:51:35,536] INFO: 	 lr: 1.000000000000002e-05 	 Training loss: 0.03449481837451458
[2025-01-17 01:51:45,444] INFO: Iter 36900 Summarn  y: 
[2025-01-17 01:51:45,445] INFO: 	 lr: 1.000000000000002e-05 	 Training loss: 0.03444898936897516
[2025-01-17 01:51:56,681] INFO: Iter 37000 Summarn  y: 
[2025-01-17 01:51:56,682] INFO: 	 lr: 1.000000000000002e-05 	 Training loss: 0.03463870543986559
[2025-01-17 01:52:07,781] INFO: Iter 37100 Summarn  y: 
[2025-01-17 01:52:07,781] INFO: 	 lr: 1.000000000000002e-05 	 Training loss: 0.03446618128567934
[2025-01-17 01:52:17,492] INFO: Iter 37200 Summarn  y: 
[2025-01-17 01:52:17,492] INFO: 	 lr: 1.000000000000002e-05 	 Training loss: 0.034543054029345516
[2025-01-17 01:52:28,268] INFO: Iter 37300 Summarn  y: 
[2025-01-17 01:52:28,268] INFO: 	 lr: 1.000000000000002e-05 	 Training loss: 0.03444128960371017
[2025-01-17 01:52:38,172] INFO: Iter 37400 Summarn  y: 
[2025-01-17 01:52:38,173] INFO: 	 lr: 1.000000000000002e-05 	 Training loss: 0.03422055948525667
[2025-01-17 01:52:49,514] INFO: Iter 37500 Summarn  y: 
[2025-01-17 01:52:49,514] INFO: 	 lr: 1.000000000000002e-05 	 Training loss: 0.03478564254939556
[2025-01-17 01:53:00,089] INFO: Iter 37600 Summarn  y: 
[2025-01-17 01:53:00,089] INFO: 	 lr: 1.000000000000002e-05 	 Training loss: 0.0342670040205121
[2025-01-17 01:53:10,905] INFO: Iter 37700 Summarn  y: 
[2025-01-17 01:53:10,905] INFO: 	 lr: 1.000000000000002e-05 	 Training loss: 0.03450328953564167
[2025-01-17 01:53:21,277] INFO: Iter 37800 Summarn  y: 
[2025-01-17 01:53:21,277] INFO: 	 lr: 1.000000000000002e-05 	 Training loss: 0.034535019844770434
[2025-01-17 01:53:31,771] INFO: Iter 37900 Summarn  y: 
[2025-01-17 01:53:31,771] INFO: 	 lr: 1.000000000000002e-05 	 Training loss: 0.03421469772234559
[2025-01-17 01:53:41,544] INFO: Iter 38000 Summarn  y: 
[2025-01-17 01:53:41,544] INFO: 	 lr: 1.000000000000002e-05 	 Training loss: 0.0343245467543602
[2025-01-17 01:53:54,830] INFO: Iter 38100 Summarn  y: 
[2025-01-17 01:53:54,830] INFO: 	 lr: 1.000000000000002e-05 	 Training loss: 0.03436036609113216
[2025-01-17 01:54:05,308] INFO: Iter 38200 Summarn  y: 
[2025-01-17 01:54:05,309] INFO: 	 lr: 1.000000000000002e-05 	 Training loss: 0.03440752346068621
[2025-01-17 01:54:15,664] INFO: Iter 38300 Summarn  y: 
[2025-01-17 01:54:15,664] INFO: 	 lr: 1.000000000000002e-05 	 Training loss: 0.034368162788450715
[2025-01-17 01:54:26,582] INFO: Iter 38400 Summarn  y: 
[2025-01-17 01:54:26,582] INFO: 	 lr: 1.000000000000002e-05 	 Training loss: 0.03423197923228145
[2025-01-17 01:54:36,897] INFO: Iter 38500 Summarn  y: 
[2025-01-17 01:54:36,897] INFO: 	 lr: 1.000000000000002e-05 	 Training loss: 0.034489561896771194
[2025-01-17 01:54:47,858] INFO: Iter 38600 Summarn  y: 
[2025-01-17 01:54:47,858] INFO: 	 lr: 1.000000000000002e-05 	 Training loss: 0.0343565084412694
[2025-01-17 01:54:58,079] INFO: Iter 38700 Summarn  y: 
[2025-01-17 01:54:58,079] INFO: 	 lr: 1.000000000000002e-05 	 Training loss: 0.03467776641249656
[2025-01-17 01:55:09,385] INFO: Iter 38800 Summarn  y: 
[2025-01-17 01:55:09,386] INFO: 	 lr: 1.000000000000002e-05 	 Training loss: 0.0342255132086575
[2025-01-17 01:55:19,994] INFO: Iter 38900 Summarn  y: 
[2025-01-17 01:55:19,995] INFO: 	 lr: 1.000000000000002e-05 	 Training loss: 0.0344323693588376
[2025-01-17 01:55:29,669] INFO: Iter 39000 Summarn  y: 
[2025-01-17 01:55:29,670] INFO: 	 lr: 1.000000000000002e-05 	 Training loss: 0.034670679569244384
[2025-01-17 01:55:39,681] INFO: Iter 39100 Summarn  y: 
[2025-01-17 01:55:39,681] INFO: 	 lr: 1.000000000000002e-05 	 Training loss: 0.034452641010284425
[2025-01-17 01:55:48,818] INFO: Iter 39200 Summarn  y: 
[2025-01-17 01:55:48,818] INFO: 	 lr: 1.000000000000002e-05 	 Training loss: 0.034347239136695865
[2025-01-17 01:55:58,687] INFO: Iter 39300 Summarn  y: 
[2025-01-17 01:55:58,687] INFO: 	 lr: 1.000000000000002e-05 	 Training loss: 0.03449374135583639
[2025-01-17 01:56:11,139] INFO: Iter 39400 Summarn  y: 
[2025-01-17 01:56:11,140] INFO: 	 lr: 1.000000000000002e-05 	 Training loss: 0.034177524149417875
[2025-01-17 01:56:20,447] INFO: Iter 39500 Summarn  y: 
[2025-01-17 01:56:20,448] INFO: 	 lr: 1.000000000000002e-05 	 Training loss: 0.03420247506350279
[2025-01-17 01:56:30,631] INFO: Iter 39600 Summarn  y: 
[2025-01-17 01:56:30,631] INFO: 	 lr: 1.000000000000002e-05 	 Training loss: 0.03439503889530897
[2025-01-17 01:56:41,333] INFO: Iter 39700 Summarn  y: 
[2025-01-17 01:56:41,334] INFO: 	 lr: 1.000000000000002e-05 	 Training loss: 0.03447130626067519
[2025-01-17 01:56:52,187] INFO: Iter 39800 Summarn  y: 
[2025-01-17 01:56:52,187] INFO: 	 lr: 1.000000000000002e-05 	 Training loss: 0.03447454150766134
[2025-01-17 01:57:03,168] INFO: Iter 39900 Summarn  y: 
[2025-01-17 01:57:03,168] INFO: 	 lr: 1.000000000000002e-05 	 Training loss: 0.03420548480004072
[2025-01-17 01:57:14,276] INFO: Iter 40000 Summarn  y: 
[2025-01-17 01:57:14,277] INFO: 	 lr: 1.000000000000002e-05 	 Training loss: 0.034553278144448994
[2025-01-17 01:57:29,288] INFO: Iter 40100 Summarn  y: 
[2025-01-17 01:57:29,289] INFO: 	 lr: 1.000000000000002e-05 	 Training loss: 0.03449606467038393
[2025-01-17 01:57:39,368] INFO: Iter 40200 Summarn  y: 
[2025-01-17 01:57:39,368] INFO: 	 lr: 1.000000000000002e-05 	 Training loss: 0.03464853923767805
[2025-01-17 01:57:48,952] INFO: Iter 40300 Summarn  y: 
[2025-01-17 01:57:48,952] INFO: 	 lr: 1.000000000000002e-05 	 Training loss: 0.03434578293934464
[2025-01-17 01:57:56,781] INFO: Iter 40400 Summarn  y: 
[2025-01-17 01:57:56,781] INFO: 	 lr: 1.000000000000002e-05 	 Training loss: 0.034166247807443144
[2025-01-17 01:58:06,870] INFO: Iter 40500 Summarn  y: 
[2025-01-17 01:58:06,870] INFO: 	 lr: 1.000000000000002e-05 	 Training loss: 0.03450277265161276
[2025-01-17 01:58:16,730] INFO: Iter 40600 Summarn  y: 
[2025-01-17 01:58:16,730] INFO: 	 lr: 1.000000000000002e-05 	 Training loss: 0.03430321082472801
[2025-01-17 01:58:26,734] INFO: Iter 40700 Summarn  y: 
[2025-01-17 01:58:26,734] INFO: 	 lr: 1.000000000000002e-05 	 Training loss: 0.03432863565161824
[2025-01-17 01:58:36,553] INFO: Iter 40800 Summarn  y: 
[2025-01-17 01:58:36,553] INFO: 	 lr: 1.000000000000002e-05 	 Training loss: 0.034274397008121016
[2025-01-17 01:58:46,646] INFO: Iter 40900 Summarn  y: 
[2025-01-17 01:58:46,646] INFO: 	 lr: 1.000000000000002e-05 	 Training loss: 0.03414314797148108
[2025-01-17 01:58:56,036] INFO: Iter 41000 Summarn  y: 
[2025-01-17 01:58:56,037] INFO: 	 lr: 1.000000000000002e-05 	 Training loss: 0.0344036540389061
[2025-01-17 01:59:06,294] INFO: Iter 41100 Summarn  y: 
[2025-01-17 01:59:06,295] INFO: 	 lr: 1.000000000000002e-05 	 Training loss: 0.03418986920267344
[2025-01-17 01:59:17,117] INFO: Iter 41200 Summarn  y: 
[2025-01-17 01:59:17,117] INFO: 	 lr: 1.000000000000002e-05 	 Training loss: 0.03469428244978189
[2025-01-17 01:59:26,866] INFO: Iter 41300 Summarn  y: 
[2025-01-17 01:59:26,866] INFO: 	 lr: 1.000000000000002e-05 	 Training loss: 0.03432845950126648
[2025-01-17 01:59:37,253] INFO: Iter 41400 Summarn  y: 
[2025-01-17 01:59:37,253] INFO: 	 lr: 1.000000000000002e-05 	 Training loss: 0.03421673059463501
[2025-01-17 01:59:48,102] INFO: Iter 41500 Summarn  y: 
[2025-01-17 01:59:48,103] INFO: 	 lr: 1.000000000000002e-05 	 Training loss: 0.034298956617712976
[2025-01-17 01:59:59,872] INFO: Iter 41600 Summarn  y: 
[2025-01-17 01:59:59,873] INFO: 	 lr: 1.000000000000002e-05 	 Training loss: 0.03399034282192588
[2025-01-17 02:00:10,302] INFO: Iter 41700 Summarn  y: 
[2025-01-17 02:00:10,303] INFO: 	 lr: 1.000000000000002e-05 	 Training loss: 0.03429567713290453
[2025-01-17 02:00:18,994] INFO: Iter 41800 Summarn  y: 
[2025-01-17 02:00:18,995] INFO: 	 lr: 1.000000000000002e-05 	 Training loss: 0.034408515486866235
[2025-01-17 02:00:27,930] INFO: Iter 41900 Summarn  y: 
[2025-01-17 02:00:27,930] INFO: 	 lr: 1.000000000000002e-05 	 Training loss: 0.034326318949460984
[2025-01-17 02:00:37,529] INFO: Iter 42000 Summarn  y: 
[2025-01-17 02:00:37,530] INFO: 	 lr: 1.000000000000002e-05 	 Training loss: 0.034313708953559396
[2025-01-17 02:00:49,286] INFO: Iter 42100 Summarn  y: 
[2025-01-17 02:00:49,286] INFO: 	 lr: 1.000000000000002e-05 	 Training loss: 0.03419005010277033
[2025-01-17 02:01:00,462] INFO: Iter 42200 Summarn  y: 
[2025-01-17 02:01:00,462] INFO: 	 lr: 1.000000000000002e-05 	 Training loss: 0.03425284136086702
[2025-01-17 02:01:11,544] INFO: Iter 42300 Summarn  y: 
[2025-01-17 02:01:11,544] INFO: 	 lr: 1.000000000000002e-05 	 Training loss: 0.034157822225242856
[2025-01-17 02:01:21,066] INFO: Iter 42400 Summarn  y: 
[2025-01-17 02:01:21,066] INFO: 	 lr: 1.000000000000002e-05 	 Training loss: 0.03433230005204677
[2025-01-17 02:01:31,079] INFO: Iter 42500 Summarn  y: 
[2025-01-17 02:01:31,080] INFO: 	 lr: 1.000000000000002e-05 	 Training loss: 0.03437663126736879
[2025-01-17 02:01:41,934] INFO: Iter 42600 Summarn  y: 
[2025-01-17 02:01:41,935] INFO: 	 lr: 1.000000000000002e-05 	 Training loss: 0.03430041812360287
[2025-01-17 02:01:51,828] INFO: Iter 42700 Summarn  y: 
[2025-01-17 02:01:51,829] INFO: 	 lr: 1.000000000000002e-05 	 Training loss: 0.03434799067676067
[2025-01-17 02:02:03,436] INFO: Iter 42800 Summarn  y: 
[2025-01-17 02:02:03,436] INFO: 	 lr: 1.000000000000002e-05 	 Training loss: 0.034268894903361796
[2025-01-17 02:02:14,220] INFO: Iter 42900 Summarn  y: 
[2025-01-17 02:02:14,221] INFO: 	 lr: 1.000000000000002e-05 	 Training loss: 0.03421388398855925
[2025-01-17 02:02:24,694] INFO: Iter 43000 Summarn  y: 
[2025-01-17 02:02:24,694] INFO: 	 lr: 1.000000000000002e-05 	 Training loss: 0.034407658278942106
[2025-01-17 02:02:34,035] INFO: Iter 43100 Summarn  y: 
[2025-01-17 02:02:34,035] INFO: 	 lr: 1.000000000000002e-05 	 Training loss: 0.034133230485022065
[2025-01-17 02:02:43,975] INFO: Iter 43200 Summarn  y: 
[2025-01-17 02:02:43,976] INFO: 	 lr: 1.000000000000002e-05 	 Training loss: 0.03421393092721701
[2025-01-17 02:02:54,026] INFO: Iter 43300 Summarn  y: 
[2025-01-17 02:02:54,026] INFO: 	 lr: 1.000000000000002e-05 	 Training loss: 0.03425400234758854
[2025-01-17 02:03:05,881] INFO: Iter 43400 Summarn  y: 
[2025-01-17 02:03:05,881] INFO: 	 lr: 1.000000000000002e-05 	 Training loss: 0.0344240996055305
[2025-01-17 02:03:15,588] INFO: Iter 43500 Summarn  y: 
[2025-01-17 02:03:15,589] INFO: 	 lr: 1.000000000000002e-05 	 Training loss: 0.034126435983926055
[2025-01-17 02:03:25,587] INFO: Iter 43600 Summarn  y: 
[2025-01-17 02:03:25,588] INFO: 	 lr: 1.000000000000002e-05 	 Training loss: 0.034286006055772304
[2025-01-17 02:03:36,183] INFO: Iter 43700 Summarn  y: 
[2025-01-17 02:03:36,183] INFO: 	 lr: 1.000000000000002e-05 	 Training loss: 0.03417461019009352
[2025-01-17 02:03:46,602] INFO: Iter 43800 Summarn  y: 
[2025-01-17 02:03:46,602] INFO: 	 lr: 1.000000000000002e-05 	 Training loss: 0.03434817105531693
[2025-01-17 02:03:57,508] INFO: Iter 43900 Summarn  y: 
[2025-01-17 02:03:57,509] INFO: 	 lr: 1.000000000000002e-05 	 Training loss: 0.03420191295444965
[2025-01-17 02:04:07,725] INFO: Iter 44000 Summarn  y: 
[2025-01-17 02:04:07,725] INFO: 	 lr: 1.000000000000002e-05 	 Training loss: 0.03425685927271843
[2025-01-17 02:04:19,737] INFO: Iter 44100 Summarn  y: 
[2025-01-17 02:04:19,738] INFO: 	 lr: 1.000000000000002e-05 	 Training loss: 0.03426468014717102
[2025-01-17 02:04:31,430] INFO: Iter 44200 Summarn  y: 
[2025-01-17 02:04:31,431] INFO: 	 lr: 1.000000000000002e-05 	 Training loss: 0.03425877194851637
[2025-01-17 02:04:42,347] INFO: Iter 44300 Summarn  y: 
[2025-01-17 02:04:42,347] INFO: 	 lr: 1.000000000000002e-05 	 Training loss: 0.0343784886226058
[2025-01-17 02:04:52,222] INFO: Iter 44400 Summarn  y: 
[2025-01-17 02:04:52,222] INFO: 	 lr: 1.000000000000002e-05 	 Training loss: 0.03442540928721428
[2025-01-17 02:05:03,341] INFO: Iter 44500 Summarn  y: 
[2025-01-17 02:05:03,341] INFO: 	 lr: 1.000000000000002e-05 	 Training loss: 0.03423387851566076
[2025-01-17 02:05:13,738] INFO: Iter 44600 Summarn  y: 
[2025-01-17 02:05:13,738] INFO: 	 lr: 1.000000000000002e-05 	 Training loss: 0.03411405324935913
[2025-01-17 02:05:22,898] INFO: Iter 44700 Summarn  y: 
[2025-01-17 02:05:22,898] INFO: 	 lr: 1.000000000000002e-05 	 Training loss: 0.03439497523009777
[2025-01-17 02:05:33,370] INFO: Iter 44800 Summarn  y: 
[2025-01-17 02:05:33,371] INFO: 	 lr: 1.000000000000002e-05 	 Training loss: 0.03402458574622869
[2025-01-17 02:05:44,924] INFO: Iter 44900 Summarn  y: 
[2025-01-17 02:05:44,924] INFO: 	 lr: 1.000000000000002e-05 	 Training loss: 0.03422525282949209
[2025-01-17 02:05:56,046] INFO: Iter 45000 Summarn  y: 
[2025-01-17 02:05:56,047] INFO: 	 lr: 1.000000000000002e-05 	 Training loss: 0.03412313114851713
[2025-01-17 02:06:07,522] INFO: Iter 45100 Summarn  y: 
[2025-01-17 02:06:07,522] INFO: 	 lr: 1.000000000000002e-05 	 Training loss: 0.03417362578213215
[2025-01-17 02:06:17,110] INFO: Iter 45200 Summarn  y: 
[2025-01-17 02:06:17,110] INFO: 	 lr: 1.000000000000002e-05 	 Training loss: 0.034262812696397305
[2025-01-17 02:06:27,998] INFO: Iter 45300 Summarn  y: 
[2025-01-17 02:06:27,998] INFO: 	 lr: 1.000000000000002e-05 	 Training loss: 0.03425032995641231
[2025-01-17 02:06:38,673] INFO: Iter 45400 Summarn  y: 
[2025-01-17 02:06:38,674] INFO: 	 lr: 1.000000000000002e-05 	 Training loss: 0.03421427562832832
[2025-01-17 02:06:49,527] INFO: Iter 45500 Summarn  y: 
[2025-01-17 02:06:49,527] INFO: 	 lr: 1.000000000000002e-05 	 Training loss: 0.0341232568770647
[2025-01-17 02:06:58,408] INFO: Iter 45600 Summarn  y: 
[2025-01-17 02:06:58,409] INFO: 	 lr: 1.000000000000002e-05 	 Training loss: 0.03427337925881147
[2025-01-17 02:07:08,821] INFO: Iter 45700 Summarn  y: 
[2025-01-17 02:07:08,821] INFO: 	 lr: 1.000000000000002e-05 	 Training loss: 0.034024469740688804
[2025-01-17 02:07:18,836] INFO: Iter 45800 Summarn  y: 
[2025-01-17 02:07:18,836] INFO: 	 lr: 1.000000000000002e-05 	 Training loss: 0.03406400494277477
[2025-01-17 02:07:29,713] INFO: Iter 45900 Summarn  y: 
[2025-01-17 02:07:29,713] INFO: 	 lr: 1.000000000000002e-05 	 Training loss: 0.03409786533564329
[2025-01-17 02:07:40,491] INFO: Iter 46000 Summarn  y: 
[2025-01-17 02:07:40,491] INFO: 	 lr: 1.000000000000002e-05 	 Training loss: 0.03422994457185268
[2025-01-17 02:07:52,796] INFO: Iter 46100 Summarn  y: 
[2025-01-17 02:07:52,797] INFO: 	 lr: 1.000000000000002e-05 	 Training loss: 0.0343199236318469
[2025-01-17 02:08:02,678] INFO: Iter 46200 Summarn  y: 
[2025-01-17 02:08:02,678] INFO: 	 lr: 1.000000000000002e-05 	 Training loss: 0.03427230805158615
[2025-01-17 02:08:13,545] INFO: Iter 46300 Summarn  y: 
[2025-01-17 02:08:13,545] INFO: 	 lr: 1.000000000000002e-05 	 Training loss: 0.03424387710168958
[2025-01-17 02:08:22,282] INFO: Iter 46400 Summarn  y: 
[2025-01-17 02:08:22,282] INFO: 	 lr: 1.000000000000002e-05 	 Training loss: 0.03405832372605801
[2025-01-17 02:08:32,298] INFO: Iter 46500 Summarn  y: 
[2025-01-17 02:08:32,298] INFO: 	 lr: 1.000000000000002e-05 	 Training loss: 0.034205551631748675
[2025-01-17 02:08:40,610] INFO: Iter 46600 Summarn  y: 
[2025-01-17 02:08:40,610] INFO: 	 lr: 1.000000000000002e-05 	 Training loss: 0.03427713416516781
[2025-01-17 02:08:50,897] INFO: Iter 46700 Summarn  y: 
[2025-01-17 02:08:50,897] INFO: 	 lr: 1.000000000000002e-05 	 Training loss: 0.03410721272230148
[2025-01-17 02:09:00,820] INFO: Iter 46800 Summarn  y: 
[2025-01-17 02:09:00,821] INFO: 	 lr: 1.000000000000002e-05 	 Training loss: 0.03404211815446615
[2025-01-17 02:09:10,729] INFO: Iter 46900 Summarn  y: 
[2025-01-17 02:09:10,730] INFO: 	 lr: 1.000000000000002e-05 	 Training loss: 0.03418583331629634
[2025-01-17 02:09:21,247] INFO: Iter 47000 Summarn  y: 
[2025-01-17 02:09:21,247] INFO: 	 lr: 1.000000000000002e-05 	 Training loss: 0.0342547869682312
[2025-01-17 02:09:30,219] INFO: Iter 47100 Summarn  y: 
[2025-01-17 02:09:30,219] INFO: 	 lr: 1.000000000000002e-05 	 Training loss: 0.034305236227810385
[2025-01-17 02:09:39,487] INFO: Iter 47200 Summarn  y: 
[2025-01-17 02:09:39,487] INFO: 	 lr: 1.000000000000002e-05 	 Training loss: 0.03425340287387371
[2025-01-17 02:09:50,328] INFO: Iter 47300 Summarn  y: 
[2025-01-17 02:09:50,328] INFO: 	 lr: 1.000000000000002e-05 	 Training loss: 0.03422384988516569
[2025-01-17 02:10:01,628] INFO: Iter 47400 Summarn  y: 
[2025-01-17 02:10:01,628] INFO: 	 lr: 1.000000000000002e-05 	 Training loss: 0.033991719447076324
[2025-01-17 02:10:11,954] INFO: Iter 47500 Summarn  y: 
[2025-01-17 02:10:11,955] INFO: 	 lr: 1.000000000000002e-05 	 Training loss: 0.03421244759112597
[2025-01-17 02:10:22,529] INFO: Iter 47600 Summarn  y: 
[2025-01-17 02:10:22,530] INFO: 	 lr: 1.000000000000002e-05 	 Training loss: 0.033913363963365556
[2025-01-17 02:10:32,591] INFO: Iter 47700 Summarn  y: 
[2025-01-17 02:10:32,592] INFO: 	 lr: 1.000000000000002e-05 	 Training loss: 0.03389588968828321
[2025-01-17 02:10:43,445] INFO: Iter 47800 Summarn  y: 
[2025-01-17 02:10:43,446] INFO: 	 lr: 1.000000000000002e-05 	 Training loss: 0.03408749599009752
[2025-01-17 02:10:53,682] INFO: Iter 47900 Summarn  y: 
[2025-01-17 02:10:53,682] INFO: 	 lr: 1.000000000000002e-05 	 Training loss: 0.03430383872240782
[2025-01-17 02:11:02,740] INFO: Iter 48000 Summarn  y: 
[2025-01-17 02:11:02,740] INFO: 	 lr: 1.000000000000002e-05 	 Training loss: 0.03438408613204956
[2025-01-17 02:11:14,554] INFO: Iter 48100 Summarn  y: 
[2025-01-17 02:11:14,554] INFO: 	 lr: 1.000000000000002e-05 	 Training loss: 0.0341538742184639
[2025-01-17 02:11:26,290] INFO: Iter 48200 Summarn  y: 
[2025-01-17 02:11:26,290] INFO: 	 lr: 1.000000000000002e-05 	 Training loss: 0.03402638666331768
[2025-01-17 02:11:38,026] INFO: Iter 48300 Summarn  y: 
[2025-01-17 02:11:38,027] INFO: 	 lr: 1.000000000000002e-05 	 Training loss: 0.03420137610286474
[2025-01-17 02:11:47,719] INFO: Iter 48400 Summarn  y: 
[2025-01-17 02:11:47,719] INFO: 	 lr: 1.000000000000002e-05 	 Training loss: 0.03418757693842053
[2025-01-17 02:11:57,433] INFO: Iter 48500 Summarn  y: 
[2025-01-17 02:11:57,433] INFO: 	 lr: 1.000000000000002e-05 	 Training loss: 0.03406182859092951
[2025-01-17 02:12:07,376] INFO: Iter 48600 Summarn  y: 
[2025-01-17 02:12:07,377] INFO: 	 lr: 1.000000000000002e-05 	 Training loss: 0.03392015842720866
[2025-01-17 02:12:17,233] INFO: Iter 48700 Summarn  y: 
[2025-01-17 02:12:17,233] INFO: 	 lr: 1.000000000000002e-05 	 Training loss: 0.03420671666041017
[2025-01-17 02:12:27,698] INFO: Iter 48800 Summarn  y: 
[2025-01-17 02:12:27,698] INFO: 	 lr: 1.000000000000002e-05 	 Training loss: 0.0340727855451405
[2025-01-17 02:12:38,589] INFO: Iter 48900 Summarn  y: 
[2025-01-17 02:12:38,589] INFO: 	 lr: 1.000000000000002e-05 	 Training loss: 0.03413978410884738
[2025-01-17 02:12:50,884] INFO: Iter 49000 Summarn  y: 
[2025-01-17 02:12:50,884] INFO: 	 lr: 1.000000000000002e-05 	 Training loss: 0.03414893381297588
[2025-01-17 02:13:01,707] INFO: Iter 49100 Summarn  y: 
[2025-01-17 02:13:01,707] INFO: 	 lr: 1.000000000000002e-05 	 Training loss: 0.0340521789714694
[2025-01-17 02:13:12,581] INFO: Iter 49200 Summarn  y: 
[2025-01-17 02:13:12,581] INFO: 	 lr: 1.000000000000002e-05 	 Training loss: 0.03426063012331724
[2025-01-17 02:13:22,793] INFO: Iter 49300 Summarn  y: 
[2025-01-17 02:13:22,793] INFO: 	 lr: 1.000000000000002e-05 	 Training loss: 0.03411548221483827
[2025-01-17 02:13:31,060] INFO: Iter 49400 Summarn  y: 
[2025-01-17 02:13:31,060] INFO: 	 lr: 1.000000000000002e-05 	 Training loss: 0.03398069974035025
[2025-01-17 02:13:39,578] INFO: Iter 49500 Summarn  y: 
[2025-01-17 02:13:39,579] INFO: 	 lr: 1.000000000000002e-05 	 Training loss: 0.0339977265894413
[2025-01-17 02:13:51,046] INFO: Iter 49600 Summarn  y: 
[2025-01-17 02:13:51,046] INFO: 	 lr: 1.000000000000002e-05 	 Training loss: 0.03396106004714966
[2025-01-17 02:14:01,084] INFO: Iter 49700 Summarn  y: 
[2025-01-17 02:14:01,085] INFO: 	 lr: 1.000000000000002e-05 	 Training loss: 0.03396796084940434
[2025-01-17 02:14:11,619] INFO: Iter 49800 Summarn  y: 
[2025-01-17 02:14:11,619] INFO: 	 lr: 1.000000000000002e-05 	 Training loss: 0.034124879874289034
[2025-01-17 02:14:20,680] INFO: Iter 49900 Summarn  y: 
[2025-01-17 02:14:20,680] INFO: 	 lr: 1.000000000000002e-05 	 Training loss: 0.03420694256201386
[2025-01-17 02:14:31,325] INFO: Iter 50000 Summarn  y: 
[2025-01-17 02:14:31,326] INFO: 	 lr: 1.000000000000002e-05 	 Training loss: 0.0339986602216959
[2025-01-17 02:14:43,923] INFO: Iter 50100 Summarn  y: 
[2025-01-17 02:14:43,924] INFO: 	 lr: 1.000000000000002e-05 	 Training loss: 0.034063272587954996
[2025-01-17 02:14:54,098] INFO: Iter 50200 Summarn  y: 
[2025-01-17 02:14:54,098] INFO: 	 lr: 1.000000000000002e-05 	 Training loss: 0.03409481376409531
[2025-01-17 02:15:05,177] INFO: Iter 50300 Summarn  y: 
[2025-01-17 02:15:05,177] INFO: 	 lr: 1.000000000000002e-05 	 Training loss: 0.0342891831509769
[2025-01-17 02:15:16,306] INFO: Iter 50400 Summarn  y: 
[2025-01-17 02:15:16,306] INFO: 	 lr: 1.000000000000002e-05 	 Training loss: 0.034129102155566214
[2025-01-17 02:15:27,346] INFO: Iter 50500 Summarn  y: 
[2025-01-17 02:15:27,347] INFO: 	 lr: 1.000000000000002e-05 	 Training loss: 0.034199816025793556
[2025-01-17 02:15:37,423] INFO: Iter 50600 Summarn  y: 
[2025-01-17 02:15:37,423] INFO: 	 lr: 1.000000000000002e-05 	 Training loss: 0.03393421050161123
[2025-01-17 02:15:48,262] INFO: Iter 50700 Summarn  y: 
[2025-01-17 02:15:48,262] INFO: 	 lr: 1.000000000000002e-05 	 Training loss: 0.03424979455769062
[2025-01-17 02:15:58,543] INFO: Iter 50800 Summarn  y: 
[2025-01-17 02:15:58,544] INFO: 	 lr: 1.000000000000002e-05 	 Training loss: 0.0340765817463398
[2025-01-17 02:16:09,991] INFO: Iter 50900 Summarn  y: 
[2025-01-17 02:16:09,992] INFO: 	 lr: 1.000000000000002e-05 	 Training loss: 0.03401356413960457
[2025-01-17 02:16:21,030] INFO: Iter 51000 Summarn  y: 
[2025-01-17 02:16:21,031] INFO: 	 lr: 1.000000000000002e-05 	 Training loss: 0.03410801868885756
[2025-01-17 02:16:30,235] INFO: Iter 51100 Summarn  y: 
[2025-01-17 02:16:30,235] INFO: 	 lr: 1.000000000000002e-05 	 Training loss: 0.0339760023728013
[2025-01-17 02:16:40,526] INFO: Iter 51200 Summarn  y: 
[2025-01-17 02:16:40,527] INFO: 	 lr: 1.000000000000002e-05 	 Training loss: 0.034030284956097605
[2025-01-17 02:16:50,340] INFO: Iter 51300 Summarn  y: 
[2025-01-17 02:16:50,341] INFO: 	 lr: 1.000000000000002e-05 	 Training loss: 0.03412065718322992
[2025-01-17 02:16:59,673] INFO: Iter 51400 Summarn  y: 
[2025-01-17 02:16:59,673] INFO: 	 lr: 1.000000000000002e-05 	 Training loss: 0.033992310613393785
[2025-01-17 02:17:09,394] INFO: Iter 51500 Summarn  y: 
[2025-01-17 02:17:09,394] INFO: 	 lr: 1.000000000000002e-05 	 Training loss: 0.03408053066581487
[2025-01-17 02:17:19,955] INFO: Iter 51600 Summarn  y: 
[2025-01-17 02:17:19,955] INFO: 	 lr: 1.000000000000002e-05 	 Training loss: 0.034200855940580366
[2025-01-17 02:17:31,603] INFO: Iter 51700 Summarn  y: 
[2025-01-17 02:17:31,604] INFO: 	 lr: 1.000000000000002e-05 	 Training loss: 0.033979543782770634
[2025-01-17 02:17:41,426] INFO: Iter 51800 Summarn  y: 
[2025-01-17 02:17:41,426] INFO: 	 lr: 1.000000000000002e-05 	 Training loss: 0.03406392764300108
[2025-01-17 02:17:50,867] INFO: Iter 51900 Summarn  y: 
[2025-01-17 02:17:50,867] INFO: 	 lr: 1.000000000000002e-05 	 Training loss: 0.034022013433277605
[2025-01-17 02:18:01,223] INFO: Iter 52000 Summarn  y: 
[2025-01-17 02:18:01,224] INFO: 	 lr: 1.000000000000002e-05 	 Training loss: 0.033978253789246085
[2025-01-17 02:18:13,742] INFO: Iter 52100 Summarn  y: 
[2025-01-17 02:18:13,743] INFO: 	 lr: 1.000000000000002e-05 	 Training loss: 0.03405007172375917
[2025-01-17 02:18:23,982] INFO: Iter 52200 Summarn  y: 
[2025-01-17 02:18:23,982] INFO: 	 lr: 1.000000000000002e-05 	 Training loss: 0.033993446063250304
[2025-01-17 02:18:34,822] INFO: Iter 52300 Summarn  y: 
[2025-01-17 02:18:34,822] INFO: 	 lr: 1.000000000000002e-05 	 Training loss: 0.03414506711065769
[2025-01-17 02:18:45,209] INFO: Iter 52400 Summarn  y: 
[2025-01-17 02:18:45,209] INFO: 	 lr: 1.000000000000002e-05 	 Training loss: 0.03376269552856684
[2025-01-17 02:18:56,067] INFO: Iter 52500 Summarn  y: 
[2025-01-17 02:18:56,067] INFO: 	 lr: 1.000000000000002e-05 	 Training loss: 0.033916424326598645
[2025-01-17 02:19:07,624] INFO: Iter 52600 Summarn  y: 
[2025-01-17 02:19:07,625] INFO: 	 lr: 1.000000000000002e-05 	 Training loss: 0.034003126826137306
[2025-01-17 02:19:18,247] INFO: Iter 52700 Summarn  y: 
[2025-01-17 02:19:18,247] INFO: 	 lr: 1.000000000000002e-05 	 Training loss: 0.033969105742871764
[2025-01-17 02:19:28,609] INFO: Iter 52800 Summarn  y: 
[2025-01-17 02:19:28,609] INFO: 	 lr: 1.000000000000002e-05 	 Training loss: 0.03413334898650646
[2025-01-17 02:19:38,998] INFO: Iter 52900 Summarn  y: 
[2025-01-17 02:19:38,999] INFO: 	 lr: 1.000000000000002e-05 	 Training loss: 0.034080413710325955
[2025-01-17 02:19:49,426] INFO: Iter 53000 Summarn  y: 
[2025-01-17 02:19:49,426] INFO: 	 lr: 1.000000000000002e-05 	 Training loss: 0.03428742624819279
[2025-01-17 02:20:01,090] INFO: Iter 53100 Summarn  y: 
[2025-01-17 02:20:01,091] INFO: 	 lr: 1.000000000000002e-05 	 Training loss: 0.03395600100979209
[2025-01-17 02:20:12,242] INFO: Iter 53200 Summarn  y: 
[2025-01-17 02:20:12,243] INFO: 	 lr: 1.000000000000002e-05 	 Training loss: 0.03402396343648434
[2025-01-17 02:20:23,622] INFO: Iter 53300 Summarn  y: 
[2025-01-17 02:20:23,622] INFO: 	 lr: 1.000000000000002e-05 	 Training loss: 0.03402440246194601
[2025-01-17 02:20:34,358] INFO: Iter 53400 Summarn  y: 
[2025-01-17 02:20:34,359] INFO: 	 lr: 1.000000000000002e-05 	 Training loss: 0.033959378898143766
[2025-01-17 02:20:45,084] INFO: Iter 53500 Summarn  y: 
[2025-01-17 02:20:45,084] INFO: 	 lr: 1.000000000000002e-05 	 Training loss: 0.03409394040703773
[2025-01-17 02:20:55,458] INFO: Iter 53600 Summarn  y: 
[2025-01-17 02:20:55,458] INFO: 	 lr: 1.000000000000002e-05 	 Training loss: 0.03412092808634043
[2025-01-17 02:21:06,151] INFO: Iter 53700 Summarn  y: 
[2025-01-17 02:21:06,151] INFO: 	 lr: 1.000000000000002e-05 	 Training loss: 0.03398741755634546
[2025-01-17 02:21:16,263] INFO: Iter 53800 Summarn  y: 
[2025-01-17 02:21:16,264] INFO: 	 lr: 1.000000000000002e-05 	 Training loss: 0.03396100491285324
[2025-01-17 02:21:28,348] INFO: Iter 53900 Summarn  y: 
[2025-01-17 02:21:28,348] INFO: 	 lr: 1.000000000000002e-05 	 Training loss: 0.034107747226953505
[2025-01-17 02:21:39,663] INFO: Iter 54000 Summarn  y: 
[2025-01-17 02:21:39,663] INFO: 	 lr: 1.000000000000002e-05 	 Training loss: 0.033922796063125135
[2025-01-17 02:21:50,649] INFO: Iter 54100 Summarn  y: 
[2025-01-17 02:21:50,649] INFO: 	 lr: 1.000000000000002e-05 	 Training loss: 0.034170427918434144
[2025-01-17 02:22:00,258] INFO: Iter 54200 Summarn  y: 
[2025-01-17 02:22:00,259] INFO: 	 lr: 1.000000000000002e-05 	 Training loss: 0.03401309262961149
[2025-01-17 02:22:10,571] INFO: Iter 54300 Summarn  y: 
[2025-01-17 02:22:10,571] INFO: 	 lr: 1.000000000000002e-05 	 Training loss: 0.034087531194090845
[2025-01-17 02:22:20,939] INFO: Iter 54400 Summarn  y: 
[2025-01-17 02:22:20,940] INFO: 	 lr: 1.000000000000002e-05 	 Training loss: 0.033890855684876445
[2025-01-17 02:22:30,554] INFO: Iter 54500 Summarn  y: 
[2025-01-17 02:22:30,554] INFO: 	 lr: 1.000000000000002e-05 	 Training loss: 0.03392852116376162
[2025-01-17 02:22:39,482] INFO: Iter 54600 Summarn  y: 
[2025-01-17 02:22:39,482] INFO: 	 lr: 1.000000000000002e-05 	 Training loss: 0.03405579309910536
[2025-01-17 02:22:50,786] INFO: Iter 54700 Summarn  y: 
[2025-01-17 02:22:50,786] INFO: 	 lr: 1.000000000000002e-05 	 Training loss: 0.0339944414421916
[2025-01-17 02:23:02,406] INFO: Iter 54800 Summarn  y: 
[2025-01-17 02:23:02,406] INFO: 	 lr: 1.000000000000002e-05 	 Training loss: 0.03381842561066151
[2025-01-17 02:23:12,057] INFO: Iter 54900 Summarn  y: 
[2025-01-17 02:23:12,057] INFO: 	 lr: 1.000000000000002e-05 	 Training loss: 0.03414605360478163
[2025-01-17 02:23:21,359] INFO: Iter 55000 Summarn  y: 
[2025-01-17 02:23:21,359] INFO: 	 lr: 1.000000000000002e-05 	 Training loss: 0.03412939528003335
[2025-01-17 02:23:31,104] INFO: Iter 55100 Summarn  y: 
[2025-01-17 02:23:31,104] INFO: 	 lr: 1.000000000000002e-05 	 Training loss: 0.03395955309271812
[2025-01-17 02:23:42,300] INFO: Iter 55200 Summarn  y: 
[2025-01-17 02:23:42,300] INFO: 	 lr: 1.000000000000002e-05 	 Training loss: 0.03383179847151041
[2025-01-17 02:23:51,740] INFO: Iter 55300 Summarn  y: 
[2025-01-17 02:23:51,740] INFO: 	 lr: 1.000000000000002e-05 	 Training loss: 0.03400171851739287
[2025-01-17 02:24:01,981] INFO: Iter 55400 Summarn  y: 
[2025-01-17 02:24:01,981] INFO: 	 lr: 1.000000000000002e-05 	 Training loss: 0.034015045948326585
[2025-01-17 02:24:13,389] INFO: Iter 55500 Summarn  y: 
[2025-01-17 02:24:13,390] INFO: 	 lr: 1.000000000000002e-05 	 Training loss: 0.033973884545266626
[2025-01-17 02:24:22,930] INFO: Iter 55600 Summarn  y: 
[2025-01-17 02:24:22,930] INFO: 	 lr: 1.000000000000002e-05 	 Training loss: 0.03385419800877571
[2025-01-17 02:24:33,169] INFO: Iter 55700 Summarn  y: 
[2025-01-17 02:24:33,170] INFO: 	 lr: 1.000000000000002e-05 	 Training loss: 0.03385118981823325
[2025-01-17 02:24:43,773] INFO: Iter 55800 Summarn  y: 
[2025-01-17 02:24:43,774] INFO: 	 lr: 1.000000000000002e-05 	 Training loss: 0.03409794703125954
[2025-01-17 02:24:54,744] INFO: Iter 55900 Summarn  y: 
[2025-01-17 02:24:54,744] INFO: 	 lr: 1.000000000000002e-05 	 Training loss: 0.03406035665422678
[2025-01-17 02:25:05,734] INFO: Iter 56000 Summarn  y: 
[2025-01-17 02:25:05,734] INFO: 	 lr: 1.000000000000002e-05 	 Training loss: 0.03414784340187907
[2025-01-17 02:25:18,341] INFO: Iter 56100 Summarn  y: 
[2025-01-17 02:25:18,341] INFO: 	 lr: 1.000000000000002e-05 	 Training loss: 0.03380531176924705
[2025-01-17 02:25:29,127] INFO: Iter 56200 Summarn  y: 
[2025-01-17 02:25:29,128] INFO: 	 lr: 1.000000000000002e-05 	 Training loss: 0.03406817764043808
[2025-01-17 02:25:39,152] INFO: Iter 56300 Summarn  y: 
[2025-01-17 02:25:39,153] INFO: 	 lr: 1.000000000000002e-05 	 Training loss: 0.03363911861553788
[2025-01-17 02:25:49,090] INFO: Iter 56400 Summarn  y: 
[2025-01-17 02:25:49,090] INFO: 	 lr: 1.000000000000002e-05 	 Training loss: 0.033700867611914875
[2025-01-17 02:25:58,995] INFO: Iter 56500 Summarn  y: 
[2025-01-17 02:25:58,995] INFO: 	 lr: 1.000000000000002e-05 	 Training loss: 0.0339456826262176
[2025-01-17 02:26:09,488] INFO: Iter 56600 Summarn  y: 
[2025-01-17 02:26:09,488] INFO: 	 lr: 1.000000000000002e-05 	 Training loss: 0.033842076510190965
[2025-01-17 02:26:19,942] INFO: Iter 56700 Summarn  y: 
[2025-01-17 02:26:19,942] INFO: 	 lr: 1.000000000000002e-05 	 Training loss: 0.03384269693866372
[2025-01-17 02:26:30,377] INFO: Iter 56800 Summarn  y: 
[2025-01-17 02:26:30,378] INFO: 	 lr: 1.000000000000002e-05 	 Training loss: 0.03409930543974042
[2025-01-17 02:26:40,742] INFO: Iter 56900 Summarn  y: 
[2025-01-17 02:26:40,742] INFO: 	 lr: 1.000000000000002e-05 	 Training loss: 0.03417156372219324
[2025-01-17 02:26:52,282] INFO: Iter 57000 Summarn  y: 
[2025-01-17 02:26:52,282] INFO: 	 lr: 1.000000000000002e-05 	 Training loss: 0.03400942949578166
[2025-01-17 02:27:03,555] INFO: Iter 57100 Summarn  y: 
[2025-01-17 02:27:03,555] INFO: 	 lr: 1.000000000000002e-05 	 Training loss: 0.03403449848294258
[2025-01-17 02:27:14,390] INFO: Iter 57200 Summarn  y: 
[2025-01-17 02:27:14,390] INFO: 	 lr: 1.000000000000002e-05 	 Training loss: 0.03413492746651173
[2025-01-17 02:27:24,067] INFO: Iter 57300 Summarn  y: 
[2025-01-17 02:27:24,067] INFO: 	 lr: 1.000000000000002e-05 	 Training loss: 0.03395328339189291
[2025-01-17 02:27:34,029] INFO: Iter 57400 Summarn  y: 
[2025-01-17 02:27:34,029] INFO: 	 lr: 1.000000000000002e-05 	 Training loss: 0.03376426618546247
[2025-01-17 02:27:44,643] INFO: Iter 57500 Summarn  y: 
[2025-01-17 02:27:44,644] INFO: 	 lr: 1.000000000000002e-05 	 Training loss: 0.03369630295783281
[2025-01-17 02:27:55,395] INFO: Iter 57600 Summarn  y: 
[2025-01-17 02:27:55,395] INFO: 	 lr: 1.000000000000002e-05 	 Training loss: 0.034125002063810826
[2025-01-17 02:28:05,261] INFO: Iter 57700 Summarn  y: 
[2025-01-17 02:28:05,261] INFO: 	 lr: 1.000000000000002e-05 	 Training loss: 0.03386436693370342
[2025-01-17 02:28:17,128] INFO: Iter 57800 Summarn  y: 
[2025-01-17 02:28:17,129] INFO: 	 lr: 1.000000000000002e-05 	 Training loss: 0.03401958204805851
[2025-01-17 02:28:28,224] INFO: Iter 57900 Summarn  y: 
[2025-01-17 02:28:28,224] INFO: 	 lr: 1.000000000000002e-05 	 Training loss: 0.03384590540081263
[2025-01-17 02:28:39,000] INFO: Iter 58000 Summarn  y: 
[2025-01-17 02:28:39,001] INFO: 	 lr: 1.000000000000002e-05 	 Training loss: 0.03400717746466398
[2025-01-17 02:28:52,919] INFO: Iter 58100 Summarn  y: 
[2025-01-17 02:28:52,920] INFO: 	 lr: 1.000000000000002e-05 	 Training loss: 0.03384335126727819
[2025-01-17 02:29:03,065] INFO: Iter 58200 Summarn  y: 
[2025-01-17 02:29:03,066] INFO: 	 lr: 1.000000000000002e-05 	 Training loss: 0.033893888387829064
[2025-01-17 02:29:12,258] INFO: Iter 58300 Summarn  y: 
[2025-01-17 02:29:12,258] INFO: 	 lr: 1.000000000000002e-05 	 Training loss: 0.03384444084018469
[2025-01-17 02:29:21,803] INFO: Iter 58400 Summarn  y: 
[2025-01-17 02:29:21,804] INFO: 	 lr: 1.000000000000002e-05 	 Training loss: 0.033852016888558864
[2025-01-17 02:29:33,537] INFO: Iter 58500 Summarn  y: 
[2025-01-17 02:29:33,537] INFO: 	 lr: 1.000000000000002e-05 	 Training loss: 0.03386252844706178
[2025-01-17 02:29:45,241] INFO: Iter 58600 Summarn  y: 
[2025-01-17 02:29:45,241] INFO: 	 lr: 1.000000000000002e-05 	 Training loss: 0.03389256695285439
[2025-01-17 02:29:55,690] INFO: Iter 58700 Summarn  y: 
[2025-01-17 02:29:55,690] INFO: 	 lr: 1.000000000000002e-05 	 Training loss: 0.03393416233360767
[2025-01-17 02:30:05,733] INFO: Iter 58800 Summarn  y: 
[2025-01-17 02:30:05,733] INFO: 	 lr: 1.000000000000002e-05 	 Training loss: 0.033801451548933985
[2025-01-17 02:30:15,298] INFO: Iter 58900 Summarn  y: 
[2025-01-17 02:30:15,298] INFO: 	 lr: 1.000000000000002e-05 	 Training loss: 0.03414116002619266
[2025-01-17 02:30:26,566] INFO: Iter 59000 Summarn  y: 
[2025-01-17 02:30:26,566] INFO: 	 lr: 1.000000000000002e-05 	 Training loss: 0.0339331367239356
[2025-01-17 02:30:37,555] INFO: Iter 59100 Summarn  y: 
[2025-01-17 02:30:37,555] INFO: 	 lr: 1.000000000000002e-05 	 Training loss: 0.033776153214275836
[2025-01-17 02:30:48,004] INFO: Iter 59200 Summarn  y: 
[2025-01-17 02:30:48,004] INFO: 	 lr: 1.000000000000002e-05 	 Training loss: 0.03390776984393597
[2025-01-17 02:30:57,736] INFO: Iter 59300 Summarn  y: 
[2025-01-17 02:30:57,736] INFO: 	 lr: 1.000000000000002e-05 	 Training loss: 0.033876269832253454
[2025-01-17 02:31:08,186] INFO: Iter 59400 Summarn  y: 
[2025-01-17 02:31:08,186] INFO: 	 lr: 1.000000000000002e-05 	 Training loss: 0.033937592692673206
[2025-01-17 02:31:19,317] INFO: Iter 59500 Summarn  y: 
[2025-01-17 02:31:19,317] INFO: 	 lr: 1.000000000000002e-05 	 Training loss: 0.03402333289384842
[2025-01-17 02:31:29,315] INFO: Iter 59600 Summarn  y: 
[2025-01-17 02:31:29,316] INFO: 	 lr: 1.000000000000002e-05 	 Training loss: 0.03393731104210019
[2025-01-17 02:31:38,877] INFO: Iter 59700 Summarn  y: 
[2025-01-17 02:31:38,877] INFO: 	 lr: 1.000000000000002e-05 	 Training loss: 0.03377795670181513
[2025-01-17 02:31:50,185] INFO: Iter 59800 Summarn  y: 
[2025-01-17 02:31:50,186] INFO: 	 lr: 1.000000000000002e-05 	 Training loss: 0.033902907520532606
[2025-01-17 02:32:00,198] INFO: Iter 59900 Summarn  y: 
[2025-01-17 02:32:00,199] INFO: 	 lr: 1.000000000000002e-05 	 Training loss: 0.03365134779363871
[2025-01-17 02:32:12,210] INFO: Iter 60000 Summarn  y: 
[2025-01-17 02:32:12,211] INFO: 	 lr: 1.000000000000002e-05 	 Training loss: 0.033989212438464166
[2025-01-17 02:32:25,507] INFO: Iter 60100 Summarn  y: 
[2025-01-17 02:32:25,507] INFO: 	 lr: 1.000000000000002e-05 	 Training loss: 0.03402426108717918
[2025-01-17 02:32:36,810] INFO: Iter 60200 Summarn  y: 
[2025-01-17 02:32:36,811] INFO: 	 lr: 1.000000000000002e-05 	 Training loss: 0.033814667314291
[2025-01-17 02:32:47,061] INFO: Iter 60300 Summarn  y: 
[2025-01-17 02:32:47,062] INFO: 	 lr: 1.000000000000002e-05 	 Training loss: 0.03386730752885342
[2025-01-17 02:32:58,841] INFO: Iter 60400 Summarn  y: 
[2025-01-17 02:32:58,842] INFO: 	 lr: 1.000000000000002e-05 	 Training loss: 0.033891519904136656
[2025-01-17 02:33:09,153] INFO: Iter 60500 Summarn  y: 
[2025-01-17 02:33:09,154] INFO: 	 lr: 1.000000000000002e-05 	 Training loss: 0.03389284806326032
[2025-01-17 02:33:19,139] INFO: Iter 60600 Summarn  y: 
[2025-01-17 02:33:19,139] INFO: 	 lr: 1.000000000000002e-05 	 Training loss: 0.03384873513132334
[2025-01-17 02:33:29,656] INFO: Iter 60700 Summarn  y: 
[2025-01-17 02:33:29,656] INFO: 	 lr: 1.000000000000002e-05 	 Training loss: 0.03396869771182537
[2025-01-17 02:33:40,041] INFO: Iter 60800 Summarn  y: 
[2025-01-17 02:33:40,041] INFO: 	 lr: 1.000000000000002e-05 	 Training loss: 0.033980809953063726
[2025-01-17 02:33:50,364] INFO: Iter 60900 Summarn  y: 
[2025-01-17 02:33:50,364] INFO: 	 lr: 1.000000000000002e-05 	 Training loss: 0.03382208075374365
[2025-01-17 02:33:59,598] INFO: Iter 61000 Summarn  y: 
[2025-01-17 02:33:59,598] INFO: 	 lr: 1.000000000000002e-05 	 Training loss: 0.033882516995072366
[2025-01-17 02:34:10,351] INFO: Iter 61100 Summarn  y: 
[2025-01-17 02:34:10,351] INFO: 	 lr: 1.000000000000002e-05 	 Training loss: 0.03397272616624832
[2025-01-17 02:34:21,456] INFO: Iter 61200 Summarn  y: 
[2025-01-17 02:34:21,457] INFO: 	 lr: 1.000000000000002e-05 	 Training loss: 0.033725143633782866
[2025-01-17 02:34:31,899] INFO: Iter 61300 Summarn  y: 
[2025-01-17 02:34:31,899] INFO: 	 lr: 1.000000000000002e-05 	 Training loss: 0.033910644836723805
[2025-01-17 02:34:42,694] INFO: Iter 61400 Summarn  y: 
[2025-01-17 02:34:42,694] INFO: 	 lr: 1.000000000000002e-05 	 Training loss: 0.03382453329861164
[2025-01-17 02:34:52,737] INFO: Iter 61500 Summarn  y: 
[2025-01-17 02:34:52,737] INFO: 	 lr: 1.000000000000002e-05 	 Training loss: 0.03378486212342977
[2025-01-17 02:35:02,877] INFO: Iter 61600 Summarn  y: 
[2025-01-17 02:35:02,877] INFO: 	 lr: 1.000000000000002e-05 	 Training loss: 0.033932828437536956
[2025-01-17 02:35:12,812] INFO: Iter 61700 Summarn  y: 
[2025-01-17 02:35:12,812] INFO: 	 lr: 1.000000000000002e-05 	 Training loss: 0.03390188381075859
[2025-01-17 02:35:23,227] INFO: Iter 61800 Summarn  y: 
[2025-01-17 02:35:23,227] INFO: 	 lr: 1.000000000000002e-05 	 Training loss: 0.033764392770826816
[2025-01-17 02:35:33,218] INFO: Iter 61900 Summarn  y: 
[2025-01-17 02:35:33,218] INFO: 	 lr: 1.000000000000002e-05 	 Training loss: 0.03383210999891162
[2025-01-17 02:35:43,599] INFO: Iter 62000 Summarn  y: 
[2025-01-17 02:35:43,600] INFO: 	 lr: 1.000000000000002e-05 	 Training loss: 0.03383235082030296
[2025-01-17 02:35:55,448] INFO: Iter 62100 Summarn  y: 
[2025-01-17 02:35:55,449] INFO: 	 lr: 1.000000000000002e-05 	 Training loss: 0.03378926958888769
[2025-01-17 02:36:05,821] INFO: Iter 62200 Summarn  y: 
[2025-01-17 02:36:05,822] INFO: 	 lr: 1.000000000000002e-05 	 Training loss: 0.03377816013991833
[2025-01-17 02:36:15,841] INFO: Iter 62300 Summarn  y: 
[2025-01-17 02:36:15,841] INFO: 	 lr: 1.000000000000002e-05 	 Training loss: 0.03391284987330437
[2025-01-17 02:36:24,851] INFO: Iter 62400 Summarn  y: 
[2025-01-17 02:36:24,851] INFO: 	 lr: 1.000000000000002e-05 	 Training loss: 0.03382699735462666
[2025-01-17 02:36:34,034] INFO: Iter 62500 Summarn  y: 
[2025-01-17 02:36:34,034] INFO: 	 lr: 1.000000000000002e-05 	 Training loss: 0.03376167997717858
[2025-01-17 02:36:44,037] INFO: Iter 62600 Summarn  y: 
[2025-01-17 02:36:44,038] INFO: 	 lr: 1.000000000000002e-05 	 Training loss: 0.033949967250227926
[2025-01-17 02:36:54,035] INFO: Iter 62700 Summarn  y: 
[2025-01-17 02:36:54,036] INFO: 	 lr: 1.000000000000002e-05 	 Training loss: 0.033896524254232646
[2025-01-17 02:37:05,102] INFO: Iter 62800 Summarn  y: 
[2025-01-17 02:37:05,103] INFO: 	 lr: 1.000000000000002e-05 	 Training loss: 0.03376190882176161
[2025-01-17 02:37:15,238] INFO: Iter 62900 Summarn  y: 
[2025-01-17 02:37:15,238] INFO: 	 lr: 1.000000000000002e-05 	 Training loss: 0.034062635712325574
[2025-01-17 02:37:25,168] INFO: Iter 63000 Summarn  y: 
[2025-01-17 02:37:25,168] INFO: 	 lr: 1.000000000000002e-05 	 Training loss: 0.03381145276129246
[2025-01-17 02:37:35,134] INFO: Iter 63100 Summarn  y: 
[2025-01-17 02:37:35,134] INFO: 	 lr: 1.000000000000002e-05 	 Training loss: 0.03373123787343502
[2025-01-17 02:37:46,247] INFO: Iter 63200 Summarn  y: 
[2025-01-17 02:37:46,248] INFO: 	 lr: 1.000000000000002e-05 	 Training loss: 0.033960671611130235
[2025-01-17 02:37:56,004] INFO: Iter 63300 Summarn  y: 
[2025-01-17 02:37:56,005] INFO: 	 lr: 1.000000000000002e-05 	 Training loss: 0.03354846548289061
[2025-01-17 02:38:06,377] INFO: Iter 63400 Summarn  y: 
[2025-01-17 02:38:06,377] INFO: 	 lr: 1.000000000000002e-05 	 Training loss: 0.03386472376063466
[2025-01-17 02:38:16,556] INFO: Iter 63500 Summarn  y: 
[2025-01-17 02:38:16,556] INFO: 	 lr: 1.000000000000002e-05 	 Training loss: 0.033747119307518
[2025-01-17 02:38:25,683] INFO: Iter 63600 Summarn  y: 
[2025-01-17 02:38:25,690] INFO: 	 lr: 1.000000000000002e-05 	 Training loss: 0.03383799728006125
[2025-01-17 02:38:37,476] INFO: Iter 63700 Summarn  y: 
[2025-01-17 02:38:37,476] INFO: 	 lr: 1.000000000000002e-05 	 Training loss: 0.03381920650601387
[2025-01-17 02:38:47,910] INFO: Iter 63800 Summarn  y: 
[2025-01-17 02:38:47,910] INFO: 	 lr: 1.000000000000002e-05 	 Training loss: 0.033912887033075094
[2025-01-17 02:39:01,256] INFO: Iter 63900 Summarn  y: 
[2025-01-17 02:39:01,256] INFO: 	 lr: 1.000000000000002e-05 	 Training loss: 0.03365390717983246
[2025-01-17 02:39:10,721] INFO: Iter 64000 Summarn  y: 
[2025-01-17 02:39:10,721] INFO: 	 lr: 1.000000000000002e-05 	 Training loss: 0.0337163033336401
[2025-01-17 02:39:22,679] INFO: Iter 64100 Summarn  y: 
[2025-01-17 02:39:22,679] INFO: 	 lr: 1.000000000000002e-05 	 Training loss: 0.03384504914283752
[2025-01-17 02:39:31,920] INFO: Iter 64200 Summarn  y: 
[2025-01-17 02:39:31,920] INFO: 	 lr: 1.000000000000002e-05 	 Training loss: 0.03388224840164185
[2025-01-17 02:39:41,828] INFO: Iter 64300 Summarn  y: 
[2025-01-17 02:39:41,828] INFO: 	 lr: 1.000000000000002e-05 	 Training loss: 0.033820331804454325
[2025-01-17 02:39:51,766] INFO: Iter 64400 Summarn  y: 
[2025-01-17 02:39:51,766] INFO: 	 lr: 1.000000000000002e-05 	 Training loss: 0.033858307786285874
[2025-01-17 02:40:03,194] INFO: Iter 64500 Summarn  y: 
[2025-01-17 02:40:03,194] INFO: 	 lr: 1.000000000000002e-05 	 Training loss: 0.03402427392080426
[2025-01-17 02:40:14,599] INFO: Iter 64600 Summarn  y: 
[2025-01-17 02:40:14,599] INFO: 	 lr: 1.000000000000002e-05 	 Training loss: 0.033722377568483355
[2025-01-17 02:40:24,100] INFO: Iter 64700 Summarn  y: 
[2025-01-17 02:40:24,100] INFO: 	 lr: 1.000000000000002e-05 	 Training loss: 0.0337786615267396
[2025-01-17 02:40:34,097] INFO: Iter 64800 Summarn  y: 
[2025-01-17 02:40:34,098] INFO: 	 lr: 1.000000000000002e-05 	 Training loss: 0.03372761853039265
[2025-01-17 02:40:43,959] INFO: Iter 64900 Summarn  y: 
[2025-01-17 02:40:43,959] INFO: 	 lr: 1.000000000000002e-05 	 Training loss: 0.0336738245934248
[2025-01-17 02:40:54,280] INFO: Iter 65000 Summarn  y: 
[2025-01-17 02:40:54,280] INFO: 	 lr: 1.000000000000002e-05 	 Training loss: 0.03352932235226035
[2025-01-17 02:41:04,468] INFO: Iter 65100 Summarn  y: 
[2025-01-17 02:41:04,468] INFO: 	 lr: 1.000000000000002e-05 	 Training loss: 0.03381216753274202
[2025-01-17 02:41:15,103] INFO: Iter 65200 Summarn  y: 
[2025-01-17 02:41:15,103] INFO: 	 lr: 1.000000000000002e-05 	 Training loss: 0.03396830476820469
[2025-01-17 02:41:25,808] INFO: Iter 65300 Summarn  y: 
[2025-01-17 02:41:25,809] INFO: 	 lr: 1.000000000000002e-05 	 Training loss: 0.033895485401153565
[2025-01-17 02:41:35,640] INFO: Iter 65400 Summarn  y: 
[2025-01-17 02:41:35,658] INFO: 	 lr: 1.000000000000002e-05 	 Training loss: 0.033736521732062104
[2025-01-17 02:41:46,046] INFO: Iter 65500 Summarn  y: 
[2025-01-17 02:41:46,046] INFO: 	 lr: 1.000000000000002e-05 	 Training loss: 0.03391954297199845
[2025-01-17 02:41:57,258] INFO: Iter 65600 Summarn  y: 
[2025-01-17 02:41:57,258] INFO: 	 lr: 1.000000000000002e-05 	 Training loss: 0.03382722213864327
[2025-01-17 02:42:07,012] INFO: Iter 65700 Summarn  y: 
[2025-01-17 02:42:07,012] INFO: 	 lr: 1.000000000000002e-05 	 Training loss: 0.03384847767651081
[2025-01-17 02:42:16,227] INFO: Iter 65800 Summarn  y: 
[2025-01-17 02:42:16,228] INFO: 	 lr: 1.000000000000002e-05 	 Training loss: 0.03373123545199633
[2025-01-17 02:42:25,654] INFO: Iter 65900 Summarn  y: 
[2025-01-17 02:42:25,654] INFO: 	 lr: 1.000000000000002e-05 	 Training loss: 0.03406950999051332
[2025-01-17 02:42:35,763] INFO: Iter 66000 Summarn  y: 
[2025-01-17 02:42:35,763] INFO: 	 lr: 1.000000000000002e-05 	 Training loss: 0.033645836412906645
[2025-01-17 02:42:47,213] INFO: Iter 66100 Summarn  y: 
[2025-01-17 02:42:47,213] INFO: 	 lr: 1.000000000000002e-05 	 Training loss: 0.03386177726089954
[2025-01-17 02:42:57,968] INFO: Iter 66200 Summarn  y: 
[2025-01-17 02:42:57,968] INFO: 	 lr: 1.000000000000002e-05 	 Training loss: 0.03374899238348007
[2025-01-17 02:43:06,882] INFO: Iter 66300 Summarn  y: 
[2025-01-17 02:43:06,882] INFO: 	 lr: 1.000000000000002e-05 	 Training loss: 0.033865686226636174
[2025-01-17 02:43:16,636] INFO: Iter 66400 Summarn  y: 
[2025-01-17 02:43:16,636] INFO: 	 lr: 1.000000000000002e-05 	 Training loss: 0.03367779064923525
[2025-01-17 02:43:25,590] INFO: Iter 66500 Summarn  y: 
[2025-01-17 02:43:25,591] INFO: 	 lr: 1.000000000000002e-05 	 Training loss: 0.033560607582330704
[2025-01-17 02:43:37,590] INFO: Iter 66600 Summarn  y: 
[2025-01-17 02:43:37,590] INFO: 	 lr: 1.000000000000002e-05 	 Training loss: 0.03386767204850912
[2025-01-17 02:43:47,212] INFO: Iter 66700 Summarn  y: 
[2025-01-17 02:43:47,212] INFO: 	 lr: 1.000000000000002e-05 	 Training loss: 0.03369991317391396
[2025-01-17 02:43:56,296] INFO: Iter 66800 Summarn  y: 
[2025-01-17 02:43:56,296] INFO: 	 lr: 1.000000000000002e-05 	 Training loss: 0.033855899292975666
[2025-01-17 02:44:06,072] INFO: Iter 66900 Summarn  y: 
[2025-01-17 02:44:06,072] INFO: 	 lr: 1.000000000000002e-05 	 Training loss: 0.03361086331307888
[2025-01-17 02:44:15,665] INFO: Iter 67000 Summarn  y: 
[2025-01-17 02:44:15,665] INFO: 	 lr: 1.000000000000002e-05 	 Training loss: 0.03381445011124015
[2025-01-17 02:44:26,039] INFO: Iter 67100 Summarn  y: 
[2025-01-17 02:44:26,039] INFO: 	 lr: 1.000000000000002e-05 	 Training loss: 0.03369011800736189
[2025-01-17 02:44:36,292] INFO: Iter 67200 Summarn  y: 
[2025-01-17 02:44:36,292] INFO: 	 lr: 1.000000000000002e-05 	 Training loss: 0.033846673034131525
[2025-01-17 02:44:47,833] INFO: Iter 67300 Summarn  y: 
[2025-01-17 02:44:47,833] INFO: 	 lr: 1.000000000000002e-05 	 Training loss: 0.0337097617611289
[2025-01-17 02:44:56,673] INFO: Iter 67400 Summarn  y: 
[2025-01-17 02:44:56,673] INFO: 	 lr: 1.000000000000002e-05 	 Training loss: 0.033827286772429944
[2025-01-17 02:45:06,116] INFO: Iter 67500 Summarn  y: 
[2025-01-17 02:45:06,116] INFO: 	 lr: 1.000000000000002e-05 	 Training loss: 0.03358399262651801
[2025-01-17 02:45:15,942] INFO: Iter 67600 Summarn  y: 
[2025-01-17 02:45:15,942] INFO: 	 lr: 1.000000000000002e-05 	 Training loss: 0.033773940689861774
[2025-01-17 02:45:26,868] INFO: Iter 67700 Summarn  y: 
[2025-01-17 02:45:26,868] INFO: 	 lr: 1.000000000000002e-05 	 Training loss: 0.033633001279085875
[2025-01-17 02:45:37,442] INFO: Iter 67800 Summarn  y: 
[2025-01-17 02:45:37,443] INFO: 	 lr: 1.000000000000002e-05 	 Training loss: 0.033732597418129444
[2025-01-17 02:45:47,524] INFO: Iter 67900 Summarn  y: 
[2025-01-17 02:45:47,525] INFO: 	 lr: 1.000000000000002e-05 	 Training loss: 0.03376005426049233
[2025-01-17 02:45:57,895] INFO: Iter 68000 Summarn  y: 
[2025-01-17 02:45:57,895] INFO: 	 lr: 1.000000000000002e-05 	 Training loss: 0.033879425767809154
[2025-01-17 02:46:11,522] INFO: Iter 68100 Summarn  y: 
[2025-01-17 02:46:11,523] INFO: 	 lr: 1.000000000000002e-05 	 Training loss: 0.033573059253394606
[2025-01-17 02:46:20,381] INFO: Iter 68200 Summarn  y: 
[2025-01-17 02:46:20,381] INFO: 	 lr: 1.000000000000002e-05 	 Training loss: 0.03368905141949654
[2025-01-17 02:46:30,811] INFO: Iter 68300 Summarn  y: 
[2025-01-17 02:46:30,811] INFO: 	 lr: 1.000000000000002e-05 	 Training loss: 0.03382045125588775
[2025-01-17 02:46:41,203] INFO: Iter 68400 Summarn  y: 
[2025-01-17 02:46:41,203] INFO: 	 lr: 1.000000000000002e-05 	 Training loss: 0.033605981692671774
[2025-01-17 02:46:51,686] INFO: Iter 68500 Summarn  y: 
[2025-01-17 02:46:51,686] INFO: 	 lr: 1.000000000000002e-05 	 Training loss: 0.033654098510742185
[2025-01-17 02:47:02,289] INFO: Iter 68600 Summarn  y: 
[2025-01-17 02:47:02,290] INFO: 	 lr: 1.000000000000002e-05 	 Training loss: 0.03390277191996574
[2025-01-17 02:47:11,853] INFO: Iter 68700 Summarn  y: 
[2025-01-17 02:47:11,853] INFO: 	 lr: 1.000000000000002e-05 	 Training loss: 0.033648586422204974
[2025-01-17 02:47:22,111] INFO: Iter 68800 Summarn  y: 
[2025-01-17 02:47:22,112] INFO: 	 lr: 1.000000000000002e-05 	 Training loss: 0.033868160992860795
[2025-01-17 02:47:33,287] INFO: Iter 68900 Summarn  y: 
[2025-01-17 02:47:33,287] INFO: 	 lr: 1.000000000000002e-05 	 Training loss: 0.03361277475953102
[2025-01-17 02:47:43,988] INFO: Iter 69000 Summarn  y: 
[2025-01-17 02:47:43,989] INFO: 	 lr: 1.000000000000002e-05 	 Training loss: 0.033703398574143645
[2025-01-17 02:47:54,858] INFO: Iter 69100 Summarn  y: 
[2025-01-17 02:47:54,859] INFO: 	 lr: 1.000000000000002e-05 	 Training loss: 0.03352776588872075
[2025-01-17 02:48:04,581] INFO: Iter 69200 Summarn  y: 
[2025-01-17 02:48:04,582] INFO: 	 lr: 1.000000000000002e-05 	 Training loss: 0.03351245652884245
[2025-01-17 02:48:15,789] INFO: Iter 69300 Summarn  y: 
[2025-01-17 02:48:15,790] INFO: 	 lr: 1.000000000000002e-05 	 Training loss: 0.03394174680113792
[2025-01-17 02:48:25,451] INFO: Iter 69400 Summarn  y: 
[2025-01-17 02:48:25,451] INFO: 	 lr: 1.000000000000002e-05 	 Training loss: 0.033632313311100004
[2025-01-17 02:48:34,722] INFO: Iter 69500 Summarn  y: 
[2025-01-17 02:48:34,722] INFO: 	 lr: 1.000000000000002e-05 	 Training loss: 0.0337757945433259
[2025-01-17 02:48:43,636] INFO: Iter 69600 Summarn  y: 
[2025-01-17 02:48:43,636] INFO: 	 lr: 1.000000000000002e-05 	 Training loss: 0.03378249280154705
[2025-01-17 02:48:53,118] INFO: Iter 69700 Summarn  y: 
[2025-01-17 02:48:53,118] INFO: 	 lr: 1.000000000000002e-05 	 Training loss: 0.03360462754964828
[2025-01-17 02:49:02,886] INFO: Iter 69800 Summarn  y: 
[2025-01-17 02:49:02,886] INFO: 	 lr: 1.000000000000002e-05 	 Training loss: 0.03369265288114548
[2025-01-17 02:49:13,581] INFO: Iter 69900 Summarn  y: 
[2025-01-17 02:49:13,581] INFO: 	 lr: 1.000000000000002e-05 	 Training loss: 0.033682878315448764
[2025-01-17 02:49:26,237] INFO: Iter 70000 Summarn  y: 
[2025-01-17 02:49:26,238] INFO: 	 lr: 1.000000000000002e-05 	 Training loss: 0.033501184172928335
[2025-01-17 02:49:37,750] INFO: Iter 70100 Summarn  y: 
[2025-01-17 02:49:37,751] INFO: 	 lr: 1.000000000000002e-05 	 Training loss: 0.03376265712082386
[2025-01-17 02:49:47,359] INFO: Iter 70200 Summarn  y: 
[2025-01-17 02:49:47,360] INFO: 	 lr: 1.000000000000002e-05 	 Training loss: 0.03390394635498524
[2025-01-17 02:49:57,482] INFO: Iter 70300 Summarn  y: 
[2025-01-17 02:49:57,483] INFO: 	 lr: 1.000000000000002e-05 	 Training loss: 0.03364605786278844
[2025-01-17 02:50:06,627] INFO: Iter 70400 Summarn  y: 
[2025-01-17 02:50:06,627] INFO: 	 lr: 1.000000000000002e-05 	 Training loss: 0.03390535619109869
[2025-01-17 02:50:16,962] INFO: Iter 70500 Summarn  y: 
[2025-01-17 02:50:16,962] INFO: 	 lr: 1.000000000000002e-05 	 Training loss: 0.0336889810487628
[2025-01-17 02:50:25,982] INFO: Iter 70600 Summarn  y: 
[2025-01-17 02:50:25,982] INFO: 	 lr: 1.000000000000002e-05 	 Training loss: 0.03358156828209758
[2025-01-17 02:50:36,860] INFO: Iter 70700 Summarn  y: 
[2025-01-17 02:50:36,861] INFO: 	 lr: 1.000000000000002e-05 	 Training loss: 0.03363200267776847
[2025-01-17 02:50:46,615] INFO: Iter 70800 Summarn  y: 
[2025-01-17 02:50:46,615] INFO: 	 lr: 1.000000000000002e-05 	 Training loss: 0.033513778783380986
[2025-01-17 02:50:56,639] INFO: Iter 70900 Summarn  y: 
[2025-01-17 02:50:56,639] INFO: 	 lr: 1.000000000000002e-05 	 Training loss: 0.03364468926563859
[2025-01-17 02:51:07,263] INFO: Iter 71000 Summarn  y: 
[2025-01-17 02:51:07,263] INFO: 	 lr: 1.000000000000002e-05 	 Training loss: 0.03360549693927169
[2025-01-17 02:51:16,492] INFO: Iter 71100 Summarn  y: 
[2025-01-17 02:51:16,492] INFO: 	 lr: 1.000000000000002e-05 	 Training loss: 0.033676764853298666
[2025-01-17 02:51:27,248] INFO: Iter 71200 Summarn  y: 
[2025-01-17 02:51:27,248] INFO: 	 lr: 1.000000000000002e-05 	 Training loss: 0.03378108195960522
[2025-01-17 02:51:37,246] INFO: Iter 71300 Summarn  y: 
[2025-01-17 02:51:37,247] INFO: 	 lr: 1.000000000000002e-05 	 Training loss: 0.033821493946015836
[2025-01-17 02:51:47,777] INFO: Iter 71400 Summarn  y: 
[2025-01-17 02:51:47,777] INFO: 	 lr: 1.000000000000002e-05 	 Training loss: 0.03358732219785452
[2025-01-17 02:51:57,716] INFO: Iter 71500 Summarn  y: 
[2025-01-17 02:51:57,717] INFO: 	 lr: 1.000000000000002e-05 	 Training loss: 0.03365934340283275
[2025-01-17 02:52:07,487] INFO: Iter 71600 Summarn  y: 
[2025-01-17 02:52:07,487] INFO: 	 lr: 1.000000000000002e-05 	 Training loss: 0.033787250258028506
[2025-01-17 02:52:17,051] INFO: Iter 71700 Summarn  y: 
[2025-01-17 02:52:17,051] INFO: 	 lr: 1.000000000000002e-05 	 Training loss: 0.03351674580946565
[2025-01-17 02:52:27,113] INFO: Iter 71800 Summarn  y: 
[2025-01-17 02:52:27,113] INFO: 	 lr: 1.000000000000002e-05 	 Training loss: 0.03365922674536705
[2025-01-17 02:52:37,591] INFO: Iter 71900 Summarn  y: 
[2025-01-17 02:52:37,591] INFO: 	 lr: 1.000000000000002e-05 	 Training loss: 0.033632732778787616
[2025-01-17 02:52:50,560] INFO: Iter 72000 Summarn  y: 
[2025-01-17 02:52:50,561] INFO: 	 lr: 1.000000000000002e-05 	 Training loss: 0.03386448279023171
[2025-01-17 02:53:02,643] INFO: Iter 72100 Summarn  y: 
[2025-01-17 02:53:02,643] INFO: 	 lr: 1.000000000000002e-05 	 Training loss: 0.03350887829437852
[2025-01-17 02:53:14,898] INFO: Iter 72200 Summarn  y: 
[2025-01-17 02:53:14,899] INFO: 	 lr: 1.000000000000002e-05 	 Training loss: 0.03387093754485249
[2025-01-17 02:53:25,678] INFO: Iter 72300 Summarn  y: 
[2025-01-17 02:53:25,679] INFO: 	 lr: 1.000000000000002e-05 	 Training loss: 0.03348616201430559
[2025-01-17 02:53:35,916] INFO: Iter 72400 Summarn  y: 
[2025-01-17 02:53:35,916] INFO: 	 lr: 1.000000000000002e-05 	 Training loss: 0.03375881597399712
[2025-01-17 02:53:48,481] INFO: Iter 72500 Summarn  y: 
[2025-01-17 02:53:48,482] INFO: 	 lr: 1.000000000000002e-05 	 Training loss: 0.0337060372158885
[2025-01-17 02:53:59,576] INFO: Iter 72600 Summarn  y: 
[2025-01-17 02:53:59,576] INFO: 	 lr: 1.000000000000002e-05 	 Training loss: 0.033664918299764396
[2025-01-17 02:54:11,174] INFO: Iter 72700 Summarn  y: 
[2025-01-17 02:54:11,175] INFO: 	 lr: 1.000000000000002e-05 	 Training loss: 0.033683432303369044
[2025-01-17 02:54:22,081] INFO: Iter 72800 Summarn  y: 
[2025-01-17 02:54:22,081] INFO: 	 lr: 1.000000000000002e-05 	 Training loss: 0.033692764230072496
[2025-01-17 02:54:32,730] INFO: Iter 72900 Summarn  y: 
[2025-01-17 02:54:32,730] INFO: 	 lr: 1.000000000000002e-05 	 Training loss: 0.03357332769781351
[2025-01-17 02:54:41,576] INFO: Iter 73000 Summarn  y: 
[2025-01-17 02:54:41,576] INFO: 	 lr: 1.000000000000002e-05 	 Training loss: 0.03370739299803972
[2025-01-17 02:54:52,978] INFO: Iter 73100 Summarn  y: 
[2025-01-17 02:54:52,978] INFO: 	 lr: 1.000000000000002e-05 	 Training loss: 0.03371742952615023
[2025-01-17 02:55:02,969] INFO: Iter 73200 Summarn  y: 
[2025-01-17 02:55:02,969] INFO: 	 lr: 1.000000000000002e-05 	 Training loss: 0.03355824217200279
[2025-01-17 02:55:13,747] INFO: Iter 73300 Summarn  y: 
[2025-01-17 02:55:13,747] INFO: 	 lr: 1.000000000000002e-05 	 Training loss: 0.03365171156823635
[2025-01-17 02:55:25,360] INFO: Iter 73400 Summarn  y: 
[2025-01-17 02:55:25,360] INFO: 	 lr: 1.000000000000002e-05 	 Training loss: 0.03365185234695673
[2025-01-17 02:55:34,827] INFO: Iter 73500 Summarn  y: 
[2025-01-17 02:55:34,828] INFO: 	 lr: 1.000000000000002e-05 	 Training loss: 0.033644745349884035
[2025-01-17 02:55:44,746] INFO: Iter 73600 Summarn  y: 
[2025-01-17 02:55:44,746] INFO: 	 lr: 1.000000000000002e-05 	 Training loss: 0.033658310677856206
[2025-01-17 02:55:54,831] INFO: Iter 73700 Summarn  y: 
[2025-01-17 02:55:54,832] INFO: 	 lr: 1.000000000000002e-05 	 Training loss: 0.033727113977074626
[2025-01-17 02:56:06,790] INFO: Iter 73800 Summarn  y: 
[2025-01-17 02:56:06,791] INFO: 	 lr: 1.000000000000002e-05 	 Training loss: 0.033584283366799354
[2025-01-17 02:56:16,932] INFO: Iter 73900 Summarn  y: 
[2025-01-17 02:56:16,932] INFO: 	 lr: 1.000000000000002e-05 	 Training loss: 0.03357488906010985
[2025-01-17 02:56:27,035] INFO: Iter 74000 Summarn  y: 
[2025-01-17 02:56:27,035] INFO: 	 lr: 1.000000000000002e-05 	 Training loss: 0.0339536053314805
[2025-01-17 02:56:41,459] INFO: Iter 74100 Summarn  y: 
[2025-01-17 02:56:41,460] INFO: 	 lr: 1.000000000000002e-05 	 Training loss: 0.03364151651039719
[2025-01-17 02:56:51,335] INFO: Iter 74200 Summarn  y: 
[2025-01-17 02:56:51,335] INFO: 	 lr: 1.000000000000002e-05 	 Training loss: 0.033739668019115925
[2025-01-17 02:57:01,108] INFO: Iter 74300 Summarn  y: 
[2025-01-17 02:57:01,109] INFO: 	 lr: 1.000000000000002e-05 	 Training loss: 0.03360502079129219
[2025-01-17 02:57:10,313] INFO: Iter 74400 Summarn  y: 
[2025-01-17 02:57:10,313] INFO: 	 lr: 1.000000000000002e-05 	 Training loss: 0.033706971686333416
[2025-01-17 02:57:20,199] INFO: Iter 74500 Summarn  y: 
[2025-01-17 02:57:20,199] INFO: 	 lr: 1.000000000000002e-05 	 Training loss: 0.0335253937728703
[2025-01-17 02:57:31,209] INFO: Iter 74600 Summarn  y: 
[2025-01-17 02:57:31,209] INFO: 	 lr: 1.000000000000002e-05 	 Training loss: 0.033622257523238656
[2025-01-17 02:57:40,844] INFO: Iter 74700 Summarn  y: 
[2025-01-17 02:57:40,845] INFO: 	 lr: 1.000000000000002e-05 	 Training loss: 0.033626986090093854
[2025-01-17 02:57:51,326] INFO: Iter 74800 Summarn  y: 
[2025-01-17 02:57:51,326] INFO: 	 lr: 1.000000000000002e-05 	 Training loss: 0.0334461097791791
[2025-01-17 02:58:01,900] INFO: Iter 74900 Summarn  y: 
[2025-01-17 02:58:01,900] INFO: 	 lr: 1.000000000000002e-05 	 Training loss: 0.03352754289284349
[2025-01-17 02:58:12,092] INFO: Iter 75000 Summarn  y: 
[2025-01-17 02:58:12,092] INFO: 	 lr: 1.000000000000002e-05 	 Training loss: 0.03386501308530569
[2025-01-17 02:58:22,626] INFO: Iter 75100 Summarn  y: 
[2025-01-17 02:58:22,627] INFO: 	 lr: 1.000000000000002e-05 	 Training loss: 0.03363252174109221
[2025-01-17 02:58:32,188] INFO: Iter 75200 Summarn  y: 
[2025-01-17 02:58:32,188] INFO: 	 lr: 1.000000000000002e-05 	 Training loss: 0.03368321027606726
[2025-01-17 02:58:42,425] INFO: Iter 75300 Summarn  y: 
[2025-01-17 02:58:42,425] INFO: 	 lr: 1.000000000000002e-05 	 Training loss: 0.03360001301392913
[2025-01-17 02:58:53,200] INFO: Iter 75400 Summarn  y: 
[2025-01-17 02:58:53,201] INFO: 	 lr: 1.000000000000002e-05 	 Training loss: 0.03363638671115041
[2025-01-17 02:59:03,052] INFO: Iter 75500 Summarn  y: 
[2025-01-17 02:59:03,053] INFO: 	 lr: 1.000000000000002e-05 	 Training loss: 0.03360331127420068
[2025-01-17 02:59:13,652] INFO: Iter 75600 Summarn  y: 
[2025-01-17 02:59:13,652] INFO: 	 lr: 1.000000000000002e-05 	 Training loss: 0.03365006685256958
[2025-01-17 02:59:24,196] INFO: Iter 75700 Summarn  y: 
[2025-01-17 02:59:24,196] INFO: 	 lr: 1.000000000000002e-05 	 Training loss: 0.033537622168660165
[2025-01-17 02:59:35,827] INFO: Iter 75800 Summarn  y: 
[2025-01-17 02:59:35,827] INFO: 	 lr: 1.000000000000002e-05 	 Training loss: 0.03372973021119833
[2025-01-17 02:59:46,788] INFO: Iter 75900 Summarn  y: 
[2025-01-17 02:59:46,788] INFO: 	 lr: 1.000000000000002e-05 	 Training loss: 0.033598854895681145
[2025-01-17 02:59:56,060] INFO: Iter 76000 Summarn  y: 
[2025-01-17 02:59:56,060] INFO: 	 lr: 1.000000000000002e-05 	 Training loss: 0.033626200705766676
[2025-01-17 03:00:09,021] INFO: Iter 76100 Summarn  y: 
[2025-01-17 03:00:09,021] INFO: 	 lr: 1.000000000000002e-05 	 Training loss: 0.03345459058880806
[2025-01-17 03:00:20,091] INFO: Iter 76200 Summarn  y: 
[2025-01-17 03:00:20,091] INFO: 	 lr: 1.000000000000002e-05 	 Training loss: 0.033415628001093864
[2025-01-17 03:00:29,929] INFO: Iter 76300 Summarn  y: 
[2025-01-17 03:00:29,930] INFO: 	 lr: 1.000000000000002e-05 	 Training loss: 0.0336376047693193
[2025-01-17 03:00:40,641] INFO: Iter 76400 Summarn  y: 
[2025-01-17 03:00:40,641] INFO: 	 lr: 1.000000000000002e-05 	 Training loss: 0.03358857404440641
[2025-01-17 03:00:50,592] INFO: Iter 76500 Summarn  y: 
[2025-01-17 03:00:50,592] INFO: 	 lr: 1.000000000000002e-05 	 Training loss: 0.03362923555076122
[2025-01-17 03:01:00,870] INFO: Iter 76600 Summarn  y: 
[2025-01-17 03:01:00,870] INFO: 	 lr: 1.000000000000002e-05 	 Training loss: 0.03376082938164473
[2025-01-17 03:01:12,624] INFO: Iter 76700 Summarn  y: 
[2025-01-17 03:01:12,624] INFO: 	 lr: 1.000000000000002e-05 	 Training loss: 0.03360399341210723
[2025-01-17 03:01:24,396] INFO: Iter 76800 Summarn  y: 
[2025-01-17 03:01:24,397] INFO: 	 lr: 1.000000000000002e-05 	 Training loss: 0.0336938944645226
[2025-01-17 03:01:34,450] INFO: Iter 76900 Summarn  y: 
[2025-01-17 03:01:34,451] INFO: 	 lr: 1.000000000000002e-05 	 Training loss: 0.03354658931493759
[2025-01-17 03:01:43,899] INFO: Iter 77000 Summarn  y: 
[2025-01-17 03:01:43,900] INFO: 	 lr: 1.000000000000002e-05 	 Training loss: 0.03377455823123455
[2025-01-17 03:01:54,698] INFO: Iter 77100 Summarn  y: 
[2025-01-17 03:01:54,698] INFO: 	 lr: 1.000000000000002e-05 	 Training loss: 0.033751598317176106
[2025-01-17 03:02:04,430] INFO: Iter 77200 Summarn  y: 
[2025-01-17 03:02:04,430] INFO: 	 lr: 1.000000000000002e-05 	 Training loss: 0.03379114843904972
[2025-01-17 03:02:14,261] INFO: Iter 77300 Summarn  y: 
[2025-01-17 03:02:14,261] INFO: 	 lr: 1.000000000000002e-05 	 Training loss: 0.033544748313725
[2025-01-17 03:02:24,675] INFO: Iter 77400 Summarn  y: 
[2025-01-17 03:02:24,676] INFO: 	 lr: 1.000000000000002e-05 	 Training loss: 0.03351142978295684
[2025-01-17 03:02:36,455] INFO: Iter 77500 Summarn  y: 
[2025-01-17 03:02:36,456] INFO: 	 lr: 1.000000000000002e-05 	 Training loss: 0.033522138688713315
[2025-01-17 03:02:46,314] INFO: Iter 77600 Summarn  y: 
[2025-01-17 03:02:46,314] INFO: 	 lr: 1.000000000000002e-05 	 Training loss: 0.033520000111311676
[2025-01-17 03:02:56,508] INFO: Iter 77700 Summarn  y: 
[2025-01-17 03:02:56,509] INFO: 	 lr: 1.000000000000002e-05 	 Training loss: 0.03368305595591664
[2025-01-17 03:03:08,012] INFO: Iter 77800 Summarn  y: 
[2025-01-17 03:03:08,012] INFO: 	 lr: 1.000000000000002e-05 	 Training loss: 0.03361617745831609
[2025-01-17 03:03:18,241] INFO: Iter 77900 Summarn  y: 
[2025-01-17 03:03:18,242] INFO: 	 lr: 1.000000000000002e-05 	 Training loss: 0.0336994593590498
[2025-01-17 03:03:28,319] INFO: Iter 78000 Summarn  y: 
[2025-01-17 03:03:28,320] INFO: 	 lr: 1.000000000000002e-05 	 Training loss: 0.03362107763066888
[2025-01-17 03:03:40,474] INFO: Iter 78100 Summarn  y: 
[2025-01-17 03:03:40,474] INFO: 	 lr: 1.000000000000002e-05 	 Training loss: 0.033399994149804116
[2025-01-17 03:03:50,489] INFO: Iter 78200 Summarn  y: 
[2025-01-17 03:03:50,489] INFO: 	 lr: 1.000000000000002e-05 	 Training loss: 0.03365404786542058
[2025-01-17 03:04:00,738] INFO: Iter 78300 Summarn  y: 
[2025-01-17 03:04:00,738] INFO: 	 lr: 1.000000000000002e-05 	 Training loss: 0.03349450470879674
[2025-01-17 03:04:10,982] INFO: Iter 78400 Summarn  y: 
[2025-01-17 03:04:10,982] INFO: 	 lr: 1.000000000000002e-05 	 Training loss: 0.03359373802319169
[2025-01-17 03:04:20,863] INFO: Iter 78500 Summarn  y: 
[2025-01-17 03:04:20,863] INFO: 	 lr: 1.000000000000002e-05 	 Training loss: 0.033537776842713356
[2025-01-17 03:04:32,728] INFO: Iter 78600 Summarn  y: 
[2025-01-17 03:04:32,728] INFO: 	 lr: 1.000000000000002e-05 	 Training loss: 0.033525211792439225
[2025-01-17 03:04:42,708] INFO: Iter 78700 Summarn  y: 
[2025-01-17 03:04:42,709] INFO: 	 lr: 1.000000000000002e-05 	 Training loss: 0.03348306197673082
[2025-01-17 03:04:54,217] INFO: Iter 78800 Summarn  y: 
[2025-01-17 03:04:54,218] INFO: 	 lr: 1.000000000000002e-05 	 Training loss: 0.03376565476879478
[2025-01-17 03:05:04,089] INFO: Iter 78900 Summarn  y: 
[2025-01-17 03:05:04,089] INFO: 	 lr: 1.000000000000002e-05 	 Training loss: 0.033323491122573615
[2025-01-17 03:05:14,490] INFO: Iter 79000 Summarn  y: 
[2025-01-17 03:05:14,490] INFO: 	 lr: 1.000000000000002e-05 	 Training loss: 0.03351452179253101
[2025-01-17 03:05:23,451] INFO: Iter 79100 Summarn  y: 
[2025-01-17 03:05:23,451] INFO: 	 lr: 1.000000000000002e-05 	 Training loss: 0.03366562120616436
[2025-01-17 03:05:34,476] INFO: Iter 79200 Summarn  y: 
[2025-01-17 03:05:34,476] INFO: 	 lr: 1.000000000000002e-05 	 Training loss: 0.03345949444919825
[2025-01-17 03:05:45,046] INFO: Iter 79300 Summarn  y: 
[2025-01-17 03:05:45,046] INFO: 	 lr: 1.000000000000002e-05 	 Training loss: 0.03342816535383463
[2025-01-17 03:05:56,610] INFO: Iter 79400 Summarn  y: 
[2025-01-17 03:05:56,610] INFO: 	 lr: 1.000000000000002e-05 	 Training loss: 0.033721640855073926
[2025-01-17 03:06:07,311] INFO: Iter 79500 Summarn  y: 
[2025-01-17 03:06:07,311] INFO: 	 lr: 1.000000000000002e-05 	 Training loss: 0.03373479001224041
[2025-01-17 03:06:18,198] INFO: Iter 79600 Summarn  y: 
[2025-01-17 03:06:18,198] INFO: 	 lr: 1.000000000000002e-05 	 Training loss: 0.033652975112199786
[2025-01-17 03:06:27,980] INFO: Iter 79700 Summarn  y: 
[2025-01-17 03:06:27,980] INFO: 	 lr: 1.000000000000002e-05 	 Training loss: 0.03316579215228557
[2025-01-17 03:06:36,033] INFO: Iter 79800 Summarn  y: 
[2025-01-17 03:06:36,034] INFO: 	 lr: 1.000000000000002e-05 	 Training loss: 0.03374166576191783
[2025-01-17 03:06:44,344] INFO: Iter 79900 Summarn  y: 
[2025-01-17 03:06:44,344] INFO: 	 lr: 1.000000000000002e-05 	 Training loss: 0.0336991992034018
[2025-01-17 03:06:52,452] INFO: Iter 80000 Summarn  y: 
[2025-01-17 03:06:52,453] INFO: 	 lr: 1.000000000000002e-05 	 Training loss: 0.033600113410502674
