[2025-01-16 03:34:06,520] INFO: {
    "abs_dir": "/home/diwang/siMLPe/exps/baseline_h36m",
    "batch_size": 256,
    "cos_lr_max": 1e-05,
    "cos_lr_min": 5e-08,
    "cos_lr_total_iters": 80000,
    "data_aug": true,
    "deriv_input": true,
    "deriv_output": true,
    "device": "cuda:4",
    "h36m_anno_dir": "/home/diwang/siMLPe/data/h36m/",
    "link_log_file": "/home/diwang/siMLPe/exps/baseline_h36m/log/log_last.log",
    "link_val_log_file": "/home/diwang/siMLPe/exps/baseline_h36m/log/val_last.log",
    "log_dir": "/home/diwang/siMLPe/exps/baseline_h36m/log",
    "log_file": "/home/diwang/siMLPe/exps/baseline_h36m/log/log_2025_01_16_03_33_46.log",
    "model_pth": null,
    "motion": {
        "dim": 66,
        "h36m_input_length": 50,
        "h36m_input_length_dct": 50,
        "h36m_target_length": 10,
        "h36m_target_length_eval": 25,
        "h36m_target_length_train": 10
    },
    "motion_fc_in": {
        "activation": "relu",
        "in_features": 66,
        "init_w_trunc_normal": false,
        "out_features": 66,
        "temporal_fc": false,
        "with_norm": false
    },
    "motion_fc_out": {
        "activation": "relu",
        "in_features": 66,
        "init_w_trunc_normal": true,
        "out_features": 66,
        "temporal_fc": false,
        "with_norm": false
    },
    "motion_mlp": {
        "hidden_dim": 66,
        "norm_axis": "spatial",
        "num_layers": 48,
        "seq_len": 50,
        "spatial_fc_only": false,
        "with_normalization": true
    },
    "num_workers": 8,
    "post_dct": false,
    "pre_dct": false,
    "print_every": 100,
    "repo_name": "siMLPe",
    "root_dir": "/home/diwang/siMLPe",
    "save_every": 2000,
    "seed": 304,
    "shift_step": 1,
    "snapshot_dir": "/home/diwang/siMLPe/exps/baseline_h36m/log/snapshot",
    "this_dir": "baseline_h36m",
    "use_relative_loss": true,
    "val_log_file": "/home/diwang/siMLPe/exps/baseline_h36m/log/val_2025_01_16_03_33_46.log",
    "weight_decay": 0.0001
}
[2025-01-16 03:34:18,129] INFO: Iter 100 Summary: 
[2025-01-16 03:34:18,130] INFO: 	 lr: 0.00030000000000000073 	 Training loss: 0.08713441543281078
[2025-01-16 03:34:28,202] INFO: Iter 200 Summary: 
[2025-01-16 03:34:28,202] INFO: 	 lr: 0.00030000000000000073 	 Training loss: 0.07465265937149525
[2025-01-16 03:34:37,120] INFO: Iter 300 Summary: 
[2025-01-16 03:34:37,120] INFO: 	 lr: 0.00030000000000000073 	 Training loss: 0.07039082750678062
[2025-01-16 03:34:46,250] INFO: Iter 400 Summary: 
[2025-01-16 03:34:46,251] INFO: 	 lr: 0.00030000000000000073 	 Training loss: 0.06520674720406533
[2025-01-16 03:34:55,377] INFO: Iter 500 Summary: 
[2025-01-16 03:34:55,377] INFO: 	 lr: 0.00030000000000000073 	 Training loss: 0.06056007467210293
[2025-01-16 03:35:05,126] INFO: Iter 600 Summary: 
[2025-01-16 03:35:05,126] INFO: 	 lr: 0.00030000000000000073 	 Training loss: 0.05835030093789101
[2025-01-16 03:35:16,163] INFO: Iter 700 Summary: 
[2025-01-16 03:35:16,163] INFO: 	 lr: 0.00030000000000000073 	 Training loss: 0.057194854095578194
[2025-01-16 03:35:26,037] INFO: Iter 800 Summary: 
[2025-01-16 03:35:26,038] INFO: 	 lr: 0.00030000000000000073 	 Training loss: 0.056492888815701005
[2025-01-16 03:35:35,936] INFO: Iter 900 Summary: 
[2025-01-16 03:35:35,937] INFO: 	 lr: 0.00030000000000000073 	 Training loss: 0.0558500611782074
[2025-01-16 03:35:45,743] INFO: Iter 1000 Summary: 
[2025-01-16 03:35:45,743] INFO: 	 lr: 0.00030000000000000073 	 Training loss: 0.05572965428233147
[2025-01-16 03:35:55,440] INFO: Iter 1100 Summary: 
[2025-01-16 03:35:55,440] INFO: 	 lr: 0.00030000000000000073 	 Training loss: 0.05560596443712711
[2025-01-16 03:36:05,368] INFO: Iter 1200 Summary: 
[2025-01-16 03:36:05,368] INFO: 	 lr: 0.00030000000000000073 	 Training loss: 0.053845150135457515
[2025-01-16 03:36:14,904] INFO: Iter 1300 Summary: 
[2025-01-16 03:36:14,904] INFO: 	 lr: 0.00030000000000000073 	 Training loss: 0.05376107428222895
[2025-01-16 03:36:25,584] INFO: Iter 1400 Summary: 
[2025-01-16 03:36:25,585] INFO: 	 lr: 0.00030000000000000073 	 Training loss: 0.053796212300658224
[2025-01-16 03:36:34,898] INFO: Iter 1500 Summary: 
[2025-01-16 03:36:34,898] INFO: 	 lr: 0.00030000000000000073 	 Training loss: 0.053521576449275014
[2025-01-16 03:36:44,270] INFO: Iter 1600 Summary: 
[2025-01-16 03:36:44,270] INFO: 	 lr: 0.00030000000000000073 	 Training loss: 0.0528569421172142
[2025-01-16 03:36:54,566] INFO: Iter 1700 Summary: 
[2025-01-16 03:36:54,567] INFO: 	 lr: 0.00030000000000000073 	 Training loss: 0.05280514195561409
[2025-01-16 03:37:04,901] INFO: Iter 1800 Summary: 
[2025-01-16 03:37:04,902] INFO: 	 lr: 0.00030000000000000073 	 Training loss: 0.0520035371184349
[2025-01-16 03:37:14,433] INFO: Iter 1900 Summary: 
[2025-01-16 03:37:14,433] INFO: 	 lr: 0.00030000000000000073 	 Training loss: 0.05249262884259224
[2025-01-16 03:37:24,646] INFO: Iter 2000 Summary: 
[2025-01-16 03:37:24,646] INFO: 	 lr: 0.00030000000000000073 	 Training loss: 0.05153701808303594
[2025-01-16 03:37:38,659] INFO: Iter 2100 Summary: 
[2025-01-16 03:37:38,660] INFO: 	 lr: 0.00030000000000000073 	 Training loss: 0.051574781462550165
[2025-01-16 03:37:49,311] INFO: Iter 2200 Summary: 
[2025-01-16 03:37:49,312] INFO: 	 lr: 0.00030000000000000073 	 Training loss: 0.05120854839682579
[2025-01-16 03:37:59,488] INFO: Iter 2300 Summary: 
[2025-01-16 03:37:59,488] INFO: 	 lr: 0.00030000000000000073 	 Training loss: 0.05130393695086241
[2025-01-16 03:38:09,557] INFO: Iter 2400 Summary: 
[2025-01-16 03:38:09,557] INFO: 	 lr: 0.00030000000000000073 	 Training loss: 0.05106268398463726
[2025-01-16 03:38:19,116] INFO: Iter 2500 Summary: 
[2025-01-16 03:38:19,117] INFO: 	 lr: 0.00030000000000000073 	 Training loss: 0.05075976807624102
[2025-01-16 03:38:28,709] INFO: Iter 2600 Summary: 
[2025-01-16 03:38:28,709] INFO: 	 lr: 0.00030000000000000073 	 Training loss: 0.05111330348998308
[2025-01-16 03:38:38,243] INFO: Iter 2700 Summary: 
[2025-01-16 03:38:38,243] INFO: 	 lr: 0.00030000000000000073 	 Training loss: 0.050695504210889336
[2025-01-16 03:38:47,959] INFO: Iter 2800 Summary: 
[2025-01-16 03:38:47,959] INFO: 	 lr: 0.00030000000000000073 	 Training loss: 0.05012615829706192
[2025-01-16 03:38:57,835] INFO: Iter 2900 Summary: 
[2025-01-16 03:38:57,835] INFO: 	 lr: 0.00030000000000000073 	 Training loss: 0.04996498413383961
[2025-01-16 03:39:07,426] INFO: Iter 3000 Summary: 
[2025-01-16 03:39:07,426] INFO: 	 lr: 0.00030000000000000073 	 Training loss: 0.0504981653764844
[2025-01-16 03:39:16,554] INFO: Iter 3100 Summary: 
[2025-01-16 03:39:16,554] INFO: 	 lr: 0.00030000000000000073 	 Training loss: 0.04997357729822397
[2025-01-16 03:39:26,302] INFO: Iter 3200 Summary: 
[2025-01-16 03:39:26,302] INFO: 	 lr: 0.00030000000000000073 	 Training loss: 0.04998678430914879
[2025-01-16 03:39:36,334] INFO: Iter 3300 Summary: 
[2025-01-16 03:39:36,335] INFO: 	 lr: 0.00030000000000000073 	 Training loss: 0.04980281211435795
[2025-01-16 03:39:45,678] INFO: Iter 3400 Summary: 
[2025-01-16 03:39:45,678] INFO: 	 lr: 0.00030000000000000073 	 Training loss: 0.049986099377274516
[2025-01-16 03:39:55,420] INFO: Iter 3500 Summary: 
[2025-01-16 03:39:55,421] INFO: 	 lr: 0.00030000000000000073 	 Training loss: 0.049844023585319516
[2025-01-16 03:40:04,118] INFO: Iter 3600 Summary: 
[2025-01-16 03:40:04,118] INFO: 	 lr: 0.00030000000000000073 	 Training loss: 0.049786487855017186
[2025-01-16 03:40:14,181] INFO: Iter 3700 Summary: 
[2025-01-16 03:40:14,181] INFO: 	 lr: 0.00030000000000000073 	 Training loss: 0.04896692767739296
[2025-01-16 03:40:24,656] INFO: Iter 3800 Summary: 
[2025-01-16 03:40:24,656] INFO: 	 lr: 0.00030000000000000073 	 Training loss: 0.048942401707172394
[2025-01-16 03:40:35,049] INFO: Iter 3900 Summary: 
[2025-01-16 03:40:35,049] INFO: 	 lr: 0.00030000000000000073 	 Training loss: 0.04885578088462353
[2025-01-16 03:40:45,420] INFO: Iter 4000 Summary: 
[2025-01-16 03:40:45,420] INFO: 	 lr: 0.00030000000000000073 	 Training loss: 0.04950512886047363
[2025-01-16 03:40:57,312] INFO: Iter 4100 Summary: 
[2025-01-16 03:40:57,312] INFO: 	 lr: 0.00030000000000000073 	 Training loss: 0.04947197809815407
[2025-01-16 03:41:09,078] INFO: Iter 4200 Summary: 
[2025-01-16 03:41:09,078] INFO: 	 lr: 0.00030000000000000073 	 Training loss: 0.04874685913324356
[2025-01-16 03:41:17,656] INFO: Iter 4300 Summary: 
[2025-01-16 03:41:17,656] INFO: 	 lr: 0.00030000000000000073 	 Training loss: 0.0489947671815753
[2025-01-16 03:41:27,434] INFO: Iter 4400 Summary: 
[2025-01-16 03:41:27,435] INFO: 	 lr: 0.00030000000000000073 	 Training loss: 0.048771480247378346
[2025-01-16 03:41:38,788] INFO: Iter 4500 Summary: 
[2025-01-16 03:41:38,789] INFO: 	 lr: 0.00030000000000000073 	 Training loss: 0.04852089587599039
[2025-01-16 03:41:48,639] INFO: Iter 4600 Summary: 
[2025-01-16 03:41:48,640] INFO: 	 lr: 0.00030000000000000073 	 Training loss: 0.048569814711809156
[2025-01-16 03:41:59,232] INFO: Iter 4700 Summary: 
[2025-01-16 03:41:59,232] INFO: 	 lr: 0.00030000000000000073 	 Training loss: 0.04811035331338644
[2025-01-16 03:42:08,111] INFO: Iter 4800 Summary: 
[2025-01-16 03:42:08,112] INFO: 	 lr: 0.00030000000000000073 	 Training loss: 0.048257830291986464
[2025-01-16 03:42:18,708] INFO: Iter 4900 Summary: 
[2025-01-16 03:42:18,708] INFO: 	 lr: 0.00030000000000000073 	 Training loss: 0.04823100741952658
[2025-01-16 03:42:28,353] INFO: Iter 5000 Summary: 
[2025-01-16 03:42:28,353] INFO: 	 lr: 0.00030000000000000073 	 Training loss: 0.048762828670442106
[2025-01-16 03:42:37,917] INFO: Iter 5100 Summary: 
[2025-01-16 03:42:37,918] INFO: 	 lr: 0.00030000000000000073 	 Training loss: 0.048060133419930935
[2025-01-16 03:42:47,334] INFO: Iter 5200 Summary: 
[2025-01-16 03:42:47,334] INFO: 	 lr: 0.00030000000000000073 	 Training loss: 0.04784172233194113
[2025-01-16 03:42:57,950] INFO: Iter 5300 Summary: 
[2025-01-16 03:42:57,951] INFO: 	 lr: 0.00030000000000000073 	 Training loss: 0.04791609726846218
[2025-01-16 03:43:08,187] INFO: Iter 5400 Summary: 
[2025-01-16 03:43:08,187] INFO: 	 lr: 0.00030000000000000073 	 Training loss: 0.04737825326621532
[2025-01-16 03:43:17,966] INFO: Iter 5500 Summary: 
[2025-01-16 03:43:17,966] INFO: 	 lr: 0.00030000000000000073 	 Training loss: 0.04770405124872923
[2025-01-16 03:43:28,366] INFO: Iter 5600 Summary: 
[2025-01-16 03:43:28,366] INFO: 	 lr: 0.00030000000000000073 	 Training loss: 0.04750795938074589
[2025-01-16 03:43:38,146] INFO: Iter 5700 Summary: 
[2025-01-16 03:43:38,146] INFO: 	 lr: 0.00030000000000000073 	 Training loss: 0.0470867008715868
[2025-01-16 03:43:46,978] INFO: Iter 5800 Summary: 
[2025-01-16 03:43:46,978] INFO: 	 lr: 0.00030000000000000073 	 Training loss: 0.047346521094441416
[2025-01-16 03:43:56,602] INFO: Iter 5900 Summary: 
[2025-01-16 03:43:56,602] INFO: 	 lr: 0.00030000000000000073 	 Training loss: 0.046948316134512426
[2025-01-16 03:44:06,053] INFO: Iter 6000 Summary: 
[2025-01-16 03:44:06,053] INFO: 	 lr: 0.00030000000000000073 	 Training loss: 0.04700473707169294
[2025-01-16 03:44:18,124] INFO: Iter 6100 Summary: 
[2025-01-16 03:44:18,124] INFO: 	 lr: 0.00030000000000000073 	 Training loss: 0.046784941554069516
[2025-01-16 03:44:28,675] INFO: Iter 6200 Summary: 
[2025-01-16 03:44:28,676] INFO: 	 lr: 0.00030000000000000073 	 Training loss: 0.046652512699365614
[2025-01-16 03:44:38,386] INFO: Iter 6300 Summary: 
[2025-01-16 03:44:38,386] INFO: 	 lr: 0.00030000000000000073 	 Training loss: 0.04644642986357212
[2025-01-16 03:44:48,923] INFO: Iter 6400 Summary: 
[2025-01-16 03:44:48,924] INFO: 	 lr: 0.00030000000000000073 	 Training loss: 0.046506319902837275
[2025-01-16 03:44:58,405] INFO: Iter 6500 Summary: 
[2025-01-16 03:44:58,405] INFO: 	 lr: 0.00030000000000000073 	 Training loss: 0.04618743471801281
[2025-01-16 03:45:07,761] INFO: Iter 6600 Summary: 
[2025-01-16 03:45:07,761] INFO: 	 lr: 0.00030000000000000073 	 Training loss: 0.04623363096266985
[2025-01-16 03:45:17,360] INFO: Iter 6700 Summary: 
[2025-01-16 03:45:17,361] INFO: 	 lr: 0.00030000000000000073 	 Training loss: 0.04601345431059599
[2025-01-16 03:45:27,246] INFO: Iter 6800 Summary: 
[2025-01-16 03:45:27,246] INFO: 	 lr: 0.00030000000000000073 	 Training loss: 0.04568120781332254
[2025-01-16 03:45:37,959] INFO: Iter 6900 Summary: 
[2025-01-16 03:45:37,959] INFO: 	 lr: 0.00030000000000000073 	 Training loss: 0.04595132727175951
[2025-01-16 03:45:46,895] INFO: Iter 7000 Summary: 
[2025-01-16 03:45:46,896] INFO: 	 lr: 0.00030000000000000073 	 Training loss: 0.04602955527603626
[2025-01-16 03:45:56,167] INFO: Iter 7100 Summary: 
[2025-01-16 03:45:56,167] INFO: 	 lr: 0.00030000000000000073 	 Training loss: 0.04556172482669354
[2025-01-16 03:46:06,887] INFO: Iter 7200 Summary: 
[2025-01-16 03:46:06,887] INFO: 	 lr: 0.00030000000000000073 	 Training loss: 0.04536982081830501
[2025-01-16 03:46:16,911] INFO: Iter 7300 Summary: 
[2025-01-16 03:46:16,911] INFO: 	 lr: 0.00030000000000000073 	 Training loss: 0.04520168207585812
[2025-01-16 03:46:26,595] INFO: Iter 7400 Summary: 
[2025-01-16 03:46:26,595] INFO: 	 lr: 0.00030000000000000073 	 Training loss: 0.04516506765037775
[2025-01-16 03:46:36,342] INFO: Iter 7500 Summary: 
[2025-01-16 03:46:36,342] INFO: 	 lr: 0.00030000000000000073 	 Training loss: 0.04518701184540987
[2025-01-16 03:46:47,668] INFO: Iter 7600 Summary: 
[2025-01-16 03:46:47,669] INFO: 	 lr: 0.00030000000000000073 	 Training loss: 0.04520420327782631
[2025-01-16 03:46:56,327] INFO: Iter 7700 Summary: 
[2025-01-16 03:46:56,327] INFO: 	 lr: 0.00030000000000000073 	 Training loss: 0.04494573947042227
[2025-01-16 03:47:06,203] INFO: Iter 7800 Summary: 
[2025-01-16 03:47:06,203] INFO: 	 lr: 0.00030000000000000073 	 Training loss: 0.04434569101780653
[2025-01-16 03:47:16,318] INFO: Iter 7900 Summary: 
[2025-01-16 03:47:16,318] INFO: 	 lr: 0.00030000000000000073 	 Training loss: 0.04454519808292389
[2025-01-16 03:47:26,852] INFO: Iter 8000 Summary: 
[2025-01-16 03:47:26,852] INFO: 	 lr: 0.00030000000000000073 	 Training loss: 0.04460116993635893
[2025-01-16 03:47:40,196] INFO: Iter 8100 Summary: 
[2025-01-16 03:47:40,196] INFO: 	 lr: 0.00030000000000000073 	 Training loss: 0.044585944600403306
[2025-01-16 03:47:49,766] INFO: Iter 8200 Summary: 
[2025-01-16 03:47:49,766] INFO: 	 lr: 0.00030000000000000073 	 Training loss: 0.04447371955960989
[2025-01-16 03:48:01,409] INFO: Iter 8300 Summary: 
[2025-01-16 03:48:01,410] INFO: 	 lr: 0.00030000000000000073 	 Training loss: 0.044700459614396094
[2025-01-16 03:48:12,132] INFO: Iter 8400 Summary: 
[2025-01-16 03:48:12,132] INFO: 	 lr: 0.00030000000000000073 	 Training loss: 0.04418327074497938
[2025-01-16 03:48:21,377] INFO: Iter 8500 Summary: 
[2025-01-16 03:48:21,377] INFO: 	 lr: 0.00030000000000000073 	 Training loss: 0.04434201050549746
[2025-01-16 03:48:31,843] INFO: Iter 8600 Summary: 
[2025-01-16 03:48:31,843] INFO: 	 lr: 0.00030000000000000073 	 Training loss: 0.043780361376702784
[2025-01-16 03:48:42,982] INFO: Iter 8700 Summary: 
[2025-01-16 03:48:42,982] INFO: 	 lr: 0.00030000000000000073 	 Training loss: 0.044004570730030536
[2025-01-16 03:48:53,983] INFO: Iter 8800 Summary: 
[2025-01-16 03:48:53,983] INFO: 	 lr: 0.00030000000000000073 	 Training loss: 0.04419297743588686
[2025-01-16 03:49:04,589] INFO: Iter 8900 Summary: 
[2025-01-16 03:49:04,589] INFO: 	 lr: 0.00030000000000000073 	 Training loss: 0.04348462998867035
[2025-01-16 03:49:14,699] INFO: Iter 9000 Summary: 
[2025-01-16 03:49:14,700] INFO: 	 lr: 0.00030000000000000073 	 Training loss: 0.043512687794864176
[2025-01-16 03:49:24,308] INFO: Iter 9100 Summary: 
[2025-01-16 03:49:24,308] INFO: 	 lr: 0.00030000000000000073 	 Training loss: 0.043764249086380005
[2025-01-16 03:49:33,961] INFO: Iter 9200 Summary: 
[2025-01-16 03:49:33,961] INFO: 	 lr: 0.00030000000000000073 	 Training loss: 0.043722090497612956
[2025-01-16 03:49:43,803] INFO: Iter 9300 Summary: 
[2025-01-16 03:49:43,803] INFO: 	 lr: 0.00030000000000000073 	 Training loss: 0.043615618348121644
[2025-01-16 03:49:53,587] INFO: Iter 9400 Summary: 
[2025-01-16 03:49:53,588] INFO: 	 lr: 0.00030000000000000073 	 Training loss: 0.043069281950592994
[2025-01-16 03:50:03,672] INFO: Iter 9500 Summary: 
[2025-01-16 03:50:03,672] INFO: 	 lr: 0.00030000000000000073 	 Training loss: 0.04327459707856178
[2025-01-16 03:50:13,654] INFO: Iter 9600 Summary: 
[2025-01-16 03:50:13,654] INFO: 	 lr: 0.00030000000000000073 	 Training loss: 0.04331291150301695
[2025-01-16 03:50:24,007] INFO: Iter 9700 Summary: 
[2025-01-16 03:50:24,008] INFO: 	 lr: 0.00030000000000000073 	 Training loss: 0.043193360045552256
[2025-01-16 03:50:34,410] INFO: Iter 9800 Summary: 
[2025-01-16 03:50:34,410] INFO: 	 lr: 0.00030000000000000073 	 Training loss: 0.043023174330592155
[2025-01-16 03:50:45,539] INFO: Iter 9900 Summary: 
[2025-01-16 03:50:45,539] INFO: 	 lr: 0.00030000000000000073 	 Training loss: 0.04291443474590778
[2025-01-16 03:50:55,790] INFO: Iter 10000 Summary: 
[2025-01-16 03:50:55,790] INFO: 	 lr: 0.00030000000000000073 	 Training loss: 0.04292451109737158
[2025-01-16 03:51:09,879] INFO: Iter 10100 Summary: 
[2025-01-16 03:51:09,880] INFO: 	 lr: 0.00030000000000000073 	 Training loss: 0.04322488527745008
[2025-01-16 03:51:20,040] INFO: Iter 10200 Summary: 
[2025-01-16 03:51:20,040] INFO: 	 lr: 0.00030000000000000073 	 Training loss: 0.04244921684265137
[2025-01-16 03:51:29,958] INFO: Iter 10300 Summary: 
[2025-01-16 03:51:29,958] INFO: 	 lr: 0.00030000000000000073 	 Training loss: 0.04283345468342304
[2025-01-16 03:51:41,059] INFO: Iter 10400 Summary: 
[2025-01-16 03:51:41,059] INFO: 	 lr: 0.00030000000000000073 	 Training loss: 0.04253769431263208
[2025-01-16 03:51:50,763] INFO: Iter 10500 Summary: 
[2025-01-16 03:51:50,763] INFO: 	 lr: 0.00030000000000000073 	 Training loss: 0.04290525253862142
[2025-01-16 03:52:01,062] INFO: Iter 10600 Summary: 
[2025-01-16 03:52:01,063] INFO: 	 lr: 0.00030000000000000073 	 Training loss: 0.04243043940514326
[2025-01-16 03:52:10,799] INFO: Iter 10700 Summary: 
[2025-01-16 03:52:10,800] INFO: 	 lr: 0.00030000000000000073 	 Training loss: 0.042439894378185274
[2025-01-16 03:52:20,604] INFO: Iter 10800 Summary: 
[2025-01-16 03:52:20,605] INFO: 	 lr: 0.00030000000000000073 	 Training loss: 0.04238349869847298
[2025-01-16 03:52:30,543] INFO: Iter 10900 Summary: 
[2025-01-16 03:52:30,543] INFO: 	 lr: 0.00030000000000000073 	 Training loss: 0.04236964784562588
[2025-01-16 03:52:39,893] INFO: Iter 11000 Summary: 
[2025-01-16 03:52:39,893] INFO: 	 lr: 0.00030000000000000073 	 Training loss: 0.04234189845621586
[2025-01-16 03:52:50,905] INFO: Iter 11100 Summary: 
[2025-01-16 03:52:50,905] INFO: 	 lr: 0.00030000000000000073 	 Training loss: 0.04230184521526098
[2025-01-16 03:52:59,587] INFO: Iter 11200 Summary: 
[2025-01-16 03:52:59,587] INFO: 	 lr: 0.00030000000000000073 	 Training loss: 0.042262847051024434
[2025-01-16 03:53:08,877] INFO: Iter 11300 Summary: 
[2025-01-16 03:53:08,877] INFO: 	 lr: 0.00030000000000000073 	 Training loss: 0.042245815694332126
[2025-01-16 03:53:19,134] INFO: Iter 11400 Summary: 
[2025-01-16 03:53:19,135] INFO: 	 lr: 0.00030000000000000073 	 Training loss: 0.041899132952094076
[2025-01-16 03:53:28,876] INFO: Iter 11500 Summary: 
[2025-01-16 03:53:28,876] INFO: 	 lr: 0.00030000000000000073 	 Training loss: 0.04241024680435657
[2025-01-16 03:53:38,854] INFO: Iter 11600 Summary: 
[2025-01-16 03:53:38,854] INFO: 	 lr: 0.00030000000000000073 	 Training loss: 0.0417292270436883
[2025-01-16 03:53:50,450] INFO: Iter 11700 Summary: 
[2025-01-16 03:53:50,450] INFO: 	 lr: 0.00030000000000000073 	 Training loss: 0.04170209288597107
[2025-01-16 03:54:00,440] INFO: Iter 11800 Summary: 
[2025-01-16 03:54:00,440] INFO: 	 lr: 0.00030000000000000073 	 Training loss: 0.04142823684960604
[2025-01-16 03:54:10,201] INFO: Iter 11900 Summary: 
[2025-01-16 03:54:10,201] INFO: 	 lr: 0.00030000000000000073 	 Training loss: 0.0417948492616415
[2025-01-16 03:54:19,454] INFO: Iter 12000 Summary: 
[2025-01-16 03:54:19,454] INFO: 	 lr: 0.00030000000000000073 	 Training loss: 0.04175304114818573
[2025-01-16 03:54:33,425] INFO: Iter 12100 Summary: 
[2025-01-16 03:54:33,425] INFO: 	 lr: 0.00030000000000000073 	 Training loss: 0.04197311766445637
[2025-01-16 03:54:43,008] INFO: Iter 12200 Summary: 
[2025-01-16 03:54:43,009] INFO: 	 lr: 0.00030000000000000073 	 Training loss: 0.04180588111281395
[2025-01-16 03:54:52,989] INFO: Iter 12300 Summary: 
[2025-01-16 03:54:52,989] INFO: 	 lr: 0.00030000000000000073 	 Training loss: 0.04171131268143654
[2025-01-16 03:55:02,971] INFO: Iter 12400 Summary: 
[2025-01-16 03:55:02,971] INFO: 	 lr: 0.00030000000000000073 	 Training loss: 0.04186767738312483
[2025-01-16 03:55:12,577] INFO: Iter 12500 Summary: 
[2025-01-16 03:55:12,577] INFO: 	 lr: 0.00030000000000000073 	 Training loss: 0.04135211084038019
[2025-01-16 03:55:22,844] INFO: Iter 12600 Summary: 
[2025-01-16 03:55:22,845] INFO: 	 lr: 0.00030000000000000073 	 Training loss: 0.04155595220625401
[2025-01-16 03:55:32,399] INFO: Iter 12700 Summary: 
[2025-01-16 03:55:32,399] INFO: 	 lr: 0.00030000000000000073 	 Training loss: 0.04169535357505083
[2025-01-16 03:55:42,552] INFO: Iter 12800 Summary: 
[2025-01-16 03:55:42,552] INFO: 	 lr: 0.00030000000000000073 	 Training loss: 0.04163368534296751
[2025-01-16 03:55:52,498] INFO: Iter 12900 Summary: 
[2025-01-16 03:55:52,498] INFO: 	 lr: 0.00030000000000000073 	 Training loss: 0.041289150454103946
[2025-01-16 03:56:02,499] INFO: Iter 13000 Summary: 
[2025-01-16 03:56:02,499] INFO: 	 lr: 0.00030000000000000073 	 Training loss: 0.04154212944209576
[2025-01-16 03:56:13,967] INFO: Iter 13100 Summary: 
[2025-01-16 03:56:13,968] INFO: 	 lr: 0.00030000000000000073 	 Training loss: 0.0417697835713625
[2025-01-16 03:56:23,590] INFO: Iter 13200 Summary: 
[2025-01-16 03:56:23,590] INFO: 	 lr: 0.00030000000000000073 	 Training loss: 0.04106343910098076
[2025-01-16 03:56:33,157] INFO: Iter 13300 Summary: 
[2025-01-16 03:56:33,158] INFO: 	 lr: 0.00030000000000000073 	 Training loss: 0.04124647159129381
[2025-01-16 03:56:43,420] INFO: Iter 13400 Summary: 
[2025-01-16 03:56:43,421] INFO: 	 lr: 0.00030000000000000073 	 Training loss: 0.041372916996479034
[2025-01-16 03:56:53,806] INFO: Iter 13500 Summary: 
[2025-01-16 03:56:53,806] INFO: 	 lr: 0.00030000000000000073 	 Training loss: 0.041279665529727935
[2025-01-16 03:57:03,461] INFO: Iter 13600 Summary: 
[2025-01-16 03:57:03,461] INFO: 	 lr: 0.00030000000000000073 	 Training loss: 0.04135957717895508
[2025-01-16 03:57:13,154] INFO: Iter 13700 Summary: 
[2025-01-16 03:57:13,155] INFO: 	 lr: 0.00030000000000000073 	 Training loss: 0.0410404397547245
[2025-01-16 03:57:23,564] INFO: Iter 13800 Summary: 
[2025-01-16 03:57:23,564] INFO: 	 lr: 0.00030000000000000073 	 Training loss: 0.04116179894655943
[2025-01-16 03:57:34,122] INFO: Iter 13900 Summary: 
[2025-01-16 03:57:34,122] INFO: 	 lr: 0.00030000000000000073 	 Training loss: 0.041091999858617785
[2025-01-16 03:57:43,698] INFO: Iter 14000 Summary: 
[2025-01-16 03:57:43,699] INFO: 	 lr: 0.00030000000000000073 	 Training loss: 0.041093160919845106
[2025-01-16 03:57:58,541] INFO: Iter 14100 Summary: 
[2025-01-16 03:57:58,541] INFO: 	 lr: 0.00030000000000000073 	 Training loss: 0.040723674073815344
[2025-01-16 03:58:07,615] INFO: Iter 14200 Summary: 
[2025-01-16 03:58:07,615] INFO: 	 lr: 0.00030000000000000073 	 Training loss: 0.04088923245668411
[2025-01-16 03:58:19,115] INFO: Iter 14300 Summary: 
[2025-01-16 03:58:19,115] INFO: 	 lr: 0.00030000000000000073 	 Training loss: 0.04088273551315069
[2025-01-16 03:58:29,178] INFO: Iter 14400 Summary: 
[2025-01-16 03:58:29,179] INFO: 	 lr: 0.00030000000000000073 	 Training loss: 0.041138126067817214
[2025-01-16 03:58:39,724] INFO: Iter 14500 Summary: 
[2025-01-16 03:58:39,725] INFO: 	 lr: 0.00030000000000000073 	 Training loss: 0.040672175846993924
[2025-01-16 03:58:50,704] INFO: Iter 14600 Summary: 
[2025-01-16 03:58:50,705] INFO: 	 lr: 0.00030000000000000073 	 Training loss: 0.040932776182889936
[2025-01-16 03:59:00,674] INFO: Iter 14700 Summary: 
[2025-01-16 03:59:00,675] INFO: 	 lr: 0.00030000000000000073 	 Training loss: 0.04072574660181999
[2025-01-16 03:59:11,020] INFO: Iter 14800 Summary: 
[2025-01-16 03:59:11,020] INFO: 	 lr: 0.00030000000000000073 	 Training loss: 0.04063288982957602
[2025-01-16 03:59:20,645] INFO: Iter 14900 Summary: 
[2025-01-16 03:59:20,645] INFO: 	 lr: 0.00030000000000000073 	 Training loss: 0.04052762385457754
[2025-01-16 03:59:30,464] INFO: Iter 15000 Summary: 
[2025-01-16 03:59:30,464] INFO: 	 lr: 0.00030000000000000073 	 Training loss: 0.040678134039044384
[2025-01-16 03:59:39,610] INFO: Iter 15100 Summary: 
[2025-01-16 03:59:39,611] INFO: 	 lr: 0.00030000000000000073 	 Training loss: 0.04095082677900791
[2025-01-16 03:59:49,876] INFO: Iter 15200 Summary: 
[2025-01-16 03:59:49,877] INFO: 	 lr: 0.00030000000000000073 	 Training loss: 0.040525333248078825
[2025-01-16 04:00:00,854] INFO: Iter 15300 Summary: 
[2025-01-16 04:00:00,855] INFO: 	 lr: 0.00030000000000000073 	 Training loss: 0.040795374438166616
[2025-01-16 04:00:10,007] INFO: Iter 15400 Summary: 
[2025-01-16 04:00:10,007] INFO: 	 lr: 0.00030000000000000073 	 Training loss: 0.040651652961969376
[2025-01-16 04:00:19,748] INFO: Iter 15500 Summary: 
[2025-01-16 04:00:19,749] INFO: 	 lr: 0.00030000000000000073 	 Training loss: 0.04067305274307728
[2025-01-16 04:00:29,805] INFO: Iter 15600 Summary: 
[2025-01-16 04:00:29,805] INFO: 	 lr: 0.00030000000000000073 	 Training loss: 0.04060823649168015
[2025-01-16 04:00:40,242] INFO: Iter 15700 Summary: 
[2025-01-16 04:00:40,242] INFO: 	 lr: 0.00030000000000000073 	 Training loss: 0.04053601078689098
[2025-01-16 04:00:51,180] INFO: Iter 15800 Summary: 
[2025-01-16 04:00:51,180] INFO: 	 lr: 0.00030000000000000073 	 Training loss: 0.04041840933263302
[2025-01-16 04:01:02,405] INFO: Iter 15900 Summary: 
[2025-01-16 04:01:02,405] INFO: 	 lr: 0.00030000000000000073 	 Training loss: 0.04034668318927288
[2025-01-16 04:01:12,607] INFO: Iter 16000 Summary: 
[2025-01-16 04:01:12,607] INFO: 	 lr: 0.00030000000000000073 	 Training loss: 0.040417775064706805
[2025-01-16 04:01:24,629] INFO: Iter 16100 Summary: 
[2025-01-16 04:01:24,629] INFO: 	 lr: 0.00030000000000000073 	 Training loss: 0.04073191124945879
[2025-01-16 04:01:34,182] INFO: Iter 16200 Summary: 
[2025-01-16 04:01:34,182] INFO: 	 lr: 0.00030000000000000073 	 Training loss: 0.04021300904452801
[2025-01-16 04:01:43,111] INFO: Iter 16300 Summary: 
[2025-01-16 04:01:43,111] INFO: 	 lr: 0.00030000000000000073 	 Training loss: 0.04033446192741394
[2025-01-16 04:01:52,844] INFO: Iter 16400 Summary: 
[2025-01-16 04:01:52,844] INFO: 	 lr: 0.00030000000000000073 	 Training loss: 0.03997152511030436
[2025-01-16 04:02:03,037] INFO: Iter 16500 Summary: 
[2025-01-16 04:02:03,037] INFO: 	 lr: 0.00030000000000000073 	 Training loss: 0.04034025736153126
[2025-01-16 04:02:13,079] INFO: Iter 16600 Summary: 
[2025-01-16 04:02:13,079] INFO: 	 lr: 0.00030000000000000073 	 Training loss: 0.03990745075047016
[2025-01-16 04:02:22,845] INFO: Iter 16700 Summary: 
[2025-01-16 04:02:22,845] INFO: 	 lr: 0.00030000000000000073 	 Training loss: 0.040217937417328355
[2025-01-16 04:02:33,483] INFO: Iter 16800 Summary: 
[2025-01-16 04:02:33,484] INFO: 	 lr: 0.00030000000000000073 	 Training loss: 0.04024341929703951
[2025-01-16 04:02:44,232] INFO: Iter 16900 Summary: 
[2025-01-16 04:02:44,233] INFO: 	 lr: 0.00030000000000000073 	 Training loss: 0.040261743292212486
[2025-01-16 04:02:55,449] INFO: Iter 17000 Summary: 
[2025-01-16 04:02:55,450] INFO: 	 lr: 0.00030000000000000073 	 Training loss: 0.04067595522850752
[2025-01-16 04:03:04,072] INFO: Iter 17100 Summary: 
[2025-01-16 04:03:04,072] INFO: 	 lr: 0.00030000000000000073 	 Training loss: 0.04026239555329084
[2025-01-16 04:03:14,122] INFO: Iter 17200 Summary: 
[2025-01-16 04:03:14,123] INFO: 	 lr: 0.00030000000000000073 	 Training loss: 0.040234966389834884
[2025-01-16 04:03:24,652] INFO: Iter 17300 Summary: 
[2025-01-16 04:03:24,652] INFO: 	 lr: 0.00030000000000000073 	 Training loss: 0.040087975487113
[2025-01-16 04:03:35,651] INFO: Iter 17400 Summary: 
[2025-01-16 04:03:35,651] INFO: 	 lr: 0.00030000000000000073 	 Training loss: 0.04010018955916166
[2025-01-16 04:03:45,978] INFO: Iter 17500 Summary: 
[2025-01-16 04:03:45,978] INFO: 	 lr: 0.00030000000000000073 	 Training loss: 0.040028223618865016
[2025-01-16 04:03:55,186] INFO: Iter 17600 Summary: 
[2025-01-16 04:03:55,186] INFO: 	 lr: 0.00030000000000000073 	 Training loss: 0.039911400862038135
[2025-01-16 04:04:05,123] INFO: Iter 17700 Summary: 
[2025-01-16 04:04:05,123] INFO: 	 lr: 0.00030000000000000073 	 Training loss: 0.04046213291585445
[2025-01-16 04:04:15,155] INFO: Iter 17800 Summary: 
[2025-01-16 04:04:15,155] INFO: 	 lr: 0.00030000000000000073 	 Training loss: 0.03995084550231695
[2025-01-16 04:04:26,242] INFO: Iter 17900 Summary: 
[2025-01-16 04:04:26,242] INFO: 	 lr: 0.00030000000000000073 	 Training loss: 0.04012622371315956
[2025-01-16 04:04:35,160] INFO: Iter 18000 Summary: 
[2025-01-16 04:04:35,160] INFO: 	 lr: 0.00030000000000000073 	 Training loss: 0.04005354598164559
[2025-01-16 04:04:49,715] INFO: Iter 18100 Summary: 
[2025-01-16 04:04:49,715] INFO: 	 lr: 0.00030000000000000073 	 Training loss: 0.039751490838825704
[2025-01-16 04:04:59,691] INFO: Iter 18200 Summary: 
[2025-01-16 04:04:59,692] INFO: 	 lr: 0.00030000000000000073 	 Training loss: 0.039829826727509496
[2025-01-16 04:05:09,312] INFO: Iter 18300 Summary: 
[2025-01-16 04:05:09,313] INFO: 	 lr: 0.00030000000000000073 	 Training loss: 0.03974631760269404
[2025-01-16 04:05:18,903] INFO: Iter 18400 Summary: 
[2025-01-16 04:05:18,903] INFO: 	 lr: 0.00030000000000000073 	 Training loss: 0.04001909628510475
[2025-01-16 04:05:28,465] INFO: Iter 18500 Summary: 
[2025-01-16 04:05:28,466] INFO: 	 lr: 0.00030000000000000073 	 Training loss: 0.039874727427959444
[2025-01-16 04:05:39,751] INFO: Iter 18600 Summary: 
[2025-01-16 04:05:39,751] INFO: 	 lr: 0.00030000000000000073 	 Training loss: 0.04009461477398872
[2025-01-16 04:05:50,935] INFO: Iter 18700 Summary: 
[2025-01-16 04:05:50,935] INFO: 	 lr: 0.00030000000000000073 	 Training loss: 0.03977624032646418
[2025-01-16 04:06:00,685] INFO: Iter 18800 Summary: 
[2025-01-16 04:06:00,685] INFO: 	 lr: 0.00030000000000000073 	 Training loss: 0.03992320999503136
[2025-01-16 04:06:11,116] INFO: Iter 18900 Summary: 
[2025-01-16 04:06:11,116] INFO: 	 lr: 0.00030000000000000073 	 Training loss: 0.039772277399897575
[2025-01-16 04:06:21,116] INFO: Iter 19000 Summary: 
[2025-01-16 04:06:21,116] INFO: 	 lr: 0.00030000000000000073 	 Training loss: 0.03969545420259237
[2025-01-16 04:06:31,281] INFO: Iter 19100 Summary: 
[2025-01-16 04:06:31,281] INFO: 	 lr: 0.00030000000000000073 	 Training loss: 0.04016331542283297
[2025-01-16 04:06:40,517] INFO: Iter 19200 Summary: 
[2025-01-16 04:06:40,517] INFO: 	 lr: 0.00030000000000000073 	 Training loss: 0.03974014140665531
[2025-01-16 04:06:51,968] INFO: Iter 19300 Summary: 
[2025-01-16 04:06:51,968] INFO: 	 lr: 0.00030000000000000073 	 Training loss: 0.03971665777266026
[2025-01-16 04:07:00,678] INFO: Iter 19400 Summary: 
[2025-01-16 04:07:00,679] INFO: 	 lr: 0.00030000000000000073 	 Training loss: 0.03970914091914892
[2025-01-16 04:07:10,823] INFO: Iter 19500 Summary: 
[2025-01-16 04:07:10,824] INFO: 	 lr: 0.00030000000000000073 	 Training loss: 0.039789013639092444
[2025-01-16 04:07:21,061] INFO: Iter 19600 Summary: 
[2025-01-16 04:07:21,061] INFO: 	 lr: 0.00030000000000000073 	 Training loss: 0.0396954233571887
[2025-01-16 04:07:31,139] INFO: Iter 19700 Summary: 
[2025-01-16 04:07:31,139] INFO: 	 lr: 0.00030000000000000073 	 Training loss: 0.039645306579768655
[2025-01-16 04:07:40,587] INFO: Iter 19800 Summary: 
[2025-01-16 04:07:40,587] INFO: 	 lr: 0.00030000000000000073 	 Training loss: 0.03949377864599228
[2025-01-16 04:07:51,052] INFO: Iter 19900 Summary: 
[2025-01-16 04:07:51,052] INFO: 	 lr: 0.00030000000000000073 	 Training loss: 0.03952168691903353
[2025-01-16 04:08:01,225] INFO: Iter 20000 Summary: 
[2025-01-16 04:08:01,225] INFO: 	 lr: 0.00030000000000000073 	 Training loss: 0.03976560451090336
[2025-01-16 04:08:14,559] INFO: Iter 20100 Summary: 
[2025-01-16 04:08:14,559] INFO: 	 lr: 0.00030000000000000073 	 Training loss: 0.03964918740093708
[2025-01-16 04:08:23,292] INFO: Iter 20200 Summary: 
[2025-01-16 04:08:23,292] INFO: 	 lr: 0.00030000000000000073 	 Training loss: 0.039364797696471214
[2025-01-16 04:08:33,127] INFO: Iter 20300 Summary: 
[2025-01-16 04:08:33,127] INFO: 	 lr: 0.00030000000000000073 	 Training loss: 0.03938052631914615
[2025-01-16 04:08:43,203] INFO: Iter 20400 Summary: 
[2025-01-16 04:08:43,204] INFO: 	 lr: 0.00030000000000000073 	 Training loss: 0.03985960554331541
[2025-01-16 04:08:52,612] INFO: Iter 20500 Summary: 
[2025-01-16 04:08:52,613] INFO: 	 lr: 0.00030000000000000073 	 Training loss: 0.03975666031241417
[2025-01-16 04:09:02,357] INFO: Iter 20600 Summary: 
[2025-01-16 04:09:02,357] INFO: 	 lr: 0.00030000000000000073 	 Training loss: 0.03959222476929426
[2025-01-16 04:09:13,620] INFO: Iter 20700 Summary: 
[2025-01-16 04:09:13,621] INFO: 	 lr: 0.00030000000000000073 	 Training loss: 0.03953310705721378
[2025-01-16 04:09:23,363] INFO: Iter 20800 Summary: 
[2025-01-16 04:09:23,363] INFO: 	 lr: 0.00030000000000000073 	 Training loss: 0.039459492042660714
[2025-01-16 04:09:32,911] INFO: Iter 20900 Summary: 
[2025-01-16 04:09:32,911] INFO: 	 lr: 0.00030000000000000073 	 Training loss: 0.039662900865077975
[2025-01-16 04:09:42,865] INFO: Iter 21000 Summary: 
[2025-01-16 04:09:42,865] INFO: 	 lr: 0.00030000000000000073 	 Training loss: 0.03959338206797838
[2025-01-16 04:09:52,542] INFO: Iter 21100 Summary: 
[2025-01-16 04:09:52,543] INFO: 	 lr: 0.00030000000000000073 	 Training loss: 0.039669427871704105
[2025-01-16 04:10:01,906] INFO: Iter 21200 Summary: 
[2025-01-16 04:10:01,906] INFO: 	 lr: 0.00030000000000000073 	 Training loss: 0.039730810970067976
[2025-01-16 04:10:12,175] INFO: Iter 21300 Summary: 
[2025-01-16 04:10:12,175] INFO: 	 lr: 0.00030000000000000073 	 Training loss: 0.0393523183837533
[2025-01-16 04:10:24,747] INFO: Iter 21400 Summary: 
[2025-01-16 04:10:24,748] INFO: 	 lr: 0.00030000000000000073 	 Training loss: 0.039325869642198086
[2025-01-16 04:10:35,331] INFO: Iter 21500 Summary: 
[2025-01-16 04:10:35,332] INFO: 	 lr: 0.00030000000000000073 	 Training loss: 0.039468625001609324
[2025-01-16 04:10:45,073] INFO: Iter 21600 Summary: 
[2025-01-16 04:10:45,073] INFO: 	 lr: 0.00030000000000000073 	 Training loss: 0.039324644319713116
[2025-01-16 04:10:54,604] INFO: Iter 21700 Summary: 
[2025-01-16 04:10:54,604] INFO: 	 lr: 0.00030000000000000073 	 Training loss: 0.039534990526735786
[2025-01-16 04:11:04,246] INFO: Iter 21800 Summary: 
[2025-01-16 04:11:04,247] INFO: 	 lr: 0.00030000000000000073 	 Training loss: 0.03969420991837978
[2025-01-16 04:11:14,035] INFO: Iter 21900 Summary: 
[2025-01-16 04:11:14,035] INFO: 	 lr: 0.00030000000000000073 	 Training loss: 0.03912306062877178
[2025-01-16 04:11:24,034] INFO: Iter 22000 Summary: 
[2025-01-16 04:11:24,034] INFO: 	 lr: 0.00030000000000000073 	 Training loss: 0.039432223290205
[2025-01-16 04:11:36,740] INFO: Iter 22100 Summary: 
[2025-01-16 04:11:36,741] INFO: 	 lr: 0.00030000000000000073 	 Training loss: 0.039110237434506416
[2025-01-16 04:11:46,800] INFO: Iter 22200 Summary: 
[2025-01-16 04:11:46,801] INFO: 	 lr: 0.00030000000000000073 	 Training loss: 0.03937969148159027
[2025-01-16 04:11:56,882] INFO: Iter 22300 Summary: 
[2025-01-16 04:11:56,882] INFO: 	 lr: 0.00030000000000000073 	 Training loss: 0.039257711321115496
[2025-01-16 04:12:06,452] INFO: Iter 22400 Summary: 
[2025-01-16 04:12:06,452] INFO: 	 lr: 0.00030000000000000073 	 Training loss: 0.039428119473159315
[2025-01-16 04:12:15,737] INFO: Iter 22500 Summary: 
[2025-01-16 04:12:15,738] INFO: 	 lr: 0.00030000000000000073 	 Training loss: 0.03942322939634323
[2025-01-16 04:12:25,860] INFO: Iter 22600 Summary: 
[2025-01-16 04:12:25,860] INFO: 	 lr: 0.00030000000000000073 	 Training loss: 0.03928000506013632
[2025-01-16 04:12:36,154] INFO: Iter 22700 Summary: 
[2025-01-16 04:12:36,154] INFO: 	 lr: 0.00030000000000000073 	 Training loss: 0.03938516013324261
[2025-01-16 04:12:46,854] INFO: Iter 22800 Summary: 
[2025-01-16 04:12:46,855] INFO: 	 lr: 0.00030000000000000073 	 Training loss: 0.03918366651982069
[2025-01-16 04:12:55,875] INFO: Iter 22900 Summary: 
[2025-01-16 04:12:55,876] INFO: 	 lr: 0.00030000000000000073 	 Training loss: 0.03898650746792555
[2025-01-16 04:13:06,176] INFO: Iter 23000 Summary: 
[2025-01-16 04:13:06,176] INFO: 	 lr: 0.00030000000000000073 	 Training loss: 0.03918036080896854
[2025-01-16 04:13:16,672] INFO: Iter 23100 Summary: 
[2025-01-16 04:13:16,673] INFO: 	 lr: 0.00030000000000000073 	 Training loss: 0.03924273759126663
[2025-01-16 04:13:25,804] INFO: Iter 23200 Summary: 
[2025-01-16 04:13:25,804] INFO: 	 lr: 0.00030000000000000073 	 Training loss: 0.039283976145088675
[2025-01-16 04:13:36,432] INFO: Iter 23300 Summary: 
[2025-01-16 04:13:36,432] INFO: 	 lr: 0.00030000000000000073 	 Training loss: 0.039515385888516906
[2025-01-16 04:13:46,895] INFO: Iter 23400 Summary: 
[2025-01-16 04:13:46,895] INFO: 	 lr: 0.00030000000000000073 	 Training loss: 0.03968818359076977
[2025-01-16 04:13:56,473] INFO: Iter 23500 Summary: 
[2025-01-16 04:13:56,473] INFO: 	 lr: 0.00030000000000000073 	 Training loss: 0.03897624619305134
[2025-01-16 04:14:06,181] INFO: Iter 23600 Summary: 
[2025-01-16 04:14:06,181] INFO: 	 lr: 0.00030000000000000073 	 Training loss: 0.039151441007852554
[2025-01-16 04:14:14,994] INFO: Iter 23700 Summary: 
[2025-01-16 04:14:14,995] INFO: 	 lr: 0.00030000000000000073 	 Training loss: 0.039195558726787566
[2025-01-16 04:14:24,476] INFO: Iter 23800 Summary: 
[2025-01-16 04:14:24,476] INFO: 	 lr: 0.00030000000000000073 	 Training loss: 0.03918246429413557
[2025-01-16 04:14:34,669] INFO: Iter 23900 Summary: 
[2025-01-16 04:14:34,669] INFO: 	 lr: 0.00030000000000000073 	 Training loss: 0.03907544992864132
[2025-01-16 04:14:45,085] INFO: Iter 24000 Summary: 
[2025-01-16 04:14:45,085] INFO: 	 lr: 0.00030000000000000073 	 Training loss: 0.03929125800728798
[2025-01-16 04:14:59,859] INFO: Iter 24100 Summary: 
[2025-01-16 04:14:59,859] INFO: 	 lr: 0.00030000000000000073 	 Training loss: 0.039524276927113536
[2025-01-16 04:15:10,162] INFO: Iter 24200 Summary: 
[2025-01-16 04:15:10,163] INFO: 	 lr: 0.00030000000000000073 	 Training loss: 0.0391332296282053
[2025-01-16 04:15:19,445] INFO: Iter 24300 Summary: 
[2025-01-16 04:15:19,445] INFO: 	 lr: 0.00030000000000000073 	 Training loss: 0.0392479145899415
[2025-01-16 04:15:28,721] INFO: Iter 24400 Summary: 
[2025-01-16 04:15:28,721] INFO: 	 lr: 0.00030000000000000073 	 Training loss: 0.039214172884821895
[2025-01-16 04:15:38,256] INFO: Iter 24500 Summary: 
[2025-01-16 04:15:38,256] INFO: 	 lr: 0.00030000000000000073 	 Training loss: 0.03898222345858812
[2025-01-16 04:15:47,554] INFO: Iter 24600 Summary: 
[2025-01-16 04:15:47,554] INFO: 	 lr: 0.00030000000000000073 	 Training loss: 0.039125716872513296
[2025-01-16 04:15:57,695] INFO: Iter 24700 Summary: 
[2025-01-16 04:15:57,696] INFO: 	 lr: 0.00030000000000000073 	 Training loss: 0.03904779210686684
[2025-01-16 04:16:08,286] INFO: Iter 24800 Summary: 
[2025-01-16 04:16:08,287] INFO: 	 lr: 0.00030000000000000073 	 Training loss: 0.039065600596368315
[2025-01-16 04:16:18,196] INFO: Iter 24900 Summary: 
[2025-01-16 04:16:18,196] INFO: 	 lr: 0.00030000000000000073 	 Training loss: 0.03918300490826368
[2025-01-16 04:16:27,016] INFO: Iter 25000 Summary: 
[2025-01-16 04:16:27,016] INFO: 	 lr: 0.00030000000000000073 	 Training loss: 0.03912094000726938
[2025-01-16 04:16:37,355] INFO: Iter 25100 Summary: 
[2025-01-16 04:16:37,355] INFO: 	 lr: 0.00030000000000000073 	 Training loss: 0.03895008742809296
[2025-01-16 04:16:46,887] INFO: Iter 25200 Summary: 
[2025-01-16 04:16:46,888] INFO: 	 lr: 0.00030000000000000073 	 Training loss: 0.03882130604237318
[2025-01-16 04:16:56,396] INFO: Iter 25300 Summary: 
[2025-01-16 04:16:56,396] INFO: 	 lr: 0.00030000000000000073 	 Training loss: 0.03908135004341602
[2025-01-16 04:17:06,250] INFO: Iter 25400 Summary: 
[2025-01-16 04:17:06,250] INFO: 	 lr: 0.00030000000000000073 	 Training loss: 0.03927439294755459
[2025-01-16 04:17:17,396] INFO: Iter 25500 Summary: 
[2025-01-16 04:17:17,396] INFO: 	 lr: 0.00030000000000000073 	 Training loss: 0.038728982284665106
[2025-01-16 04:17:27,312] INFO: Iter 25600 Summary: 
[2025-01-16 04:17:27,312] INFO: 	 lr: 0.00030000000000000073 	 Training loss: 0.038925934992730615
[2025-01-16 04:17:36,890] INFO: Iter 25700 Summary: 
[2025-01-16 04:17:36,891] INFO: 	 lr: 0.00030000000000000073 	 Training loss: 0.039015137664973734
[2025-01-16 04:17:46,445] INFO: Iter 25800 Summary: 
[2025-01-16 04:17:46,445] INFO: 	 lr: 0.00030000000000000073 	 Training loss: 0.03889260921627283
[2025-01-16 04:17:56,717] INFO: Iter 25900 Summary: 
[2025-01-16 04:17:56,720] INFO: 	 lr: 0.00030000000000000073 	 Training loss: 0.03903656169772148
[2025-01-16 04:18:07,015] INFO: Iter 26000 Summary: 
[2025-01-16 04:18:07,016] INFO: 	 lr: 0.00030000000000000073 	 Training loss: 0.03896337442100048
[2025-01-16 04:18:20,907] INFO: Iter 26100 Summary: 
[2025-01-16 04:18:20,908] INFO: 	 lr: 0.00030000000000000073 	 Training loss: 0.03937925793230534
[2025-01-16 04:18:30,704] INFO: Iter 26200 Summary: 
[2025-01-16 04:18:30,704] INFO: 	 lr: 0.00030000000000000073 	 Training loss: 0.038871737085282805
[2025-01-16 04:18:40,004] INFO: Iter 26300 Summary: 
[2025-01-16 04:18:40,004] INFO: 	 lr: 0.00030000000000000073 	 Training loss: 0.0387348522618413
[2025-01-16 04:18:50,257] INFO: Iter 26400 Summary: 
[2025-01-16 04:18:50,257] INFO: 	 lr: 0.00030000000000000073 	 Training loss: 0.03890354305505753
[2025-01-16 04:19:00,773] INFO: Iter 26500 Summary: 
[2025-01-16 04:19:00,774] INFO: 	 lr: 0.00030000000000000073 	 Training loss: 0.03892375681549311
[2025-01-16 04:19:10,826] INFO: Iter 26600 Summary: 
[2025-01-16 04:19:10,827] INFO: 	 lr: 0.00030000000000000073 	 Training loss: 0.03894823636859655
[2025-01-16 04:19:21,492] INFO: Iter 26700 Summary: 
[2025-01-16 04:19:21,492] INFO: 	 lr: 0.00030000000000000073 	 Training loss: 0.03913592658936978
[2025-01-16 04:19:31,927] INFO: Iter 26800 Summary: 
[2025-01-16 04:19:31,927] INFO: 	 lr: 0.00030000000000000073 	 Training loss: 0.039101085849106314
[2025-01-16 04:19:42,345] INFO: Iter 26900 Summary: 
[2025-01-16 04:19:42,346] INFO: 	 lr: 0.00030000000000000073 	 Training loss: 0.038588767275214195
[2025-01-16 04:19:52,250] INFO: Iter 27000 Summary: 
[2025-01-16 04:19:52,250] INFO: 	 lr: 0.00030000000000000073 	 Training loss: 0.038728325329720974
[2025-01-16 04:20:01,812] INFO: Iter 27100 Summary: 
[2025-01-16 04:20:01,812] INFO: 	 lr: 0.00030000000000000073 	 Training loss: 0.03879662483930588
[2025-01-16 04:20:12,340] INFO: Iter 27200 Summary: 
[2025-01-16 04:20:12,340] INFO: 	 lr: 0.00030000000000000073 	 Training loss: 0.0388481904566288
[2025-01-16 04:20:22,078] INFO: Iter 27300 Summary: 
[2025-01-16 04:20:22,078] INFO: 	 lr: 0.00030000000000000073 	 Training loss: 0.03904586166143417
[2025-01-16 04:20:32,185] INFO: Iter 27400 Summary: 
[2025-01-16 04:20:32,185] INFO: 	 lr: 0.00030000000000000073 	 Training loss: 0.03872955538332462
[2025-01-16 04:20:41,935] INFO: Iter 27500 Summary: 
[2025-01-16 04:20:41,935] INFO: 	 lr: 0.00030000000000000073 	 Training loss: 0.03898198988288641
[2025-01-16 04:20:53,483] INFO: Iter 27600 Summary: 
[2025-01-16 04:20:53,484] INFO: 	 lr: 0.00030000000000000073 	 Training loss: 0.038803238868713376
[2025-01-16 04:21:04,327] INFO: Iter 27700 Summary: 
[2025-01-16 04:21:04,328] INFO: 	 lr: 0.00030000000000000073 	 Training loss: 0.03871291950345039
[2025-01-16 04:21:15,446] INFO: Iter 27800 Summary: 
[2025-01-16 04:21:15,446] INFO: 	 lr: 0.00030000000000000073 	 Training loss: 0.03922584716230631
[2025-01-16 04:21:25,113] INFO: Iter 27900 Summary: 
[2025-01-16 04:21:25,113] INFO: 	 lr: 0.00030000000000000073 	 Training loss: 0.038732686676084996
[2025-01-16 04:21:35,266] INFO: Iter 28000 Summary: 
[2025-01-16 04:21:35,266] INFO: 	 lr: 0.00030000000000000073 	 Training loss: 0.03863463032990694
[2025-01-16 04:21:47,073] INFO: Iter 28100 Summary: 
[2025-01-16 04:21:47,073] INFO: 	 lr: 0.00030000000000000073 	 Training loss: 0.038945215307176116
[2025-01-16 04:21:57,392] INFO: Iter 28200 Summary: 
[2025-01-16 04:21:57,392] INFO: 	 lr: 0.00030000000000000073 	 Training loss: 0.03898139864206314
[2025-01-16 04:22:08,969] INFO: Iter 28300 Summary: 
[2025-01-16 04:22:08,969] INFO: 	 lr: 0.00030000000000000073 	 Training loss: 0.038745413199067116
[2025-01-16 04:22:19,057] INFO: Iter 28400 Summary: 
[2025-01-16 04:22:19,057] INFO: 	 lr: 0.00030000000000000073 	 Training loss: 0.03887634597718716
[2025-01-16 04:22:29,346] INFO: Iter 28500 Summary: 
[2025-01-16 04:22:29,346] INFO: 	 lr: 0.00030000000000000073 	 Training loss: 0.03879709955304861
[2025-01-16 04:22:38,696] INFO: Iter 28600 Summary: 
[2025-01-16 04:22:38,696] INFO: 	 lr: 0.00030000000000000073 	 Training loss: 0.03845685683190823
[2025-01-16 04:22:48,817] INFO: Iter 28700 Summary: 
[2025-01-16 04:22:48,817] INFO: 	 lr: 0.00030000000000000073 	 Training loss: 0.038633223585784436
[2025-01-16 04:22:59,224] INFO: Iter 28800 Summary: 
[2025-01-16 04:22:59,224] INFO: 	 lr: 0.00030000000000000073 	 Training loss: 0.03897148210555315
[2025-01-16 04:23:09,593] INFO: Iter 28900 Summary: 
[2025-01-16 04:23:09,594] INFO: 	 lr: 0.00030000000000000073 	 Training loss: 0.03875310570001602
[2025-01-16 04:23:18,885] INFO: Iter 29000 Summary: 
[2025-01-16 04:23:18,885] INFO: 	 lr: 0.00030000000000000073 	 Training loss: 0.03886204492300749
[2025-01-16 04:23:28,513] INFO: Iter 29100 Summary: 
[2025-01-16 04:23:28,514] INFO: 	 lr: 0.00030000000000000073 	 Training loss: 0.038539798185229304
[2025-01-16 04:23:38,649] INFO: Iter 29200 Summary: 
[2025-01-16 04:23:38,649] INFO: 	 lr: 0.00030000000000000073 	 Training loss: 0.03880736883729696
[2025-01-16 04:23:48,677] INFO: Iter 29300 Summary: 
[2025-01-16 04:23:48,677] INFO: 	 lr: 0.00030000000000000073 	 Training loss: 0.03887541957199574
[2025-01-16 04:23:58,850] INFO: Iter 29400 Summary: 
[2025-01-16 04:23:58,850] INFO: 	 lr: 0.00030000000000000073 	 Training loss: 0.038917353972792626
[2025-01-16 04:24:09,546] INFO: Iter 29500 Summary: 
[2025-01-16 04:24:09,547] INFO: 	 lr: 0.00030000000000000073 	 Training loss: 0.03881211251020431
[2025-01-16 04:24:20,967] INFO: Iter 29600 Summary: 
[2025-01-16 04:24:20,968] INFO: 	 lr: 0.00030000000000000073 	 Training loss: 0.038617475666105745
[2025-01-16 04:24:31,218] INFO: Iter 29700 Summary: 
[2025-01-16 04:24:31,219] INFO: 	 lr: 0.00030000000000000073 	 Training loss: 0.038853689879179004
[2025-01-16 04:24:40,139] INFO: Iter 29800 Summary: 
[2025-01-16 04:24:40,139] INFO: 	 lr: 0.00030000000000000073 	 Training loss: 0.03862764116376639
[2025-01-16 04:24:51,462] INFO: Iter 29900 Summary: 
[2025-01-16 04:24:51,463] INFO: 	 lr: 0.00030000000000000073 	 Training loss: 0.03888140123337507
[2025-01-16 04:25:04,607] INFO: Iter 30000 Summary: 
[2025-01-16 04:25:04,607] INFO: 	 lr: 0.00030000000000000073 	 Training loss: 0.03892017919570208
[2025-01-16 04:25:22,143] INFO: Iter 30100 Summary: 
[2025-01-16 04:25:22,143] INFO: 	 lr: 1.2900000000000026e-05 	 Training loss: 0.037807992063462734
[2025-01-16 04:25:34,132] INFO: Iter 30200 Summary: 
[2025-01-16 04:25:34,132] INFO: 	 lr: 1.000000000000002e-05 	 Training loss: 0.03715316832065582
[2025-01-16 04:25:45,385] INFO: Iter 30300 Summary: 
[2025-01-16 04:25:45,385] INFO: 	 lr: 1.000000000000002e-05 	 Training loss: 0.037210426777601245
[2025-01-16 04:25:58,417] INFO: Iter 30400 Summary: 
[2025-01-16 04:25:58,417] INFO: 	 lr: 1.000000000000002e-05 	 Training loss: 0.03714071985334158
[2025-01-16 04:26:11,673] INFO: Iter 30500 Summary: 
[2025-01-16 04:26:11,673] INFO: 	 lr: 1.000000000000002e-05 	 Training loss: 0.036747732311487195
[2025-01-16 04:26:23,856] INFO: Iter 30600 Summary: 
[2025-01-16 04:26:23,856] INFO: 	 lr: 1.000000000000002e-05 	 Training loss: 0.03702818658202887
[2025-01-16 04:26:35,977] INFO: Iter 30700 Summary: 
[2025-01-16 04:26:35,978] INFO: 	 lr: 1.000000000000002e-05 	 Training loss: 0.037057584635913375
[2025-01-16 04:26:46,560] INFO: Iter 30800 Summary: 
[2025-01-16 04:26:46,560] INFO: 	 lr: 1.000000000000002e-05 	 Training loss: 0.03702228266745806
[2025-01-16 04:26:56,384] INFO: Iter 30900 Summary: 
[2025-01-16 04:26:56,384] INFO: 	 lr: 1.000000000000002e-05 	 Training loss: 0.03694519195705652
[2025-01-16 04:27:07,471] INFO: Iter 31000 Summary: 
[2025-01-16 04:27:07,472] INFO: 	 lr: 1.000000000000002e-05 	 Training loss: 0.03697179026901722
[2025-01-16 04:27:16,923] INFO: Iter 31100 Summary: 
[2025-01-16 04:27:16,923] INFO: 	 lr: 1.000000000000002e-05 	 Training loss: 0.03701143052428961
[2025-01-16 04:27:26,666] INFO: Iter 31200 Summary: 
[2025-01-16 04:27:26,667] INFO: 	 lr: 1.000000000000002e-05 	 Training loss: 0.03659223053604364
[2025-01-16 04:27:37,313] INFO: Iter 31300 Summary: 
[2025-01-16 04:27:37,313] INFO: 	 lr: 1.000000000000002e-05 	 Training loss: 0.03677223458886147
[2025-01-16 04:27:46,829] INFO: Iter 31400 Summary: 
[2025-01-16 04:27:46,830] INFO: 	 lr: 1.000000000000002e-05 	 Training loss: 0.03671907261013985
[2025-01-16 04:27:57,723] INFO: Iter 31500 Summary: 
[2025-01-16 04:27:57,723] INFO: 	 lr: 1.000000000000002e-05 	 Training loss: 0.03683122638612986
[2025-01-16 04:28:07,325] INFO: Iter 31600 Summary: 
[2025-01-16 04:28:07,325] INFO: 	 lr: 1.000000000000002e-05 	 Training loss: 0.03649512402713299
[2025-01-16 04:28:18,236] INFO: Iter 31700 Summary: 
[2025-01-16 04:28:18,236] INFO: 	 lr: 1.000000000000002e-05 	 Training loss: 0.036479171328246594
[2025-01-16 04:28:27,915] INFO: Iter 31800 Summary: 
[2025-01-16 04:28:27,916] INFO: 	 lr: 1.000000000000002e-05 	 Training loss: 0.036621447280049325
[2025-01-16 04:28:36,651] INFO: Iter 31900 Summary: 
[2025-01-16 04:28:36,651] INFO: 	 lr: 1.000000000000002e-05 	 Training loss: 0.03667957808822393
[2025-01-16 04:28:45,750] INFO: Iter 32000 Summary: 
[2025-01-16 04:28:45,750] INFO: 	 lr: 1.000000000000002e-05 	 Training loss: 0.03663904178887606
[2025-01-16 04:28:58,849] INFO: Iter 32100 Summary: 
[2025-01-16 04:28:58,850] INFO: 	 lr: 1.000000000000002e-05 	 Training loss: 0.03676087811589241
[2025-01-16 04:29:09,222] INFO: Iter 32200 Summary: 
[2025-01-16 04:29:09,222] INFO: 	 lr: 1.000000000000002e-05 	 Training loss: 0.0365176198258996
[2025-01-16 04:29:19,124] INFO: Iter 32300 Summary: 
[2025-01-16 04:29:19,125] INFO: 	 lr: 1.000000000000002e-05 	 Training loss: 0.03659145869314671
[2025-01-16 04:29:30,639] INFO: Iter 32400 Summary: 
[2025-01-16 04:29:30,639] INFO: 	 lr: 1.000000000000002e-05 	 Training loss: 0.03636845242232084
[2025-01-16 04:29:39,832] INFO: Iter 32500 Summary: 
[2025-01-16 04:29:39,832] INFO: 	 lr: 1.000000000000002e-05 	 Training loss: 0.03640492904931307
[2025-01-16 04:29:50,712] INFO: Iter 32600 Summary: 
[2025-01-16 04:29:50,712] INFO: 	 lr: 1.000000000000002e-05 	 Training loss: 0.03687294762581587
[2025-01-16 04:30:01,891] INFO: Iter 32700 Summary: 
[2025-01-16 04:30:01,892] INFO: 	 lr: 1.000000000000002e-05 	 Training loss: 0.03666799668222666
[2025-01-16 04:30:11,697] INFO: Iter 32800 Summary: 
[2025-01-16 04:30:11,697] INFO: 	 lr: 1.000000000000002e-05 	 Training loss: 0.03644020911306143
[2025-01-16 04:30:21,508] INFO: Iter 32900 Summary: 
[2025-01-16 04:30:21,508] INFO: 	 lr: 1.000000000000002e-05 	 Training loss: 0.03662341743707657
[2025-01-16 04:30:31,250] INFO: Iter 33000 Summary: 
[2025-01-16 04:30:31,251] INFO: 	 lr: 1.000000000000002e-05 	 Training loss: 0.0365029638633132
[2025-01-16 04:30:42,563] INFO: Iter 33100 Summary: 
[2025-01-16 04:30:42,563] INFO: 	 lr: 1.000000000000002e-05 	 Training loss: 0.0364507794752717
[2025-01-16 04:30:54,383] INFO: Iter 33200 Summary: 
[2025-01-16 04:30:54,383] INFO: 	 lr: 1.000000000000002e-05 	 Training loss: 0.036689501032233236
[2025-01-16 04:31:04,118] INFO: Iter 33300 Summary: 
[2025-01-16 04:31:04,118] INFO: 	 lr: 1.000000000000002e-05 	 Training loss: 0.03630751833319664
[2025-01-16 04:31:14,031] INFO: Iter 33400 Summary: 
[2025-01-16 04:31:14,031] INFO: 	 lr: 1.000000000000002e-05 	 Training loss: 0.03662308916449547
[2025-01-16 04:31:24,498] INFO: Iter 33500 Summary: 
[2025-01-16 04:31:24,499] INFO: 	 lr: 1.000000000000002e-05 	 Training loss: 0.03640940304845572
[2025-01-16 04:31:34,372] INFO: Iter 33600 Summary: 
[2025-01-16 04:31:34,373] INFO: 	 lr: 1.000000000000002e-05 	 Training loss: 0.03656914494931698
[2025-01-16 04:31:44,325] INFO: Iter 33700 Summary: 
[2025-01-16 04:31:44,325] INFO: 	 lr: 1.000000000000002e-05 	 Training loss: 0.036698293760418894
[2025-01-16 04:31:54,571] INFO: Iter 33800 Summary: 
[2025-01-16 04:31:54,572] INFO: 	 lr: 1.000000000000002e-05 	 Training loss: 0.036430736817419526
[2025-01-16 04:32:04,794] INFO: Iter 33900 Summary: 
[2025-01-16 04:32:04,794] INFO: 	 lr: 1.000000000000002e-05 	 Training loss: 0.036437900327146056
[2025-01-16 04:32:14,761] INFO: Iter 34000 Summary: 
[2025-01-16 04:32:14,762] INFO: 	 lr: 1.000000000000002e-05 	 Training loss: 0.036419459842145445
[2025-01-16 04:32:26,974] INFO: Iter 34100 Summary: 
[2025-01-16 04:32:26,975] INFO: 	 lr: 1.000000000000002e-05 	 Training loss: 0.03648834455758333
[2025-01-16 04:32:36,819] INFO: Iter 34200 Summary: 
[2025-01-16 04:32:36,819] INFO: 	 lr: 1.000000000000002e-05 	 Training loss: 0.03667559497058392
[2025-01-16 04:32:46,758] INFO: Iter 34300 Summary: 
[2025-01-16 04:32:46,758] INFO: 	 lr: 1.000000000000002e-05 	 Training loss: 0.036648954711854455
[2025-01-16 04:32:56,508] INFO: Iter 34400 Summary: 
[2025-01-16 04:32:56,508] INFO: 	 lr: 1.000000000000002e-05 	 Training loss: 0.03635648228228092
[2025-01-16 04:33:07,668] INFO: Iter 34500 Summary: 
[2025-01-16 04:33:07,668] INFO: 	 lr: 1.000000000000002e-05 	 Training loss: 0.0363025464490056
[2025-01-16 04:33:17,950] INFO: Iter 34600 Summary: 
[2025-01-16 04:33:17,950] INFO: 	 lr: 1.000000000000002e-05 	 Training loss: 0.036252159886062146
[2025-01-16 04:33:27,175] INFO: Iter 34700 Summary: 
[2025-01-16 04:33:27,176] INFO: 	 lr: 1.000000000000002e-05 	 Training loss: 0.036248016953468326
[2025-01-16 04:33:37,242] INFO: Iter 34800 Summary: 
[2025-01-16 04:33:37,243] INFO: 	 lr: 1.000000000000002e-05 	 Training loss: 0.036283854581415656
[2025-01-16 04:33:46,902] INFO: Iter 34900 Summary: 
[2025-01-16 04:33:46,902] INFO: 	 lr: 1.000000000000002e-05 	 Training loss: 0.03639709126204252
[2025-01-16 04:33:57,644] INFO: Iter 35000 Summary: 
[2025-01-16 04:33:57,644] INFO: 	 lr: 1.000000000000002e-05 	 Training loss: 0.036529071889817716
[2025-01-16 04:34:08,609] INFO: Iter 35100 Summary: 
[2025-01-16 04:34:08,610] INFO: 	 lr: 1.000000000000002e-05 	 Training loss: 0.036561541445553306
[2025-01-16 04:34:18,470] INFO: Iter 35200 Summary: 
[2025-01-16 04:34:18,470] INFO: 	 lr: 1.000000000000002e-05 	 Training loss: 0.03623939000070095
[2025-01-16 04:34:28,200] INFO: Iter 35300 Summary: 
[2025-01-16 04:34:28,200] INFO: 	 lr: 1.000000000000002e-05 	 Training loss: 0.03629445448517799
[2025-01-16 04:34:36,781] INFO: Iter 35400 Summary: 
[2025-01-16 04:34:36,781] INFO: 	 lr: 1.000000000000002e-05 	 Training loss: 0.036353922858834264
[2025-01-16 04:34:46,393] INFO: Iter 35500 Summary: 
[2025-01-16 04:34:46,394] INFO: 	 lr: 1.000000000000002e-05 	 Training loss: 0.03620999708771706
[2025-01-16 04:34:56,159] INFO: Iter 35600 Summary: 
[2025-01-16 04:34:56,160] INFO: 	 lr: 1.000000000000002e-05 	 Training loss: 0.036222143657505514
[2025-01-16 04:35:05,680] INFO: Iter 35700 Summary: 
[2025-01-16 04:35:05,681] INFO: 	 lr: 1.000000000000002e-05 	 Training loss: 0.03633620359003544
[2025-01-16 04:35:15,778] INFO: Iter 35800 Summary: 
[2025-01-16 04:35:15,778] INFO: 	 lr: 1.000000000000002e-05 	 Training loss: 0.03628931449726224
[2025-01-16 04:35:25,607] INFO: Iter 35900 Summary: 
[2025-01-16 04:35:25,608] INFO: 	 lr: 1.000000000000002e-05 	 Training loss: 0.03640811614692211
[2025-01-16 04:35:35,641] INFO: Iter 36000 Summary: 
[2025-01-16 04:35:35,641] INFO: 	 lr: 1.000000000000002e-05 	 Training loss: 0.036393854655325415
[2025-01-16 04:35:48,834] INFO: Iter 36100 Summary: 
[2025-01-16 04:35:48,834] INFO: 	 lr: 1.000000000000002e-05 	 Training loss: 0.036265640333294866
[2025-01-16 04:35:58,797] INFO: Iter 36200 Summary: 
[2025-01-16 04:35:58,797] INFO: 	 lr: 1.000000000000002e-05 	 Training loss: 0.03628933135420084
[2025-01-16 04:36:08,003] INFO: Iter 36300 Summary: 
[2025-01-16 04:36:08,003] INFO: 	 lr: 1.000000000000002e-05 	 Training loss: 0.03638619866222143
[2025-01-16 04:36:18,153] INFO: Iter 36400 Summary: 
[2025-01-16 04:36:18,153] INFO: 	 lr: 1.000000000000002e-05 	 Training loss: 0.03661943983286619
[2025-01-16 04:36:28,587] INFO: Iter 36500 Summary: 
[2025-01-16 04:36:28,588] INFO: 	 lr: 1.000000000000002e-05 	 Training loss: 0.036341805905103684
[2025-01-16 04:36:39,298] INFO: Iter 36600 Summary: 
[2025-01-16 04:36:39,299] INFO: 	 lr: 1.000000000000002e-05 	 Training loss: 0.03630309335887432
[2025-01-16 04:36:49,790] INFO: Iter 36700 Summary: 
[2025-01-16 04:36:49,790] INFO: 	 lr: 1.000000000000002e-05 	 Training loss: 0.03643559522926807
[2025-01-16 04:37:00,670] INFO: Iter 36800 Summary: 
[2025-01-16 04:37:00,671] INFO: 	 lr: 1.000000000000002e-05 	 Training loss: 0.0363097981736064
[2025-01-16 04:37:11,335] INFO: Iter 36900 Summary: 
[2025-01-16 04:37:11,335] INFO: 	 lr: 1.000000000000002e-05 	 Training loss: 0.036073426753282546
[2025-01-16 04:37:22,005] INFO: Iter 37000 Summary: 
[2025-01-16 04:37:22,005] INFO: 	 lr: 1.000000000000002e-05 	 Training loss: 0.036326300762593744
[2025-01-16 04:37:30,963] INFO: Iter 37100 Summary: 
[2025-01-16 04:37:30,963] INFO: 	 lr: 1.000000000000002e-05 	 Training loss: 0.03613798577338457
[2025-01-16 04:37:41,477] INFO: Iter 37200 Summary: 
[2025-01-16 04:37:41,478] INFO: 	 lr: 1.000000000000002e-05 	 Training loss: 0.03615786764770746
[2025-01-16 04:37:51,491] INFO: Iter 37300 Summary: 
[2025-01-16 04:37:51,492] INFO: 	 lr: 1.000000000000002e-05 	 Training loss: 0.03614900778979063
[2025-01-16 04:38:02,100] INFO: Iter 37400 Summary: 
[2025-01-16 04:38:02,100] INFO: 	 lr: 1.000000000000002e-05 	 Training loss: 0.036021403446793554
[2025-01-16 04:38:13,273] INFO: Iter 37500 Summary: 
[2025-01-16 04:38:13,273] INFO: 	 lr: 1.000000000000002e-05 	 Training loss: 0.036383542455732824
[2025-01-16 04:38:22,107] INFO: Iter 37600 Summary: 
[2025-01-16 04:38:22,107] INFO: 	 lr: 1.000000000000002e-05 	 Training loss: 0.03627308510243893
[2025-01-16 04:38:31,076] INFO: Iter 37700 Summary: 
[2025-01-16 04:38:31,076] INFO: 	 lr: 1.000000000000002e-05 	 Training loss: 0.036225145384669304
[2025-01-16 04:38:40,553] INFO: Iter 37800 Summary: 
[2025-01-16 04:38:40,553] INFO: 	 lr: 1.000000000000002e-05 	 Training loss: 0.03637957196682692
[2025-01-16 04:38:51,817] INFO: Iter 37900 Summary: 
[2025-01-16 04:38:51,817] INFO: 	 lr: 1.000000000000002e-05 	 Training loss: 0.03638049572706223
[2025-01-16 04:39:02,100] INFO: Iter 38000 Summary: 
[2025-01-16 04:39:02,100] INFO: 	 lr: 1.000000000000002e-05 	 Training loss: 0.03591591887176037
[2025-01-16 04:39:15,103] INFO: Iter 38100 Summary: 
[2025-01-16 04:39:15,104] INFO: 	 lr: 1.000000000000002e-05 	 Training loss: 0.03605510015040636
[2025-01-16 04:39:25,280] INFO: Iter 38200 Summary: 
[2025-01-16 04:39:25,280] INFO: 	 lr: 1.000000000000002e-05 	 Training loss: 0.036239315383136274
[2025-01-16 04:39:36,056] INFO: Iter 38300 Summary: 
[2025-01-16 04:39:36,056] INFO: 	 lr: 1.000000000000002e-05 	 Training loss: 0.0364346144720912
[2025-01-16 04:39:46,955] INFO: Iter 38400 Summary: 
[2025-01-16 04:39:46,956] INFO: 	 lr: 1.000000000000002e-05 	 Training loss: 0.036117909476161
[2025-01-16 04:39:56,468] INFO: Iter 38500 Summary: 
[2025-01-16 04:39:56,468] INFO: 	 lr: 1.000000000000002e-05 	 Training loss: 0.036272309496998785
[2025-01-16 04:40:07,656] INFO: Iter 38600 Summary: 
[2025-01-16 04:40:07,656] INFO: 	 lr: 1.000000000000002e-05 	 Training loss: 0.03624017674475908
[2025-01-16 04:40:18,240] INFO: Iter 38700 Summary: 
[2025-01-16 04:40:18,240] INFO: 	 lr: 1.000000000000002e-05 	 Training loss: 0.03627510406076908
[2025-01-16 04:40:28,023] INFO: Iter 38800 Summary: 
[2025-01-16 04:40:28,023] INFO: 	 lr: 1.000000000000002e-05 	 Training loss: 0.03608935486525297
[2025-01-16 04:40:37,449] INFO: Iter 38900 Summary: 
[2025-01-16 04:40:37,449] INFO: 	 lr: 1.000000000000002e-05 	 Training loss: 0.03640576958656311
[2025-01-16 04:40:47,562] INFO: Iter 39000 Summary: 
[2025-01-16 04:40:47,563] INFO: 	 lr: 1.000000000000002e-05 	 Training loss: 0.036184639856219294
[2025-01-16 04:40:57,687] INFO: Iter 39100 Summary: 
[2025-01-16 04:40:57,687] INFO: 	 lr: 1.000000000000002e-05 	 Training loss: 0.03581106211990118
[2025-01-16 04:41:07,531] INFO: Iter 39200 Summary: 
[2025-01-16 04:41:07,532] INFO: 	 lr: 1.000000000000002e-05 	 Training loss: 0.03613775376230478
[2025-01-16 04:41:18,533] INFO: Iter 39300 Summary: 
[2025-01-16 04:41:18,534] INFO: 	 lr: 1.000000000000002e-05 	 Training loss: 0.03611349925398827
[2025-01-16 04:41:28,711] INFO: Iter 39400 Summary: 
[2025-01-16 04:41:28,712] INFO: 	 lr: 1.000000000000002e-05 	 Training loss: 0.03604548458009958
[2025-01-16 04:41:38,573] INFO: Iter 39500 Summary: 
[2025-01-16 04:41:38,573] INFO: 	 lr: 1.000000000000002e-05 	 Training loss: 0.03635933633893728
[2025-01-16 04:41:47,836] INFO: Iter 39600 Summary: 
[2025-01-16 04:41:47,836] INFO: 	 lr: 1.000000000000002e-05 	 Training loss: 0.03611501757055521
[2025-01-16 04:41:58,473] INFO: Iter 39700 Summary: 
[2025-01-16 04:41:58,473] INFO: 	 lr: 1.000000000000002e-05 	 Training loss: 0.03634321503341198
[2025-01-16 04:42:08,141] INFO: Iter 39800 Summary: 
[2025-01-16 04:42:08,141] INFO: 	 lr: 1.000000000000002e-05 	 Training loss: 0.036300000064074994
[2025-01-16 04:42:18,421] INFO: Iter 39900 Summary: 
[2025-01-16 04:42:18,421] INFO: 	 lr: 1.000000000000002e-05 	 Training loss: 0.03602133676409722
[2025-01-16 04:42:29,292] INFO: Iter 40000 Summary: 
[2025-01-16 04:42:29,293] INFO: 	 lr: 1.000000000000002e-05 	 Training loss: 0.036547540463507174
[2025-01-16 04:42:42,392] INFO: Iter 40100 Summary: 
[2025-01-16 04:42:42,392] INFO: 	 lr: 1.000000000000002e-05 	 Training loss: 0.03584901981055737
[2025-01-16 04:42:52,717] INFO: Iter 40200 Summary: 
[2025-01-16 04:42:52,717] INFO: 	 lr: 1.000000000000002e-05 	 Training loss: 0.03600387986749411
[2025-01-16 04:43:02,526] INFO: Iter 40300 Summary: 
[2025-01-16 04:43:02,527] INFO: 	 lr: 1.000000000000002e-05 	 Training loss: 0.03633622150868177
[2025-01-16 04:43:11,620] INFO: Iter 40400 Summary: 
[2025-01-16 04:43:11,620] INFO: 	 lr: 1.000000000000002e-05 	 Training loss: 0.03639541450887918
[2025-01-16 04:43:22,206] INFO: Iter 40500 Summary: 
[2025-01-16 04:43:22,207] INFO: 	 lr: 1.000000000000002e-05 	 Training loss: 0.036068786345422266
[2025-01-16 04:43:32,838] INFO: Iter 40600 Summary: 
[2025-01-16 04:43:32,839] INFO: 	 lr: 1.000000000000002e-05 	 Training loss: 0.03610872343182564
[2025-01-16 04:43:42,564] INFO: Iter 40700 Summary: 
[2025-01-16 04:43:42,565] INFO: 	 lr: 1.000000000000002e-05 	 Training loss: 0.036127090714871885
[2025-01-16 04:43:51,332] INFO: Iter 40800 Summary: 
[2025-01-16 04:43:51,332] INFO: 	 lr: 1.000000000000002e-05 	 Training loss: 0.036223414540290835
[2025-01-16 04:44:01,514] INFO: Iter 40900 Summary: 
[2025-01-16 04:44:01,514] INFO: 	 lr: 1.000000000000002e-05 	 Training loss: 0.03607934977859259
[2025-01-16 04:44:11,659] INFO: Iter 41000 Summary: 
[2025-01-16 04:44:11,659] INFO: 	 lr: 1.000000000000002e-05 	 Training loss: 0.036193485856056216
[2025-01-16 04:44:21,911] INFO: Iter 41100 Summary: 
[2025-01-16 04:44:21,911] INFO: 	 lr: 1.000000000000002e-05 	 Training loss: 0.03608787197619676
[2025-01-16 04:44:31,561] INFO: Iter 41200 Summary: 
[2025-01-16 04:44:31,562] INFO: 	 lr: 1.000000000000002e-05 	 Training loss: 0.036182374767959116
[2025-01-16 04:44:42,610] INFO: Iter 41300 Summary: 
[2025-01-16 04:44:42,611] INFO: 	 lr: 1.000000000000002e-05 	 Training loss: 0.03623742740601301
[2025-01-16 04:44:52,438] INFO: Iter 41400 Summary: 
[2025-01-16 04:44:52,439] INFO: 	 lr: 1.000000000000002e-05 	 Training loss: 0.03634423542767763
[2025-01-16 04:45:03,338] INFO: Iter 41500 Summary: 
[2025-01-16 04:45:03,338] INFO: 	 lr: 1.000000000000002e-05 	 Training loss: 0.0357688938267529
[2025-01-16 04:45:13,595] INFO: Iter 41600 Summary: 
[2025-01-16 04:45:13,595] INFO: 	 lr: 1.000000000000002e-05 	 Training loss: 0.036500474102795125
[2025-01-16 04:45:23,663] INFO: Iter 41700 Summary: 
[2025-01-16 04:45:23,663] INFO: 	 lr: 1.000000000000002e-05 	 Training loss: 0.03619665749371052
[2025-01-16 04:45:34,223] INFO: Iter 41800 Summary: 
[2025-01-16 04:45:34,223] INFO: 	 lr: 1.000000000000002e-05 	 Training loss: 0.03605648439377546
[2025-01-16 04:45:45,321] INFO: Iter 41900 Summary: 
[2025-01-16 04:45:45,322] INFO: 	 lr: 1.000000000000002e-05 	 Training loss: 0.03607229292392731
[2025-01-16 04:45:56,320] INFO: Iter 42000 Summary: 
[2025-01-16 04:45:56,320] INFO: 	 lr: 1.000000000000002e-05 	 Training loss: 0.036012211851775645
[2025-01-16 04:46:09,632] INFO: Iter 42100 Summary: 
[2025-01-16 04:46:09,633] INFO: 	 lr: 1.000000000000002e-05 	 Training loss: 0.03611331757158041
[2025-01-16 04:46:19,435] INFO: Iter 42200 Summary: 
[2025-01-16 04:46:19,436] INFO: 	 lr: 1.000000000000002e-05 	 Training loss: 0.035836629122495654
[2025-01-16 04:46:29,365] INFO: Iter 42300 Summary: 
[2025-01-16 04:46:29,365] INFO: 	 lr: 1.000000000000002e-05 	 Training loss: 0.03645551178604364
[2025-01-16 04:46:39,710] INFO: Iter 42400 Summary: 
[2025-01-16 04:46:39,710] INFO: 	 lr: 1.000000000000002e-05 	 Training loss: 0.03608022626489401
[2025-01-16 04:46:48,577] INFO: Iter 42500 Summary: 
[2025-01-16 04:46:48,577] INFO: 	 lr: 1.000000000000002e-05 	 Training loss: 0.036282867789268494
[2025-01-16 04:46:58,930] INFO: Iter 42600 Summary: 
[2025-01-16 04:46:58,931] INFO: 	 lr: 1.000000000000002e-05 	 Training loss: 0.03592279441654682
[2025-01-16 04:47:09,963] INFO: Iter 42700 Summary: 
[2025-01-16 04:47:09,964] INFO: 	 lr: 1.000000000000002e-05 	 Training loss: 0.03598488099873066
[2025-01-16 04:47:20,549] INFO: Iter 42800 Summary: 
[2025-01-16 04:47:20,549] INFO: 	 lr: 1.000000000000002e-05 	 Training loss: 0.03577475365251303
[2025-01-16 04:47:30,567] INFO: Iter 42900 Summary: 
[2025-01-16 04:47:30,567] INFO: 	 lr: 1.000000000000002e-05 	 Training loss: 0.03588728878647089
[2025-01-16 04:47:40,073] INFO: Iter 43000 Summary: 
[2025-01-16 04:47:40,073] INFO: 	 lr: 1.000000000000002e-05 	 Training loss: 0.03622146114706993
[2025-01-16 04:47:50,201] INFO: Iter 43100 Summary: 
[2025-01-16 04:47:50,204] INFO: 	 lr: 1.000000000000002e-05 	 Training loss: 0.03618329629302025
[2025-01-16 04:47:59,912] INFO: Iter 43200 Summary: 
[2025-01-16 04:47:59,912] INFO: 	 lr: 1.000000000000002e-05 	 Training loss: 0.0358317020535469
[2025-01-16 04:48:10,065] INFO: Iter 43300 Summary: 
[2025-01-16 04:48:10,066] INFO: 	 lr: 1.000000000000002e-05 	 Training loss: 0.03571585692465305
[2025-01-16 04:48:21,081] INFO: Iter 43400 Summary: 
[2025-01-16 04:48:21,081] INFO: 	 lr: 1.000000000000002e-05 	 Training loss: 0.03606899820268154
[2025-01-16 04:48:31,147] INFO: Iter 43500 Summary: 
[2025-01-16 04:48:31,147] INFO: 	 lr: 1.000000000000002e-05 	 Training loss: 0.03604919470846653
[2025-01-16 04:48:41,492] INFO: Iter 43600 Summary: 
[2025-01-16 04:48:41,492] INFO: 	 lr: 1.000000000000002e-05 	 Training loss: 0.03620569728314876
[2025-01-16 04:48:52,257] INFO: Iter 43700 Summary: 
[2025-01-16 04:48:52,257] INFO: 	 lr: 1.000000000000002e-05 	 Training loss: 0.0359399002417922
[2025-01-16 04:49:01,983] INFO: Iter 43800 Summary: 
[2025-01-16 04:49:01,983] INFO: 	 lr: 1.000000000000002e-05 	 Training loss: 0.03606496848165989
[2025-01-16 04:49:13,079] INFO: Iter 43900 Summary: 
[2025-01-16 04:49:13,079] INFO: 	 lr: 1.000000000000002e-05 	 Training loss: 0.03626185193657875
[2025-01-16 04:49:23,316] INFO: Iter 44000 Summary: 
[2025-01-16 04:49:23,316] INFO: 	 lr: 1.000000000000002e-05 	 Training loss: 0.03580459892749786
[2025-01-16 04:49:36,686] INFO: Iter 44100 Summary: 
[2025-01-16 04:49:36,686] INFO: 	 lr: 1.000000000000002e-05 	 Training loss: 0.03605646930634975
[2025-01-16 04:49:46,885] INFO: Iter 44200 Summary: 
[2025-01-16 04:49:46,885] INFO: 	 lr: 1.000000000000002e-05 	 Training loss: 0.03613574244081974
[2025-01-16 04:49:56,612] INFO: Iter 44300 Summary: 
[2025-01-16 04:49:56,612] INFO: 	 lr: 1.000000000000002e-05 	 Training loss: 0.03607367549091577
[2025-01-16 04:50:06,861] INFO: Iter 44400 Summary: 
[2025-01-16 04:50:06,862] INFO: 	 lr: 1.000000000000002e-05 	 Training loss: 0.03599698714911938
[2025-01-16 04:50:17,541] INFO: Iter 44500 Summary: 
[2025-01-16 04:50:17,542] INFO: 	 lr: 1.000000000000002e-05 	 Training loss: 0.03615141499787569
[2025-01-16 04:50:27,828] INFO: Iter 44600 Summary: 
[2025-01-16 04:50:27,828] INFO: 	 lr: 1.000000000000002e-05 	 Training loss: 0.03599691286683083
[2025-01-16 04:50:37,663] INFO: Iter 44700 Summary: 
[2025-01-16 04:50:37,663] INFO: 	 lr: 1.000000000000002e-05 	 Training loss: 0.035949070639908313
[2025-01-16 04:50:49,019] INFO: Iter 44800 Summary: 
[2025-01-16 04:50:49,020] INFO: 	 lr: 1.000000000000002e-05 	 Training loss: 0.035805901549756526
[2025-01-16 04:50:58,863] INFO: Iter 44900 Summary: 
[2025-01-16 04:50:58,863] INFO: 	 lr: 1.000000000000002e-05 	 Training loss: 0.036020864509046076
[2025-01-16 04:51:09,242] INFO: Iter 45000 Summary: 
[2025-01-16 04:51:09,242] INFO: 	 lr: 1.000000000000002e-05 	 Training loss: 0.03607061941176653
[2025-01-16 04:51:19,237] INFO: Iter 45100 Summary: 
[2025-01-16 04:51:19,237] INFO: 	 lr: 1.000000000000002e-05 	 Training loss: 0.036030885688960554
[2025-01-16 04:51:29,252] INFO: Iter 45200 Summary: 
[2025-01-16 04:51:29,252] INFO: 	 lr: 1.000000000000002e-05 	 Training loss: 0.03611524172127247
[2025-01-16 04:51:38,819] INFO: Iter 45300 Summary: 
[2025-01-16 04:51:38,820] INFO: 	 lr: 1.000000000000002e-05 	 Training loss: 0.03618189975619316
[2025-01-16 04:51:48,512] INFO: Iter 45400 Summary: 
[2025-01-16 04:51:48,512] INFO: 	 lr: 1.000000000000002e-05 	 Training loss: 0.03590099021792412
[2025-01-16 04:51:59,789] INFO: Iter 45500 Summary: 
[2025-01-16 04:51:59,790] INFO: 	 lr: 1.000000000000002e-05 	 Training loss: 0.03614064697176218
[2025-01-16 04:52:10,069] INFO: Iter 45600 Summary: 
[2025-01-16 04:52:10,069] INFO: 	 lr: 1.000000000000002e-05 	 Training loss: 0.03584503531455994
[2025-01-16 04:52:20,270] INFO: Iter 45700 Summary: 
[2025-01-16 04:52:20,271] INFO: 	 lr: 1.000000000000002e-05 	 Training loss: 0.0359470571577549
[2025-01-16 04:52:30,021] INFO: Iter 45800 Summary: 
[2025-01-16 04:52:30,022] INFO: 	 lr: 1.000000000000002e-05 	 Training loss: 0.03594587411731481
[2025-01-16 04:52:40,315] INFO: Iter 45900 Summary: 
[2025-01-16 04:52:40,315] INFO: 	 lr: 1.000000000000002e-05 	 Training loss: 0.035996406599879266
[2025-01-16 04:52:50,440] INFO: Iter 46000 Summary: 
[2025-01-16 04:52:50,440] INFO: 	 lr: 1.000000000000002e-05 	 Training loss: 0.035910509303212164
[2025-01-16 04:53:05,131] INFO: Iter 46100 Summary: 
[2025-01-16 04:53:05,131] INFO: 	 lr: 1.000000000000002e-05 	 Training loss: 0.03599379803985357
[2025-01-16 04:53:14,522] INFO: Iter 46200 Summary: 
[2025-01-16 04:53:14,522] INFO: 	 lr: 1.000000000000002e-05 	 Training loss: 0.03610075008124113
[2025-01-16 04:53:25,060] INFO: Iter 46300 Summary: 
[2025-01-16 04:53:25,061] INFO: 	 lr: 1.000000000000002e-05 	 Training loss: 0.03563727928325534
[2025-01-16 04:53:34,166] INFO: Iter 46400 Summary: 
[2025-01-16 04:53:34,167] INFO: 	 lr: 1.000000000000002e-05 	 Training loss: 0.03574113246053457
[2025-01-16 04:53:44,363] INFO: Iter 46500 Summary: 
[2025-01-16 04:53:44,364] INFO: 	 lr: 1.000000000000002e-05 	 Training loss: 0.03603056017309427
[2025-01-16 04:53:54,502] INFO: Iter 46600 Summary: 
[2025-01-16 04:53:54,502] INFO: 	 lr: 1.000000000000002e-05 	 Training loss: 0.03599347215145826
[2025-01-16 04:54:04,447] INFO: Iter 46700 Summary: 
[2025-01-16 04:54:04,447] INFO: 	 lr: 1.000000000000002e-05 	 Training loss: 0.03596283495426178
[2025-01-16 04:54:14,818] INFO: Iter 46800 Summary: 
[2025-01-16 04:54:14,819] INFO: 	 lr: 1.000000000000002e-05 	 Training loss: 0.036330031082034114
[2025-01-16 04:54:25,400] INFO: Iter 46900 Summary: 
[2025-01-16 04:54:25,400] INFO: 	 lr: 1.000000000000002e-05 	 Training loss: 0.036104187332093717
[2025-01-16 04:54:36,088] INFO: Iter 47000 Summary: 
[2025-01-16 04:54:36,088] INFO: 	 lr: 1.000000000000002e-05 	 Training loss: 0.036008197888731955
[2025-01-16 04:54:45,658] INFO: Iter 47100 Summary: 
[2025-01-16 04:54:45,659] INFO: 	 lr: 1.000000000000002e-05 	 Training loss: 0.035891972444951535
[2025-01-16 04:54:54,739] INFO: Iter 47200 Summary: 
[2025-01-16 04:54:54,739] INFO: 	 lr: 1.000000000000002e-05 	 Training loss: 0.036138016022741797
[2025-01-16 04:55:05,315] INFO: Iter 47300 Summary: 
[2025-01-16 04:55:05,315] INFO: 	 lr: 1.000000000000002e-05 	 Training loss: 0.03618578642606735
[2025-01-16 04:55:15,468] INFO: Iter 47400 Summary: 
[2025-01-16 04:55:15,468] INFO: 	 lr: 1.000000000000002e-05 	 Training loss: 0.03602665353566408
[2025-01-16 04:55:25,913] INFO: Iter 47500 Summary: 
[2025-01-16 04:55:25,913] INFO: 	 lr: 1.000000000000002e-05 	 Training loss: 0.03567608810961247
[2025-01-16 04:55:36,604] INFO: Iter 47600 Summary: 
[2025-01-16 04:55:36,604] INFO: 	 lr: 1.000000000000002e-05 	 Training loss: 0.03572357308119536
[2025-01-16 04:55:46,385] INFO: Iter 47700 Summary: 
[2025-01-16 04:55:46,385] INFO: 	 lr: 1.000000000000002e-05 	 Training loss: 0.035762300230562684
[2025-01-16 04:55:56,571] INFO: Iter 47800 Summary: 
[2025-01-16 04:55:56,571] INFO: 	 lr: 1.000000000000002e-05 	 Training loss: 0.035959481596946716
[2025-01-16 04:56:06,655] INFO: Iter 47900 Summary: 
[2025-01-16 04:56:06,655] INFO: 	 lr: 1.000000000000002e-05 	 Training loss: 0.035845060087740424
[2025-01-16 04:56:17,392] INFO: Iter 48000 Summary: 
[2025-01-16 04:56:17,392] INFO: 	 lr: 1.000000000000002e-05 	 Training loss: 0.03608396727591753
[2025-01-16 04:56:30,935] INFO: Iter 48100 Summary: 
[2025-01-16 04:56:30,936] INFO: 	 lr: 1.000000000000002e-05 	 Training loss: 0.03585791166871786
[2025-01-16 04:56:41,654] INFO: Iter 48200 Summary: 
[2025-01-16 04:56:41,654] INFO: 	 lr: 1.000000000000002e-05 	 Training loss: 0.035805336646735665
[2025-01-16 04:56:51,730] INFO: Iter 48300 Summary: 
[2025-01-16 04:56:51,730] INFO: 	 lr: 1.000000000000002e-05 	 Training loss: 0.03597649969160557
[2025-01-16 04:57:02,458] INFO: Iter 48400 Summary: 
[2025-01-16 04:57:02,458] INFO: 	 lr: 1.000000000000002e-05 	 Training loss: 0.03608167622238398
[2025-01-16 04:57:13,050] INFO: Iter 48500 Summary: 
[2025-01-16 04:57:13,051] INFO: 	 lr: 1.000000000000002e-05 	 Training loss: 0.03595410283654928
[2025-01-16 04:57:23,003] INFO: Iter 48600 Summary: 
[2025-01-16 04:57:23,004] INFO: 	 lr: 1.000000000000002e-05 	 Training loss: 0.03578185092657805
[2025-01-16 04:57:33,376] INFO: Iter 48700 Summary: 
[2025-01-16 04:57:33,376] INFO: 	 lr: 1.000000000000002e-05 	 Training loss: 0.03562322188168764
[2025-01-16 04:57:43,467] INFO: Iter 48800 Summary: 
[2025-01-16 04:57:43,467] INFO: 	 lr: 1.000000000000002e-05 	 Training loss: 0.035806016735732554
[2025-01-16 04:57:54,846] INFO: Iter 48900 Summary: 
[2025-01-16 04:57:54,847] INFO: 	 lr: 1.000000000000002e-05 	 Training loss: 0.035889556407928465
[2025-01-16 04:58:04,498] INFO: Iter 49000 Summary: 
[2025-01-16 04:58:04,499] INFO: 	 lr: 1.000000000000002e-05 	 Training loss: 0.03573370609432459
[2025-01-16 04:58:14,702] INFO: Iter 49100 Summary: 
[2025-01-16 04:58:14,702] INFO: 	 lr: 1.000000000000002e-05 	 Training loss: 0.03596745744347572
[2025-01-16 04:58:24,474] INFO: Iter 49200 Summary: 
[2025-01-16 04:58:24,474] INFO: 	 lr: 1.000000000000002e-05 	 Training loss: 0.03581058945506811
[2025-01-16 04:58:35,443] INFO: Iter 49300 Summary: 
[2025-01-16 04:58:35,443] INFO: 	 lr: 1.000000000000002e-05 	 Training loss: 0.03584595389664173
[2025-01-16 04:58:45,270] INFO: Iter 49400 Summary: 
[2025-01-16 04:58:45,270] INFO: 	 lr: 1.000000000000002e-05 	 Training loss: 0.03584989693015814
[2025-01-16 04:58:56,132] INFO: Iter 49500 Summary: 
[2025-01-16 04:58:56,132] INFO: 	 lr: 1.000000000000002e-05 	 Training loss: 0.03608452875167131
[2025-01-16 04:59:08,129] INFO: Iter 49600 Summary: 
[2025-01-16 04:59:08,130] INFO: 	 lr: 1.000000000000002e-05 	 Training loss: 0.035890388675034045
[2025-01-16 04:59:18,192] INFO: Iter 49700 Summary: 
[2025-01-16 04:59:18,192] INFO: 	 lr: 1.000000000000002e-05 	 Training loss: 0.03589293751865626
[2025-01-16 04:59:28,903] INFO: Iter 49800 Summary: 
[2025-01-16 04:59:28,903] INFO: 	 lr: 1.000000000000002e-05 	 Training loss: 0.036014290153980257
[2025-01-16 04:59:39,191] INFO: Iter 49900 Summary: 
[2025-01-16 04:59:39,191] INFO: 	 lr: 1.000000000000002e-05 	 Training loss: 0.035814036540687086
[2025-01-16 04:59:48,515] INFO: Iter 50000 Summary: 
[2025-01-16 04:59:48,515] INFO: 	 lr: 1.000000000000002e-05 	 Training loss: 0.035971395671367645
[2025-01-16 05:00:01,381] INFO: Iter 50100 Summary: 
[2025-01-16 05:00:01,381] INFO: 	 lr: 1.000000000000002e-05 	 Training loss: 0.035876274220645425
[2025-01-16 05:00:11,956] INFO: Iter 50200 Summary: 
[2025-01-16 05:00:11,956] INFO: 	 lr: 1.000000000000002e-05 	 Training loss: 0.035799336731433866
[2025-01-16 05:00:23,818] INFO: Iter 50300 Summary: 
[2025-01-16 05:00:23,818] INFO: 	 lr: 1.000000000000002e-05 	 Training loss: 0.03569969065487385
[2025-01-16 05:00:34,791] INFO: Iter 50400 Summary: 
[2025-01-16 05:00:34,792] INFO: 	 lr: 1.000000000000002e-05 	 Training loss: 0.03601177353411913
[2025-01-16 05:00:45,102] INFO: Iter 50500 Summary: 
[2025-01-16 05:00:45,102] INFO: 	 lr: 1.000000000000002e-05 	 Training loss: 0.03592528745532036
[2025-01-16 05:00:55,580] INFO: Iter 50600 Summary: 
[2025-01-16 05:00:55,580] INFO: 	 lr: 1.000000000000002e-05 	 Training loss: 0.03596099756658077
[2025-01-16 05:01:05,660] INFO: Iter 50700 Summary: 
[2025-01-16 05:01:05,660] INFO: 	 lr: 1.000000000000002e-05 	 Training loss: 0.03591302158311009
[2025-01-16 05:01:15,265] INFO: Iter 50800 Summary: 
[2025-01-16 05:01:15,265] INFO: 	 lr: 1.000000000000002e-05 	 Training loss: 0.035634552985429765
[2025-01-16 05:01:25,328] INFO: Iter 50900 Summary: 
[2025-01-16 05:01:25,328] INFO: 	 lr: 1.000000000000002e-05 	 Training loss: 0.03595229435712099
[2025-01-16 05:01:36,606] INFO: Iter 51000 Summary: 
[2025-01-16 05:01:36,606] INFO: 	 lr: 1.000000000000002e-05 	 Training loss: 0.03595652706921101
[2025-01-16 05:01:46,221] INFO: Iter 51100 Summary: 
[2025-01-16 05:01:46,222] INFO: 	 lr: 1.000000000000002e-05 	 Training loss: 0.03581822983920574
[2025-01-16 05:01:55,729] INFO: Iter 51200 Summary: 
[2025-01-16 05:01:55,729] INFO: 	 lr: 1.000000000000002e-05 	 Training loss: 0.035962770134210585
[2025-01-16 05:02:05,656] INFO: Iter 51300 Summary: 
[2025-01-16 05:02:05,657] INFO: 	 lr: 1.000000000000002e-05 	 Training loss: 0.03559451188892126
[2025-01-16 05:02:15,020] INFO: Iter 51400 Summary: 
[2025-01-16 05:02:15,020] INFO: 	 lr: 1.000000000000002e-05 	 Training loss: 0.03578675702214241
[2025-01-16 05:02:24,709] INFO: Iter 51500 Summary: 
[2025-01-16 05:02:24,709] INFO: 	 lr: 1.000000000000002e-05 	 Training loss: 0.035737054497003554
[2025-01-16 05:02:34,783] INFO: Iter 51600 Summary: 
[2025-01-16 05:02:34,783] INFO: 	 lr: 1.000000000000002e-05 	 Training loss: 0.03575671754777431
[2025-01-16 05:02:45,321] INFO: Iter 51700 Summary: 
[2025-01-16 05:02:45,321] INFO: 	 lr: 1.000000000000002e-05 	 Training loss: 0.03584938660264015
[2025-01-16 05:02:55,195] INFO: Iter 51800 Summary: 
[2025-01-16 05:02:55,195] INFO: 	 lr: 1.000000000000002e-05 	 Training loss: 0.035950950607657434
[2025-01-16 05:03:05,181] INFO: Iter 51900 Summary: 
[2025-01-16 05:03:05,182] INFO: 	 lr: 1.000000000000002e-05 	 Training loss: 0.03582464706152678
[2025-01-16 05:03:15,062] INFO: Iter 52000 Summary: 
[2025-01-16 05:03:15,062] INFO: 	 lr: 1.000000000000002e-05 	 Training loss: 0.0359094836935401
[2025-01-16 05:03:28,051] INFO: Iter 52100 Summary: 
[2025-01-16 05:03:28,051] INFO: 	 lr: 1.000000000000002e-05 	 Training loss: 0.03574924726039171
[2025-01-16 05:03:37,905] INFO: Iter 52200 Summary: 
[2025-01-16 05:03:37,905] INFO: 	 lr: 1.000000000000002e-05 	 Training loss: 0.035715477652847764
[2025-01-16 05:03:47,901] INFO: Iter 52300 Summary: 
[2025-01-16 05:03:47,901] INFO: 	 lr: 1.000000000000002e-05 	 Training loss: 0.035830015875399114
[2025-01-16 05:03:57,303] INFO: Iter 52400 Summary: 
[2025-01-16 05:03:57,303] INFO: 	 lr: 1.000000000000002e-05 	 Training loss: 0.03572644233703613
[2025-01-16 05:04:07,235] INFO: Iter 52500 Summary: 
[2025-01-16 05:04:07,236] INFO: 	 lr: 1.000000000000002e-05 	 Training loss: 0.03572424653917551
[2025-01-16 05:04:17,900] INFO: Iter 52600 Summary: 
[2025-01-16 05:04:17,900] INFO: 	 lr: 1.000000000000002e-05 	 Training loss: 0.03584565799683333
[2025-01-16 05:04:27,892] INFO: Iter 52700 Summary: 
[2025-01-16 05:04:27,892] INFO: 	 lr: 1.000000000000002e-05 	 Training loss: 0.035874159894883635
[2025-01-16 05:04:37,628] INFO: Iter 52800 Summary: 
[2025-01-16 05:04:37,628] INFO: 	 lr: 1.000000000000002e-05 	 Training loss: 0.03574965044856072
[2025-01-16 05:04:48,177] INFO: Iter 52900 Summary: 
[2025-01-16 05:04:48,177] INFO: 	 lr: 1.000000000000002e-05 	 Training loss: 0.036073514223098756
[2025-01-16 05:04:58,725] INFO: Iter 53000 Summary: 
[2025-01-16 05:04:58,725] INFO: 	 lr: 1.000000000000002e-05 	 Training loss: 0.0356911039352417
[2025-01-16 05:05:08,200] INFO: Iter 53100 Summary: 
[2025-01-16 05:05:08,200] INFO: 	 lr: 1.000000000000002e-05 	 Training loss: 0.03582562990486622
[2025-01-16 05:05:18,332] INFO: Iter 53200 Summary: 
[2025-01-16 05:05:18,332] INFO: 	 lr: 1.000000000000002e-05 	 Training loss: 0.035845103934407235
[2025-01-16 05:05:28,480] INFO: Iter 53300 Summary: 
[2025-01-16 05:05:28,481] INFO: 	 lr: 1.000000000000002e-05 	 Training loss: 0.03579832065850496
[2025-01-16 05:05:38,440] INFO: Iter 53400 Summary: 
[2025-01-16 05:05:38,440] INFO: 	 lr: 1.000000000000002e-05 	 Training loss: 0.03579740758985281
[2025-01-16 05:05:49,297] INFO: Iter 53500 Summary: 
[2025-01-16 05:05:49,297] INFO: 	 lr: 1.000000000000002e-05 	 Training loss: 0.03578859981149435
[2025-01-16 05:05:59,816] INFO: Iter 53600 Summary: 
[2025-01-16 05:05:59,816] INFO: 	 lr: 1.000000000000002e-05 	 Training loss: 0.03585986863821745
[2025-01-16 05:06:12,299] INFO: Iter 53700 Summary: 
[2025-01-16 05:06:12,300] INFO: 	 lr: 1.000000000000002e-05 	 Training loss: 0.03574650149792433
[2025-01-16 05:06:22,818] INFO: Iter 53800 Summary: 
[2025-01-16 05:06:22,818] INFO: 	 lr: 1.000000000000002e-05 	 Training loss: 0.035691783763468266
[2025-01-16 05:06:31,501] INFO: Iter 53900 Summary: 
[2025-01-16 05:06:31,502] INFO: 	 lr: 1.000000000000002e-05 	 Training loss: 0.03581839319318533
[2025-01-16 05:06:40,895] INFO: Iter 54000 Summary: 
[2025-01-16 05:06:40,895] INFO: 	 lr: 1.000000000000002e-05 	 Training loss: 0.03596397995948791
[2025-01-16 05:06:53,816] INFO: Iter 54100 Summary: 
[2025-01-16 05:06:53,816] INFO: 	 lr: 1.000000000000002e-05 	 Training loss: 0.035606363527476786
[2025-01-16 05:07:04,671] INFO: Iter 54200 Summary: 
[2025-01-16 05:07:04,671] INFO: 	 lr: 1.000000000000002e-05 	 Training loss: 0.035782815888524055
[2025-01-16 05:07:15,485] INFO: Iter 54300 Summary: 
[2025-01-16 05:07:15,485] INFO: 	 lr: 1.000000000000002e-05 	 Training loss: 0.03565336786210537
[2025-01-16 05:07:26,039] INFO: Iter 54400 Summary: 
[2025-01-16 05:07:26,039] INFO: 	 lr: 1.000000000000002e-05 	 Training loss: 0.035773280411958694
[2025-01-16 05:07:35,617] INFO: Iter 54500 Summary: 
[2025-01-16 05:07:35,617] INFO: 	 lr: 1.000000000000002e-05 	 Training loss: 0.03574901081621647
[2025-01-16 05:07:46,537] INFO: Iter 54600 Summary: 
[2025-01-16 05:07:46,537] INFO: 	 lr: 1.000000000000002e-05 	 Training loss: 0.03586085166782141
[2025-01-16 05:07:56,408] INFO: Iter 54700 Summary: 
[2025-01-16 05:07:56,408] INFO: 	 lr: 1.000000000000002e-05 	 Training loss: 0.03564199568703771
[2025-01-16 05:08:06,580] INFO: Iter 54800 Summary: 
[2025-01-16 05:08:06,581] INFO: 	 lr: 1.000000000000002e-05 	 Training loss: 0.03582666713744402
[2025-01-16 05:08:17,712] INFO: Iter 54900 Summary: 
[2025-01-16 05:08:17,712] INFO: 	 lr: 1.000000000000002e-05 	 Training loss: 0.03573592413216829
[2025-01-16 05:08:28,167] INFO: Iter 55000 Summary: 
[2025-01-16 05:08:28,167] INFO: 	 lr: 1.000000000000002e-05 	 Training loss: 0.03606015715748072
[2025-01-16 05:08:38,570] INFO: Iter 55100 Summary: 
[2025-01-16 05:08:38,570] INFO: 	 lr: 1.000000000000002e-05 	 Training loss: 0.03545119754970074
[2025-01-16 05:08:46,817] INFO: Iter 55200 Summary: 
[2025-01-16 05:08:46,817] INFO: 	 lr: 1.000000000000002e-05 	 Training loss: 0.03549953106790781
[2025-01-16 05:08:56,991] INFO: Iter 55300 Summary: 
[2025-01-16 05:08:56,991] INFO: 	 lr: 1.000000000000002e-05 	 Training loss: 0.035765838474035264
[2025-01-16 05:09:07,050] INFO: Iter 55400 Summary: 
[2025-01-16 05:09:07,051] INFO: 	 lr: 1.000000000000002e-05 	 Training loss: 0.035637596249580385
[2025-01-16 05:09:16,599] INFO: Iter 55500 Summary: 
[2025-01-16 05:09:16,599] INFO: 	 lr: 1.000000000000002e-05 	 Training loss: 0.03597586330026388
[2025-01-16 05:09:26,511] INFO: Iter 55600 Summary: 
[2025-01-16 05:09:26,512] INFO: 	 lr: 1.000000000000002e-05 	 Training loss: 0.035699405185878275
[2025-01-16 05:09:35,546] INFO: Iter 55700 Summary: 
[2025-01-16 05:09:35,546] INFO: 	 lr: 1.000000000000002e-05 	 Training loss: 0.0359324561432004
[2025-01-16 05:09:45,420] INFO: Iter 55800 Summary: 
[2025-01-16 05:09:45,420] INFO: 	 lr: 1.000000000000002e-05 	 Training loss: 0.035717926062643526
[2025-01-16 05:09:55,940] INFO: Iter 55900 Summary: 
[2025-01-16 05:09:55,940] INFO: 	 lr: 1.000000000000002e-05 	 Training loss: 0.03582586508244276
[2025-01-16 05:10:06,013] INFO: Iter 56000 Summary: 
[2025-01-16 05:10:06,014] INFO: 	 lr: 1.000000000000002e-05 	 Training loss: 0.035710376016795636
[2025-01-16 05:10:18,148] INFO: Iter 56100 Summary: 
[2025-01-16 05:10:18,149] INFO: 	 lr: 1.000000000000002e-05 	 Training loss: 0.03565456509590149
[2025-01-16 05:10:27,182] INFO: Iter 56200 Summary: 
[2025-01-16 05:10:27,182] INFO: 	 lr: 1.000000000000002e-05 	 Training loss: 0.03563998624682427
[2025-01-16 05:10:37,188] INFO: Iter 56300 Summary: 
[2025-01-16 05:10:37,188] INFO: 	 lr: 1.000000000000002e-05 	 Training loss: 0.035866960510611536
[2025-01-16 05:10:45,880] INFO: Iter 56400 Summary: 
[2025-01-16 05:10:45,880] INFO: 	 lr: 1.000000000000002e-05 	 Training loss: 0.035601963996887205
[2025-01-16 05:10:57,031] INFO: Iter 56500 Summary: 
[2025-01-16 05:10:57,031] INFO: 	 lr: 1.000000000000002e-05 	 Training loss: 0.035892861969769
[2025-01-16 05:11:06,732] INFO: Iter 56600 Summary: 
[2025-01-16 05:11:06,732] INFO: 	 lr: 1.000000000000002e-05 	 Training loss: 0.035678839944303035
[2025-01-16 05:11:17,542] INFO: Iter 56700 Summary: 
[2025-01-16 05:11:17,543] INFO: 	 lr: 1.000000000000002e-05 	 Training loss: 0.03577390946447849
[2025-01-16 05:11:28,198] INFO: Iter 56800 Summary: 
[2025-01-16 05:11:28,199] INFO: 	 lr: 1.000000000000002e-05 	 Training loss: 0.035438448563218115
[2025-01-16 05:11:37,633] INFO: Iter 56900 Summary: 
[2025-01-16 05:11:37,634] INFO: 	 lr: 1.000000000000002e-05 	 Training loss: 0.035592163912951946
[2025-01-16 05:11:48,500] INFO: Iter 57000 Summary: 
[2025-01-16 05:11:48,500] INFO: 	 lr: 1.000000000000002e-05 	 Training loss: 0.035975073128938675
[2025-01-16 05:11:58,865] INFO: Iter 57100 Summary: 
[2025-01-16 05:11:58,865] INFO: 	 lr: 1.000000000000002e-05 	 Training loss: 0.035686227828264236
[2025-01-16 05:12:09,887] INFO: Iter 57200 Summary: 
[2025-01-16 05:12:09,887] INFO: 	 lr: 1.000000000000002e-05 	 Training loss: 0.035714919492602346
[2025-01-16 05:12:21,262] INFO: Iter 57300 Summary: 
[2025-01-16 05:12:21,263] INFO: 	 lr: 1.000000000000002e-05 	 Training loss: 0.03599974699318409
[2025-01-16 05:12:32,043] INFO: Iter 57400 Summary: 
[2025-01-16 05:12:32,043] INFO: 	 lr: 1.000000000000002e-05 	 Training loss: 0.035680870562791824
[2025-01-16 05:12:41,660] INFO: Iter 57500 Summary: 
[2025-01-16 05:12:41,660] INFO: 	 lr: 1.000000000000002e-05 	 Training loss: 0.03580236051231623
[2025-01-16 05:12:52,217] INFO: Iter 57600 Summary: 
[2025-01-16 05:12:52,217] INFO: 	 lr: 1.000000000000002e-05 	 Training loss: 0.03549098186194897
[2025-01-16 05:13:02,539] INFO: Iter 57700 Summary: 
[2025-01-16 05:13:02,539] INFO: 	 lr: 1.000000000000002e-05 	 Training loss: 0.035510718300938604
[2025-01-16 05:13:12,518] INFO: Iter 57800 Summary: 
[2025-01-16 05:13:12,519] INFO: 	 lr: 1.000000000000002e-05 	 Training loss: 0.03565361205488443
[2025-01-16 05:13:23,232] INFO: Iter 57900 Summary: 
[2025-01-16 05:13:23,232] INFO: 	 lr: 1.000000000000002e-05 	 Training loss: 0.0356005685031414
[2025-01-16 05:13:32,106] INFO: Iter 58000 Summary: 
[2025-01-16 05:13:32,106] INFO: 	 lr: 1.000000000000002e-05 	 Training loss: 0.03578464567661285
[2025-01-16 05:13:45,494] INFO: Iter 58100 Summary: 
[2025-01-16 05:13:45,495] INFO: 	 lr: 1.000000000000002e-05 	 Training loss: 0.035807702280581
[2025-01-16 05:13:56,474] INFO: Iter 58200 Summary: 
[2025-01-16 05:13:56,474] INFO: 	 lr: 1.000000000000002e-05 	 Training loss: 0.03561677683144808
[2025-01-16 05:14:06,164] INFO: Iter 58300 Summary: 
[2025-01-16 05:14:06,164] INFO: 	 lr: 1.000000000000002e-05 	 Training loss: 0.03560542825609445
[2025-01-16 05:14:16,412] INFO: Iter 58400 Summary: 
[2025-01-16 05:14:16,413] INFO: 	 lr: 1.000000000000002e-05 	 Training loss: 0.03543898239731789
[2025-01-16 05:14:27,798] INFO: Iter 58500 Summary: 
[2025-01-16 05:14:27,799] INFO: 	 lr: 1.000000000000002e-05 	 Training loss: 0.03563036989420652
[2025-01-16 05:14:37,476] INFO: Iter 58600 Summary: 
[2025-01-16 05:14:37,476] INFO: 	 lr: 1.000000000000002e-05 	 Training loss: 0.035842899158596994
[2025-01-16 05:14:47,260] INFO: Iter 58700 Summary: 
[2025-01-16 05:14:47,260] INFO: 	 lr: 1.000000000000002e-05 	 Training loss: 0.035520802102983
[2025-01-16 05:14:57,570] INFO: Iter 58800 Summary: 
[2025-01-16 05:14:57,570] INFO: 	 lr: 1.000000000000002e-05 	 Training loss: 0.03555576585233212
[2025-01-16 05:15:08,381] INFO: Iter 58900 Summary: 
[2025-01-16 05:15:08,382] INFO: 	 lr: 1.000000000000002e-05 	 Training loss: 0.03566425301134586
[2025-01-16 05:15:18,051] INFO: Iter 59000 Summary: 
[2025-01-16 05:15:18,051] INFO: 	 lr: 1.000000000000002e-05 	 Training loss: 0.03589880622923374
[2025-01-16 05:15:28,814] INFO: Iter 59100 Summary: 
[2025-01-16 05:15:28,815] INFO: 	 lr: 1.000000000000002e-05 	 Training loss: 0.035843987129628656
[2025-01-16 05:15:40,838] INFO: Iter 59200 Summary: 
[2025-01-16 05:15:40,839] INFO: 	 lr: 1.000000000000002e-05 	 Training loss: 0.0355021034181118
[2025-01-16 05:15:50,372] INFO: Iter 59300 Summary: 
[2025-01-16 05:15:50,373] INFO: 	 lr: 1.000000000000002e-05 	 Training loss: 0.03543557543307543
[2025-01-16 05:15:59,897] INFO: Iter 59400 Summary: 
[2025-01-16 05:15:59,898] INFO: 	 lr: 1.000000000000002e-05 	 Training loss: 0.035518843457102774
[2025-01-16 05:16:09,792] INFO: Iter 59500 Summary: 
[2025-01-16 05:16:09,793] INFO: 	 lr: 1.000000000000002e-05 	 Training loss: 0.03572121996432543
[2025-01-16 05:16:19,201] INFO: Iter 59600 Summary: 
[2025-01-16 05:16:19,201] INFO: 	 lr: 1.000000000000002e-05 	 Training loss: 0.035668078362941745
[2025-01-16 05:16:28,441] INFO: Iter 59700 Summary: 
[2025-01-16 05:16:28,441] INFO: 	 lr: 1.000000000000002e-05 	 Training loss: 0.03598882615566254
[2025-01-16 05:16:38,422] INFO: Iter 59800 Summary: 
[2025-01-16 05:16:38,423] INFO: 	 lr: 1.000000000000002e-05 	 Training loss: 0.03561457980424166
[2025-01-16 05:16:48,744] INFO: Iter 59900 Summary: 
[2025-01-16 05:16:48,745] INFO: 	 lr: 1.000000000000002e-05 	 Training loss: 0.03555071994662285
[2025-01-16 05:16:59,142] INFO: Iter 60000 Summary: 
[2025-01-16 05:16:59,142] INFO: 	 lr: 1.000000000000002e-05 	 Training loss: 0.03570660911500454
[2025-01-16 05:17:12,836] INFO: Iter 60100 Summary: 
[2025-01-16 05:17:12,837] INFO: 	 lr: 1.000000000000002e-05 	 Training loss: 0.035993559062480925
[2025-01-16 05:17:22,269] INFO: Iter 60200 Summary: 
[2025-01-16 05:17:22,270] INFO: 	 lr: 1.000000000000002e-05 	 Training loss: 0.03585327442735434
[2025-01-16 05:17:31,974] INFO: Iter 60300 Summary: 
[2025-01-16 05:17:31,974] INFO: 	 lr: 1.000000000000002e-05 	 Training loss: 0.03549902141094208
[2025-01-16 05:17:42,603] INFO: Iter 60400 Summary: 
[2025-01-16 05:17:42,603] INFO: 	 lr: 1.000000000000002e-05 	 Training loss: 0.03567009281367064
[2025-01-16 05:17:53,939] INFO: Iter 60500 Summary: 
[2025-01-16 05:17:53,939] INFO: 	 lr: 1.000000000000002e-05 	 Training loss: 0.03567466724663973
[2025-01-16 05:18:02,681] INFO: Iter 60600 Summary: 
[2025-01-16 05:18:02,682] INFO: 	 lr: 1.000000000000002e-05 	 Training loss: 0.035652243606746195
[2025-01-16 05:18:12,922] INFO: Iter 60700 Summary: 
[2025-01-16 05:18:12,923] INFO: 	 lr: 1.000000000000002e-05 	 Training loss: 0.03560979261994362
[2025-01-16 05:18:23,058] INFO: Iter 60800 Summary: 
[2025-01-16 05:18:23,058] INFO: 	 lr: 1.000000000000002e-05 	 Training loss: 0.03566896125674248
[2025-01-16 05:18:33,271] INFO: Iter 60900 Summary: 
[2025-01-16 05:18:33,271] INFO: 	 lr: 1.000000000000002e-05 	 Training loss: 0.0354155008867383
[2025-01-16 05:18:43,823] INFO: Iter 61000 Summary: 
[2025-01-16 05:18:43,823] INFO: 	 lr: 1.000000000000002e-05 	 Training loss: 0.03576143115758896
[2025-01-16 05:18:53,783] INFO: Iter 61100 Summary: 
[2025-01-16 05:18:53,784] INFO: 	 lr: 1.000000000000002e-05 	 Training loss: 0.03569555662572384
[2025-01-16 05:19:03,733] INFO: Iter 61200 Summary: 
[2025-01-16 05:19:03,734] INFO: 	 lr: 1.000000000000002e-05 	 Training loss: 0.035503883436322214
[2025-01-16 05:19:16,036] INFO: Iter 61300 Summary: 
[2025-01-16 05:19:16,036] INFO: 	 lr: 1.000000000000002e-05 	 Training loss: 0.035613585412502285
[2025-01-16 05:19:26,939] INFO: Iter 61400 Summary: 
[2025-01-16 05:19:26,939] INFO: 	 lr: 1.000000000000002e-05 	 Training loss: 0.0355453060567379
[2025-01-16 05:19:37,526] INFO: Iter 61500 Summary: 
[2025-01-16 05:19:37,526] INFO: 	 lr: 1.000000000000002e-05 	 Training loss: 0.03545658491551876
[2025-01-16 05:19:48,158] INFO: Iter 61600 Summary: 
[2025-01-16 05:19:48,158] INFO: 	 lr: 1.000000000000002e-05 	 Training loss: 0.03544438742101193
[2025-01-16 05:19:58,037] INFO: Iter 61700 Summary: 
[2025-01-16 05:19:58,038] INFO: 	 lr: 1.000000000000002e-05 	 Training loss: 0.03577530305832624
[2025-01-16 05:20:07,696] INFO: Iter 61800 Summary: 
[2025-01-16 05:20:07,696] INFO: 	 lr: 1.000000000000002e-05 	 Training loss: 0.03569126769900322
[2025-01-16 05:20:17,907] INFO: Iter 61900 Summary: 
[2025-01-16 05:20:17,907] INFO: 	 lr: 1.000000000000002e-05 	 Training loss: 0.03566656235605478
[2025-01-16 05:20:28,342] INFO: Iter 62000 Summary: 
[2025-01-16 05:20:28,342] INFO: 	 lr: 1.000000000000002e-05 	 Training loss: 0.03570591975003481
[2025-01-16 05:20:41,949] INFO: Iter 62100 Summary: 
[2025-01-16 05:20:41,949] INFO: 	 lr: 1.000000000000002e-05 	 Training loss: 0.03575871396809816
[2025-01-16 05:20:52,341] INFO: Iter 62200 Summary: 
[2025-01-16 05:20:52,341] INFO: 	 lr: 1.000000000000002e-05 	 Training loss: 0.03550230715423822
[2025-01-16 05:21:02,804] INFO: Iter 62300 Summary: 
[2025-01-16 05:21:02,804] INFO: 	 lr: 1.000000000000002e-05 	 Training loss: 0.03554860685020685
[2025-01-16 05:21:13,240] INFO: Iter 62400 Summary: 
[2025-01-16 05:21:13,240] INFO: 	 lr: 1.000000000000002e-05 	 Training loss: 0.035694459453225136
[2025-01-16 05:21:23,277] INFO: Iter 62500 Summary: 
[2025-01-16 05:21:23,278] INFO: 	 lr: 1.000000000000002e-05 	 Training loss: 0.035468155331909654
[2025-01-16 05:21:33,791] INFO: Iter 62600 Summary: 
[2025-01-16 05:21:33,791] INFO: 	 lr: 1.000000000000002e-05 	 Training loss: 0.03558394555002451
[2025-01-16 05:21:43,883] INFO: Iter 62700 Summary: 
[2025-01-16 05:21:43,883] INFO: 	 lr: 1.000000000000002e-05 	 Training loss: 0.03549440804868936
[2025-01-16 05:21:53,242] INFO: Iter 62800 Summary: 
[2025-01-16 05:21:53,242] INFO: 	 lr: 1.000000000000002e-05 	 Training loss: 0.03551378894597292
[2025-01-16 05:22:03,800] INFO: Iter 62900 Summary: 
[2025-01-16 05:22:03,801] INFO: 	 lr: 1.000000000000002e-05 	 Training loss: 0.035484976023435595
[2025-01-16 05:22:14,897] INFO: Iter 63000 Summary: 
[2025-01-16 05:22:14,898] INFO: 	 lr: 1.000000000000002e-05 	 Training loss: 0.03550887893885374
[2025-01-16 05:22:26,126] INFO: Iter 63100 Summary: 
[2025-01-16 05:22:26,126] INFO: 	 lr: 1.000000000000002e-05 	 Training loss: 0.035608915388584135
[2025-01-16 05:22:35,465] INFO: Iter 63200 Summary: 
[2025-01-16 05:22:35,465] INFO: 	 lr: 1.000000000000002e-05 	 Training loss: 0.03569403328001499
[2025-01-16 05:22:46,528] INFO: Iter 63300 Summary: 
[2025-01-16 05:22:46,528] INFO: 	 lr: 1.000000000000002e-05 	 Training loss: 0.03563545197248459
[2025-01-16 05:22:57,326] INFO: Iter 63400 Summary: 
[2025-01-16 05:22:57,326] INFO: 	 lr: 1.000000000000002e-05 	 Training loss: 0.0354945869371295
[2025-01-16 05:23:07,677] INFO: Iter 63500 Summary: 
[2025-01-16 05:23:07,678] INFO: 	 lr: 1.000000000000002e-05 	 Training loss: 0.035407367646694186
[2025-01-16 05:23:18,049] INFO: Iter 63600 Summary: 
[2025-01-16 05:23:18,049] INFO: 	 lr: 1.000000000000002e-05 	 Training loss: 0.035678820945322515
[2025-01-16 05:23:27,511] INFO: Iter 63700 Summary: 
[2025-01-16 05:23:27,512] INFO: 	 lr: 1.000000000000002e-05 	 Training loss: 0.03569598484784365
[2025-01-16 05:23:37,437] INFO: Iter 63800 Summary: 
[2025-01-16 05:23:37,437] INFO: 	 lr: 1.000000000000002e-05 	 Training loss: 0.03571249376982451
[2025-01-16 05:23:47,417] INFO: Iter 63900 Summary: 
[2025-01-16 05:23:47,417] INFO: 	 lr: 1.000000000000002e-05 	 Training loss: 0.03565954081714153
[2025-01-16 05:23:58,377] INFO: Iter 64000 Summary: 
[2025-01-16 05:23:58,377] INFO: 	 lr: 1.000000000000002e-05 	 Training loss: 0.03540186434984207
[2025-01-16 05:24:11,356] INFO: Iter 64100 Summary: 
[2025-01-16 05:24:11,357] INFO: 	 lr: 1.000000000000002e-05 	 Training loss: 0.03536127381026745
[2025-01-16 05:24:20,601] INFO: Iter 64200 Summary: 
[2025-01-16 05:24:20,601] INFO: 	 lr: 1.000000000000002e-05 	 Training loss: 0.035427201017737386
[2025-01-16 05:24:31,117] INFO: Iter 64300 Summary: 
[2025-01-16 05:24:31,117] INFO: 	 lr: 1.000000000000002e-05 	 Training loss: 0.03582394044846296
[2025-01-16 05:24:41,642] INFO: Iter 64400 Summary: 
[2025-01-16 05:24:41,642] INFO: 	 lr: 1.000000000000002e-05 	 Training loss: 0.0353799157217145
[2025-01-16 05:24:51,023] INFO: Iter 64500 Summary: 
[2025-01-16 05:24:51,024] INFO: 	 lr: 1.000000000000002e-05 	 Training loss: 0.035594365932047366
[2025-01-16 05:25:01,871] INFO: Iter 64600 Summary: 
[2025-01-16 05:25:01,871] INFO: 	 lr: 1.000000000000002e-05 	 Training loss: 0.03554367646574974
[2025-01-16 05:25:12,910] INFO: Iter 64700 Summary: 
[2025-01-16 05:25:12,910] INFO: 	 lr: 1.000000000000002e-05 	 Training loss: 0.035536644607782365
[2025-01-16 05:25:23,899] INFO: Iter 64800 Summary: 
[2025-01-16 05:25:23,900] INFO: 	 lr: 1.000000000000002e-05 	 Training loss: 0.035646181106567386
[2025-01-16 05:25:33,923] INFO: Iter 64900 Summary: 
[2025-01-16 05:25:33,923] INFO: 	 lr: 1.000000000000002e-05 	 Training loss: 0.03566290248185396
[2025-01-16 05:25:43,271] INFO: Iter 65000 Summary: 
[2025-01-16 05:25:43,271] INFO: 	 lr: 1.000000000000002e-05 	 Training loss: 0.0355114259198308
[2025-01-16 05:25:53,908] INFO: Iter 65100 Summary: 
[2025-01-16 05:25:53,908] INFO: 	 lr: 1.000000000000002e-05 	 Training loss: 0.03551027722656727
[2025-01-16 05:26:03,673] INFO: Iter 65200 Summary: 
[2025-01-16 05:26:03,673] INFO: 	 lr: 1.000000000000002e-05 	 Training loss: 0.0359145937860012
[2025-01-16 05:26:13,882] INFO: Iter 65300 Summary: 
[2025-01-16 05:26:13,882] INFO: 	 lr: 1.000000000000002e-05 	 Training loss: 0.03545766443014145
[2025-01-16 05:26:25,098] INFO: Iter 65400 Summary: 
[2025-01-16 05:26:25,098] INFO: 	 lr: 1.000000000000002e-05 	 Training loss: 0.035315871387720105
[2025-01-16 05:26:33,801] INFO: Iter 65500 Summary: 
[2025-01-16 05:26:33,802] INFO: 	 lr: 1.000000000000002e-05 	 Training loss: 0.03540243860334158
[2025-01-16 05:26:44,212] INFO: Iter 65600 Summary: 
[2025-01-16 05:26:44,212] INFO: 	 lr: 1.000000000000002e-05 	 Training loss: 0.03553636461496353
[2025-01-16 05:26:53,170] INFO: Iter 65700 Summary: 
[2025-01-16 05:26:53,170] INFO: 	 lr: 1.000000000000002e-05 	 Training loss: 0.03575149301439524
[2025-01-16 05:27:02,707] INFO: Iter 65800 Summary: 
[2025-01-16 05:27:02,707] INFO: 	 lr: 1.000000000000002e-05 	 Training loss: 0.0356042130663991
[2025-01-16 05:27:11,861] INFO: Iter 65900 Summary: 
[2025-01-16 05:27:11,861] INFO: 	 lr: 1.000000000000002e-05 	 Training loss: 0.035505984462797645
[2025-01-16 05:27:21,451] INFO: Iter 66000 Summary: 
[2025-01-16 05:27:21,451] INFO: 	 lr: 1.000000000000002e-05 	 Training loss: 0.035501548424363136
[2025-01-16 05:27:36,606] INFO: Iter 66100 Summary: 
[2025-01-16 05:27:36,607] INFO: 	 lr: 1.000000000000002e-05 	 Training loss: 0.03559249483048916
[2025-01-16 05:27:46,799] INFO: Iter 66200 Summary: 
[2025-01-16 05:27:46,799] INFO: 	 lr: 1.000000000000002e-05 	 Training loss: 0.035331647060811516
[2025-01-16 05:27:56,315] INFO: Iter 66300 Summary: 
[2025-01-16 05:27:56,315] INFO: 	 lr: 1.000000000000002e-05 	 Training loss: 0.03560207836329937
[2025-01-16 05:28:05,273] INFO: Iter 66400 Summary: 
[2025-01-16 05:28:05,274] INFO: 	 lr: 1.000000000000002e-05 	 Training loss: 0.03568327751010656
[2025-01-16 05:28:15,114] INFO: Iter 66500 Summary: 
[2025-01-16 05:28:15,114] INFO: 	 lr: 1.000000000000002e-05 	 Training loss: 0.03531382542103529
[2025-01-16 05:28:24,898] INFO: Iter 66600 Summary: 
[2025-01-16 05:28:24,898] INFO: 	 lr: 1.000000000000002e-05 	 Training loss: 0.035751742012798786
[2025-01-16 05:28:34,253] INFO: Iter 66700 Summary: 
[2025-01-16 05:28:34,253] INFO: 	 lr: 1.000000000000002e-05 	 Training loss: 0.03577137473970651
[2025-01-16 05:28:44,651] INFO: Iter 66800 Summary: 
[2025-01-16 05:28:44,652] INFO: 	 lr: 1.000000000000002e-05 	 Training loss: 0.03536237552762032
[2025-01-16 05:28:55,095] INFO: Iter 66900 Summary: 
[2025-01-16 05:28:55,095] INFO: 	 lr: 1.000000000000002e-05 	 Training loss: 0.0355204244889319
[2025-01-16 05:29:04,979] INFO: Iter 67000 Summary: 
[2025-01-16 05:29:04,980] INFO: 	 lr: 1.000000000000002e-05 	 Training loss: 0.03549229223281145
[2025-01-16 05:29:14,630] INFO: Iter 67100 Summary: 
[2025-01-16 05:29:14,630] INFO: 	 lr: 1.000000000000002e-05 	 Training loss: 0.03543142754584551
[2025-01-16 05:29:23,270] INFO: Iter 67200 Summary: 
[2025-01-16 05:29:23,270] INFO: 	 lr: 1.000000000000002e-05 	 Training loss: 0.03551787193864584
[2025-01-16 05:29:34,206] INFO: Iter 67300 Summary: 
[2025-01-16 05:29:34,206] INFO: 	 lr: 1.000000000000002e-05 	 Training loss: 0.03556920945644379
[2025-01-16 05:29:43,863] INFO: Iter 67400 Summary: 
[2025-01-16 05:29:43,863] INFO: 	 lr: 1.000000000000002e-05 	 Training loss: 0.03561300382018089
[2025-01-16 05:29:55,314] INFO: Iter 67500 Summary: 
[2025-01-16 05:29:55,315] INFO: 	 lr: 1.000000000000002e-05 	 Training loss: 0.035569282583892345
[2025-01-16 05:30:05,454] INFO: Iter 67600 Summary: 
[2025-01-16 05:30:05,454] INFO: 	 lr: 1.000000000000002e-05 	 Training loss: 0.035459966994822026
[2025-01-16 05:30:14,966] INFO: Iter 67700 Summary: 
[2025-01-16 05:30:14,966] INFO: 	 lr: 1.000000000000002e-05 	 Training loss: 0.03554079666733742
[2025-01-16 05:30:25,562] INFO: Iter 67800 Summary: 
[2025-01-16 05:30:25,562] INFO: 	 lr: 1.000000000000002e-05 	 Training loss: 0.03552758380770683
[2025-01-16 05:30:35,674] INFO: Iter 67900 Summary: 
[2025-01-16 05:30:35,675] INFO: 	 lr: 1.000000000000002e-05 	 Training loss: 0.035484883077442644
[2025-01-16 05:30:44,871] INFO: Iter 68000 Summary: 
[2025-01-16 05:30:44,871] INFO: 	 lr: 1.000000000000002e-05 	 Training loss: 0.03541172131896019
[2025-01-16 05:30:58,007] INFO: Iter 68100 Summary: 
[2025-01-16 05:30:58,008] INFO: 	 lr: 1.000000000000002e-05 	 Training loss: 0.03548315793275833
[2025-01-16 05:31:08,426] INFO: Iter 68200 Summary: 
[2025-01-16 05:31:08,427] INFO: 	 lr: 1.000000000000002e-05 	 Training loss: 0.03565776515752077
[2025-01-16 05:31:18,135] INFO: Iter 68300 Summary: 
[2025-01-16 05:31:18,135] INFO: 	 lr: 1.000000000000002e-05 	 Training loss: 0.035451940335333346
[2025-01-16 05:31:28,998] INFO: Iter 68400 Summary: 
[2025-01-16 05:31:28,999] INFO: 	 lr: 1.000000000000002e-05 	 Training loss: 0.035519346874207255
[2025-01-16 05:31:37,913] INFO: Iter 68500 Summary: 
[2025-01-16 05:31:37,913] INFO: 	 lr: 1.000000000000002e-05 	 Training loss: 0.035574013143777845
[2025-01-16 05:31:47,922] INFO: Iter 68600 Summary: 
[2025-01-16 05:31:47,922] INFO: 	 lr: 1.000000000000002e-05 	 Training loss: 0.035427776090800764
[2025-01-16 05:31:58,270] INFO: Iter 68700 Summary: 
[2025-01-16 05:31:58,270] INFO: 	 lr: 1.000000000000002e-05 	 Training loss: 0.035580973736941815
[2025-01-16 05:32:08,301] INFO: Iter 68800 Summary: 
[2025-01-16 05:32:08,301] INFO: 	 lr: 1.000000000000002e-05 	 Training loss: 0.03568118892610073
[2025-01-16 05:32:20,294] INFO: Iter 68900 Summary: 
[2025-01-16 05:32:20,294] INFO: 	 lr: 1.000000000000002e-05 	 Training loss: 0.035475020967423915
[2025-01-16 05:32:30,177] INFO: Iter 69000 Summary: 
[2025-01-16 05:32:30,177] INFO: 	 lr: 1.000000000000002e-05 	 Training loss: 0.0353327152505517
[2025-01-16 05:32:40,135] INFO: Iter 69100 Summary: 
[2025-01-16 05:32:40,135] INFO: 	 lr: 1.000000000000002e-05 	 Training loss: 0.0355320817604661
[2025-01-16 05:32:50,537] INFO: Iter 69200 Summary: 
[2025-01-16 05:32:50,537] INFO: 	 lr: 1.000000000000002e-05 	 Training loss: 0.03569833189249039
[2025-01-16 05:33:00,716] INFO: Iter 69300 Summary: 
[2025-01-16 05:33:00,717] INFO: 	 lr: 1.000000000000002e-05 	 Training loss: 0.03566207762807608
[2025-01-16 05:33:11,231] INFO: Iter 69400 Summary: 
[2025-01-16 05:33:11,232] INFO: 	 lr: 1.000000000000002e-05 	 Training loss: 0.03528045073151589
[2025-01-16 05:33:22,411] INFO: Iter 69500 Summary: 
[2025-01-16 05:33:22,411] INFO: 	 lr: 1.000000000000002e-05 	 Training loss: 0.03550860788673162
[2025-01-16 05:33:33,324] INFO: Iter 69600 Summary: 
[2025-01-16 05:33:33,324] INFO: 	 lr: 1.000000000000002e-05 	 Training loss: 0.03522513795644045
[2025-01-16 05:33:43,664] INFO: Iter 69700 Summary: 
[2025-01-16 05:33:43,664] INFO: 	 lr: 1.000000000000002e-05 	 Training loss: 0.03545691002160311
[2025-01-16 05:33:54,507] INFO: Iter 69800 Summary: 
[2025-01-16 05:33:54,507] INFO: 	 lr: 1.000000000000002e-05 	 Training loss: 0.03535694889724254
[2025-01-16 05:34:04,709] INFO: Iter 69900 Summary: 
[2025-01-16 05:34:04,709] INFO: 	 lr: 1.000000000000002e-05 	 Training loss: 0.035523783266544345
[2025-01-16 05:34:15,653] INFO: Iter 70000 Summary: 
[2025-01-16 05:34:15,653] INFO: 	 lr: 1.000000000000002e-05 	 Training loss: 0.03570936307311058
[2025-01-16 05:34:28,590] INFO: Iter 70100 Summary: 
[2025-01-16 05:34:28,590] INFO: 	 lr: 1.000000000000002e-05 	 Training loss: 0.03543025273829699
[2025-01-16 05:34:39,497] INFO: Iter 70200 Summary: 
[2025-01-16 05:34:39,498] INFO: 	 lr: 1.000000000000002e-05 	 Training loss: 0.03536309164017439
[2025-01-16 05:34:49,078] INFO: Iter 70300 Summary: 
[2025-01-16 05:34:49,079] INFO: 	 lr: 1.000000000000002e-05 	 Training loss: 0.035361051410436634
[2025-01-16 05:34:59,178] INFO: Iter 70400 Summary: 
[2025-01-16 05:34:59,178] INFO: 	 lr: 1.000000000000002e-05 	 Training loss: 0.03537538550794125
[2025-01-16 05:35:07,717] INFO: Iter 70500 Summary: 
[2025-01-16 05:35:07,717] INFO: 	 lr: 1.000000000000002e-05 	 Training loss: 0.03538655836135149
[2025-01-16 05:35:18,017] INFO: Iter 70600 Summary: 
[2025-01-16 05:35:18,018] INFO: 	 lr: 1.000000000000002e-05 	 Training loss: 0.03543343503028154
[2025-01-16 05:35:28,227] INFO: Iter 70700 Summary: 
[2025-01-16 05:35:28,227] INFO: 	 lr: 1.000000000000002e-05 	 Training loss: 0.035382490530610086
[2025-01-16 05:35:38,915] INFO: Iter 70800 Summary: 
[2025-01-16 05:35:38,915] INFO: 	 lr: 1.000000000000002e-05 	 Training loss: 0.03555315800011158
[2025-01-16 05:35:49,609] INFO: Iter 70900 Summary: 
[2025-01-16 05:35:49,609] INFO: 	 lr: 1.000000000000002e-05 	 Training loss: 0.03535672303289175
[2025-01-16 05:35:59,485] INFO: Iter 71000 Summary: 
[2025-01-16 05:35:59,485] INFO: 	 lr: 1.000000000000002e-05 	 Training loss: 0.03540450643748045
[2025-01-16 05:36:10,605] INFO: Iter 71100 Summary: 
[2025-01-16 05:36:10,605] INFO: 	 lr: 1.000000000000002e-05 	 Training loss: 0.035622203648090364
[2025-01-16 05:36:20,600] INFO: Iter 71200 Summary: 
[2025-01-16 05:36:20,601] INFO: 	 lr: 1.000000000000002e-05 	 Training loss: 0.03533716578036547
[2025-01-16 05:36:30,260] INFO: Iter 71300 Summary: 
[2025-01-16 05:36:30,261] INFO: 	 lr: 1.000000000000002e-05 	 Training loss: 0.03544374980032444
[2025-01-16 05:36:39,372] INFO: Iter 71400 Summary: 
[2025-01-16 05:36:39,372] INFO: 	 lr: 1.000000000000002e-05 	 Training loss: 0.035497852750122544
[2025-01-16 05:36:49,305] INFO: Iter 71500 Summary: 
[2025-01-16 05:36:49,306] INFO: 	 lr: 1.000000000000002e-05 	 Training loss: 0.03535788908600807
[2025-01-16 05:37:00,372] INFO: Iter 71600 Summary: 
[2025-01-16 05:37:00,372] INFO: 	 lr: 1.000000000000002e-05 	 Training loss: 0.035374159067869185
[2025-01-16 05:37:09,930] INFO: Iter 71700 Summary: 
[2025-01-16 05:37:09,931] INFO: 	 lr: 1.000000000000002e-05 	 Training loss: 0.035128184445202354
[2025-01-16 05:37:19,531] INFO: Iter 71800 Summary: 
[2025-01-16 05:37:19,532] INFO: 	 lr: 1.000000000000002e-05 	 Training loss: 0.035449362359941006
[2025-01-16 05:37:29,452] INFO: Iter 71900 Summary: 
[2025-01-16 05:37:29,452] INFO: 	 lr: 1.000000000000002e-05 	 Training loss: 0.03568205088376999
[2025-01-16 05:37:39,084] INFO: Iter 72000 Summary: 
[2025-01-16 05:37:39,084] INFO: 	 lr: 1.000000000000002e-05 	 Training loss: 0.0353238969668746
[2025-01-16 05:37:51,151] INFO: Iter 72100 Summary: 
[2025-01-16 05:37:51,152] INFO: 	 lr: 1.000000000000002e-05 	 Training loss: 0.03533198919147253
[2025-01-16 05:38:01,180] INFO: Iter 72200 Summary: 
[2025-01-16 05:38:01,180] INFO: 	 lr: 1.000000000000002e-05 	 Training loss: 0.03532871540635824
[2025-01-16 05:38:11,900] INFO: Iter 72300 Summary: 
[2025-01-16 05:38:11,901] INFO: 	 lr: 1.000000000000002e-05 	 Training loss: 0.03535767670720816
[2025-01-16 05:38:22,699] INFO: Iter 72400 Summary: 
[2025-01-16 05:38:22,699] INFO: 	 lr: 1.000000000000002e-05 	 Training loss: 0.03525351982563734
[2025-01-16 05:38:33,058] INFO: Iter 72500 Summary: 
[2025-01-16 05:38:33,058] INFO: 	 lr: 1.000000000000002e-05 	 Training loss: 0.03553401965647936
[2025-01-16 05:38:42,840] INFO: Iter 72600 Summary: 
[2025-01-16 05:38:42,840] INFO: 	 lr: 1.000000000000002e-05 	 Training loss: 0.0354202538728714
[2025-01-16 05:38:53,516] INFO: Iter 72700 Summary: 
[2025-01-16 05:38:53,516] INFO: 	 lr: 1.000000000000002e-05 	 Training loss: 0.03551678728312254
[2025-01-16 05:39:04,606] INFO: Iter 72800 Summary: 
[2025-01-16 05:39:04,607] INFO: 	 lr: 1.000000000000002e-05 	 Training loss: 0.03531035169959068
[2025-01-16 05:39:15,326] INFO: Iter 72900 Summary: 
[2025-01-16 05:39:15,326] INFO: 	 lr: 1.000000000000002e-05 	 Training loss: 0.03551406569778919
[2025-01-16 05:39:26,978] INFO: Iter 73000 Summary: 
[2025-01-16 05:39:26,978] INFO: 	 lr: 1.000000000000002e-05 	 Training loss: 0.035165958404541016
[2025-01-16 05:39:37,371] INFO: Iter 73100 Summary: 
[2025-01-16 05:39:37,372] INFO: 	 lr: 1.000000000000002e-05 	 Training loss: 0.035200322531163696
[2025-01-16 05:39:47,481] INFO: Iter 73200 Summary: 
[2025-01-16 05:39:47,482] INFO: 	 lr: 1.000000000000002e-05 	 Training loss: 0.035455811098217965
[2025-01-16 05:39:56,843] INFO: Iter 73300 Summary: 
[2025-01-16 05:39:56,844] INFO: 	 lr: 1.000000000000002e-05 	 Training loss: 0.03542087934911251
[2025-01-16 05:40:06,338] INFO: Iter 73400 Summary: 
[2025-01-16 05:40:06,338] INFO: 	 lr: 1.000000000000002e-05 	 Training loss: 0.03579250510782003
[2025-01-16 05:40:16,430] INFO: Iter 73500 Summary: 
[2025-01-16 05:40:16,430] INFO: 	 lr: 1.000000000000002e-05 	 Training loss: 0.035296646282076835
[2025-01-16 05:40:27,032] INFO: Iter 73600 Summary: 
[2025-01-16 05:40:27,033] INFO: 	 lr: 1.000000000000002e-05 	 Training loss: 0.03551151812076569
[2025-01-16 05:40:36,924] INFO: Iter 73700 Summary: 
[2025-01-16 05:40:36,925] INFO: 	 lr: 1.000000000000002e-05 	 Training loss: 0.035505947060883045
[2025-01-16 05:40:47,609] INFO: Iter 73800 Summary: 
[2025-01-16 05:40:47,609] INFO: 	 lr: 1.000000000000002e-05 	 Training loss: 0.03531637582927942
[2025-01-16 05:40:57,692] INFO: Iter 73900 Summary: 
[2025-01-16 05:40:57,693] INFO: 	 lr: 1.000000000000002e-05 	 Training loss: 0.035378320813179015
[2025-01-16 05:41:06,785] INFO: Iter 74000 Summary: 
[2025-01-16 05:41:06,785] INFO: 	 lr: 1.000000000000002e-05 	 Training loss: 0.03529937487095594
[2025-01-16 05:41:19,506] INFO: Iter 74100 Summary: 
[2025-01-16 05:41:19,506] INFO: 	 lr: 1.000000000000002e-05 	 Training loss: 0.03539106234908104
[2025-01-16 05:41:29,339] INFO: Iter 74200 Summary: 
[2025-01-16 05:41:29,339] INFO: 	 lr: 1.000000000000002e-05 	 Training loss: 0.035095767304301265
[2025-01-16 05:41:39,599] INFO: Iter 74300 Summary: 
[2025-01-16 05:41:39,600] INFO: 	 lr: 1.000000000000002e-05 	 Training loss: 0.035341720748692754
[2025-01-16 05:41:50,129] INFO: Iter 74400 Summary: 
[2025-01-16 05:41:50,129] INFO: 	 lr: 1.000000000000002e-05 	 Training loss: 0.03535218484699726
[2025-01-16 05:41:59,782] INFO: Iter 74500 Summary: 
[2025-01-16 05:41:59,783] INFO: 	 lr: 1.000000000000002e-05 	 Training loss: 0.03548089388757944
[2025-01-16 05:42:09,300] INFO: Iter 74600 Summary: 
[2025-01-16 05:42:09,300] INFO: 	 lr: 1.000000000000002e-05 	 Training loss: 0.03539300613105297
[2025-01-16 05:42:19,411] INFO: Iter 74700 Summary: 
[2025-01-16 05:42:19,411] INFO: 	 lr: 1.000000000000002e-05 	 Training loss: 0.035177364163100716
[2025-01-16 05:42:29,430] INFO: Iter 74800 Summary: 
[2025-01-16 05:42:29,430] INFO: 	 lr: 1.000000000000002e-05 	 Training loss: 0.035390265360474585
[2025-01-16 05:42:40,087] INFO: Iter 74900 Summary: 
[2025-01-16 05:42:40,087] INFO: 	 lr: 1.000000000000002e-05 	 Training loss: 0.03552606225013733
[2025-01-16 05:42:51,074] INFO: Iter 75000 Summary: 
[2025-01-16 05:42:51,075] INFO: 	 lr: 1.000000000000002e-05 	 Training loss: 0.035469382368028164
[2025-01-16 05:43:01,583] INFO: Iter 75100 Summary: 
[2025-01-16 05:43:01,583] INFO: 	 lr: 1.000000000000002e-05 	 Training loss: 0.03542436134070158
[2025-01-16 05:43:11,579] INFO: Iter 75200 Summary: 
[2025-01-16 05:43:11,579] INFO: 	 lr: 1.000000000000002e-05 	 Training loss: 0.03508362365886569
[2025-01-16 05:43:20,942] INFO: Iter 75300 Summary: 
[2025-01-16 05:43:20,943] INFO: 	 lr: 1.000000000000002e-05 	 Training loss: 0.03535818111151457
[2025-01-16 05:43:30,941] INFO: Iter 75400 Summary: 
[2025-01-16 05:43:30,941] INFO: 	 lr: 1.000000000000002e-05 	 Training loss: 0.03544311530888081
[2025-01-16 05:43:40,432] INFO: Iter 75500 Summary: 
[2025-01-16 05:43:40,432] INFO: 	 lr: 1.000000000000002e-05 	 Training loss: 0.03517858028411865
[2025-01-16 05:43:49,352] INFO: Iter 75600 Summary: 
[2025-01-16 05:43:49,352] INFO: 	 lr: 1.000000000000002e-05 	 Training loss: 0.03544418040663004
[2025-01-16 05:44:00,031] INFO: Iter 75700 Summary: 
[2025-01-16 05:44:00,031] INFO: 	 lr: 1.000000000000002e-05 	 Training loss: 0.03542031314224005
[2025-01-16 05:44:10,019] INFO: Iter 75800 Summary: 
[2025-01-16 05:44:10,019] INFO: 	 lr: 1.000000000000002e-05 	 Training loss: 0.03525985289365053
[2025-01-16 05:44:20,734] INFO: Iter 75900 Summary: 
[2025-01-16 05:44:20,734] INFO: 	 lr: 1.000000000000002e-05 	 Training loss: 0.035393548905849455
[2025-01-16 05:44:31,372] INFO: Iter 76000 Summary: 
[2025-01-16 05:44:31,372] INFO: 	 lr: 1.000000000000002e-05 	 Training loss: 0.03550105482339859
[2025-01-16 05:44:43,539] INFO: Iter 76100 Summary: 
[2025-01-16 05:44:43,540] INFO: 	 lr: 1.000000000000002e-05 	 Training loss: 0.03524429690092802
[2025-01-16 05:44:54,095] INFO: Iter 76200 Summary: 
[2025-01-16 05:44:54,095] INFO: 	 lr: 1.000000000000002e-05 	 Training loss: 0.03552026432007551
[2025-01-16 05:45:03,124] INFO: Iter 76300 Summary: 
[2025-01-16 05:45:03,125] INFO: 	 lr: 1.000000000000002e-05 	 Training loss: 0.03532608535140753
[2025-01-16 05:45:13,935] INFO: Iter 76400 Summary: 
[2025-01-16 05:45:13,935] INFO: 	 lr: 1.000000000000002e-05 	 Training loss: 0.03565467115491629
[2025-01-16 05:45:24,195] INFO: Iter 76500 Summary: 
[2025-01-16 05:45:24,196] INFO: 	 lr: 1.000000000000002e-05 	 Training loss: 0.03520758733153343
[2025-01-16 05:45:33,283] INFO: Iter 76600 Summary: 
[2025-01-16 05:45:33,284] INFO: 	 lr: 1.000000000000002e-05 	 Training loss: 0.0353787861764431
[2025-01-16 05:45:43,381] INFO: Iter 76700 Summary: 
[2025-01-16 05:45:43,382] INFO: 	 lr: 1.000000000000002e-05 	 Training loss: 0.0355735832452774
[2025-01-16 05:45:54,195] INFO: Iter 76800 Summary: 
[2025-01-16 05:45:54,196] INFO: 	 lr: 1.000000000000002e-05 	 Training loss: 0.03500980503857136
[2025-01-16 05:46:04,691] INFO: Iter 76900 Summary: 
[2025-01-16 05:46:04,692] INFO: 	 lr: 1.000000000000002e-05 	 Training loss: 0.03535113133490086
[2025-01-16 05:46:14,811] INFO: Iter 77000 Summary: 
[2025-01-16 05:46:14,811] INFO: 	 lr: 1.000000000000002e-05 	 Training loss: 0.035474891141057015
[2025-01-16 05:46:25,707] INFO: Iter 77100 Summary: 
[2025-01-16 05:46:25,707] INFO: 	 lr: 1.000000000000002e-05 	 Training loss: 0.03537623856216669
[2025-01-16 05:46:35,453] INFO: Iter 77200 Summary: 
[2025-01-16 05:46:35,453] INFO: 	 lr: 1.000000000000002e-05 	 Training loss: 0.035395789816975595
[2025-01-16 05:46:45,417] INFO: Iter 77300 Summary: 
[2025-01-16 05:46:45,417] INFO: 	 lr: 1.000000000000002e-05 	 Training loss: 0.03538887023925781
[2025-01-16 05:46:55,989] INFO: Iter 77400 Summary: 
[2025-01-16 05:46:55,990] INFO: 	 lr: 1.000000000000002e-05 	 Training loss: 0.035245980955660346
[2025-01-16 05:47:06,623] INFO: Iter 77500 Summary: 
[2025-01-16 05:47:06,623] INFO: 	 lr: 1.000000000000002e-05 	 Training loss: 0.03517988745123148
[2025-01-16 05:47:15,737] INFO: Iter 77600 Summary: 
[2025-01-16 05:47:15,737] INFO: 	 lr: 1.000000000000002e-05 	 Training loss: 0.03542534917593002
[2025-01-16 05:47:26,408] INFO: Iter 77700 Summary: 
[2025-01-16 05:47:26,408] INFO: 	 lr: 1.000000000000002e-05 	 Training loss: 0.0353329654969275
[2025-01-16 05:47:37,672] INFO: Iter 77800 Summary: 
[2025-01-16 05:47:37,672] INFO: 	 lr: 1.000000000000002e-05 	 Training loss: 0.03530019499361515
[2025-01-16 05:47:47,765] INFO: Iter 77900 Summary: 
[2025-01-16 05:47:47,766] INFO: 	 lr: 1.000000000000002e-05 	 Training loss: 0.03518866907805204
[2025-01-16 05:47:57,978] INFO: Iter 78000 Summary: 
[2025-01-16 05:47:57,978] INFO: 	 lr: 1.000000000000002e-05 	 Training loss: 0.035594655014574525
[2025-01-16 05:48:11,267] INFO: Iter 78100 Summary: 
[2025-01-16 05:48:11,267] INFO: 	 lr: 1.000000000000002e-05 	 Training loss: 0.03527867294847965
[2025-01-16 05:48:21,119] INFO: Iter 78200 Summary: 
[2025-01-16 05:48:21,119] INFO: 	 lr: 1.000000000000002e-05 	 Training loss: 0.03551030308008194
[2025-01-16 05:48:31,660] INFO: Iter 78300 Summary: 
[2025-01-16 05:48:31,660] INFO: 	 lr: 1.000000000000002e-05 	 Training loss: 0.03546674773097038
[2025-01-16 05:48:41,763] INFO: Iter 78400 Summary: 
[2025-01-16 05:48:41,763] INFO: 	 lr: 1.000000000000002e-05 	 Training loss: 0.03530089396983385
[2025-01-16 05:48:53,599] INFO: Iter 78500 Summary: 
[2025-01-16 05:48:53,599] INFO: 	 lr: 1.000000000000002e-05 	 Training loss: 0.03542927611619234
[2025-01-16 05:49:04,296] INFO: Iter 78600 Summary: 
[2025-01-16 05:49:04,296] INFO: 	 lr: 1.000000000000002e-05 	 Training loss: 0.03531892776489258
[2025-01-16 05:49:14,145] INFO: Iter 78700 Summary: 
[2025-01-16 05:49:14,146] INFO: 	 lr: 1.000000000000002e-05 	 Training loss: 0.03513596527278423
[2025-01-16 05:49:24,480] INFO: Iter 78800 Summary: 
[2025-01-16 05:49:24,480] INFO: 	 lr: 1.000000000000002e-05 	 Training loss: 0.035313252955675126
[2025-01-16 05:49:34,402] INFO: Iter 78900 Summary: 
[2025-01-16 05:49:34,402] INFO: 	 lr: 1.000000000000002e-05 	 Training loss: 0.03561621278524399
[2025-01-16 05:49:44,813] INFO: Iter 79000 Summary: 
[2025-01-16 05:49:44,813] INFO: 	 lr: 1.000000000000002e-05 	 Training loss: 0.035394084565341474
[2025-01-16 05:49:55,999] INFO: Iter 79100 Summary: 
[2025-01-16 05:49:55,999] INFO: 	 lr: 1.000000000000002e-05 	 Training loss: 0.03535057336091995
[2025-01-16 05:50:06,997] INFO: Iter 79200 Summary: 
[2025-01-16 05:50:06,998] INFO: 	 lr: 1.000000000000002e-05 	 Training loss: 0.035096912495791915
[2025-01-16 05:50:17,989] INFO: Iter 79300 Summary: 
[2025-01-16 05:50:17,990] INFO: 	 lr: 1.000000000000002e-05 	 Training loss: 0.03524234715849161
[2025-01-16 05:50:27,175] INFO: Iter 79400 Summary: 
[2025-01-16 05:50:27,175] INFO: 	 lr: 1.000000000000002e-05 	 Training loss: 0.035305472798645494
[2025-01-16 05:50:36,946] INFO: Iter 79500 Summary: 
[2025-01-16 05:50:36,946] INFO: 	 lr: 1.000000000000002e-05 	 Training loss: 0.03522206619381905
[2025-01-16 05:50:46,879] INFO: Iter 79600 Summary: 
[2025-01-16 05:50:46,879] INFO: 	 lr: 1.000000000000002e-05 	 Training loss: 0.035218628719449044
[2025-01-16 05:50:56,665] INFO: Iter 79700 Summary: 
[2025-01-16 05:50:56,666] INFO: 	 lr: 1.000000000000002e-05 	 Training loss: 0.035274603702127934
[2025-01-16 05:51:07,526] INFO: Iter 79800 Summary: 
[2025-01-16 05:51:07,526] INFO: 	 lr: 1.000000000000002e-05 	 Training loss: 0.03513421162962913
[2025-01-16 05:51:18,106] INFO: Iter 79900 Summary: 
[2025-01-16 05:51:18,106] INFO: 	 lr: 1.000000000000002e-05 	 Training loss: 0.03511461425572634
[2025-01-16 05:51:27,144] INFO: Iter 80000 Summary: 
[2025-01-16 05:51:27,144] INFO: 	 lr: 1.000000000000002e-05 	 Training loss: 0.035082188695669175
