[2025-01-16 03:34:43,495] INFO: {
    "abs_dir": "/home/diwang/siMLPe/exps/baseline_h36m",
    "batch_size": 256,
    "cos_lr_max": 1e-05,
    "cos_lr_min": 5e-08,
    "cos_lr_total_iters": 80000,
    "data_aug": true,
    "deriv_input": true,
    "deriv_output": true,
    "device": "cuda:4",
    "h36m_anno_dir": "/home/diwang/siMLPe/data/h36m/",
    "link_log_file": "/home/diwang/siMLPe/exps/baseline_h36m/log/log_last.log",
    "link_val_log_file": "/home/diwang/siMLPe/exps/baseline_h36m/log/val_last.log",
    "log_dir": "/home/diwang/siMLPe/exps/baseline_h36m/log",
    "log_file": "/home/diwang/siMLPe/exps/baseline_h36m/log/log_2025_01_16_03_34_08.log",
    "model_pth": null,
    "motion": {
        "dim": 66,
        "h36m_input_length": 50,
        "h36m_input_length_dct": 50,
        "h36m_target_length": 25,
        "h36m_target_length_eval": 25,
        "h36m_target_length_train": 25
    },
    "motion_fc_in": {
        "activation": "relu",
        "in_features": 66,
        "init_w_trunc_normal": false,
        "out_features": 66,
        "temporal_fc": false,
        "with_norm": false
    },
    "motion_fc_out": {
        "activation": "relu",
        "in_features": 66,
        "init_w_trunc_normal": true,
        "out_features": 66,
        "temporal_fc": false,
        "with_norm": false
    },
    "motion_mlp": {
        "hidden_dim": 66,
        "norm_axis": "spatial",
        "num_layers": 48,
        "seq_len": 50,
        "spatial_fc_only": false,
        "with_normalization": true
    },
    "num_workers": 8,
    "post_dct": false,
    "pre_dct": false,
    "print_every": 100,
    "repo_name": "siMLPe",
    "root_dir": "/home/diwang/siMLPe",
    "save_every": 2000,
    "seed": 304,
    "shift_step": 1,
    "snapshot_dir": "/home/diwang/siMLPe/exps/baseline_h36m/log/snapshot",
    "this_dir": "baseline_h36m",
    "use_relative_loss": true,
    "val_log_file": "/home/diwang/siMLPe/exps/baseline_h36m/log/val_2025_01_16_03_34_08.log",
    "weight_decay": 0.0001
}
[2025-01-16 03:34:58,688] INFO: Iter 100 Summary: 
[2025-01-16 03:34:58,689] INFO: 	 lr: 0.00030000000000000073 	 Training loss: 0.15948010720312594
[2025-01-16 03:35:11,462] INFO: Iter 200 Summary: 
[2025-01-16 03:35:11,462] INFO: 	 lr: 0.00030000000000000073 	 Training loss: 0.12293891593813897
[2025-01-16 03:35:24,685] INFO: Iter 300 Summary: 
[2025-01-16 03:35:24,685] INFO: 	 lr: 0.00030000000000000073 	 Training loss: 0.12207219295203686
[2025-01-16 03:35:37,429] INFO: Iter 400 Summary: 
[2025-01-16 03:35:37,429] INFO: 	 lr: 0.00030000000000000073 	 Training loss: 0.12118400022387504
[2025-01-16 03:35:50,751] INFO: Iter 500 Summary: 
[2025-01-16 03:35:50,752] INFO: 	 lr: 0.00030000000000000073 	 Training loss: 0.11990320861339569
[2025-01-16 03:36:04,291] INFO: Iter 600 Summary: 
[2025-01-16 03:36:04,291] INFO: 	 lr: 0.00030000000000000073 	 Training loss: 0.11858730092644691
[2025-01-16 03:36:17,366] INFO: Iter 700 Summary: 
[2025-01-16 03:36:17,367] INFO: 	 lr: 0.00030000000000000073 	 Training loss: 0.10996020257472992
[2025-01-16 03:36:30,282] INFO: Iter 800 Summary: 
[2025-01-16 03:36:30,283] INFO: 	 lr: 0.00030000000000000073 	 Training loss: 0.10595940180122852
[2025-01-16 03:36:44,612] INFO: Iter 900 Summary: 
[2025-01-16 03:36:44,613] INFO: 	 lr: 0.00030000000000000073 	 Training loss: 0.10324247434735298
[2025-01-16 03:36:58,257] INFO: Iter 1000 Summary: 
[2025-01-16 03:36:58,257] INFO: 	 lr: 0.00030000000000000073 	 Training loss: 0.1010132397711277
[2025-01-16 03:37:10,049] INFO: Iter 1100 Summary: 
[2025-01-16 03:37:10,049] INFO: 	 lr: 0.00030000000000000073 	 Training loss: 0.09855437614023685
[2025-01-16 03:37:24,123] INFO: Iter 1200 Summary: 
[2025-01-16 03:37:24,124] INFO: 	 lr: 0.00030000000000000073 	 Training loss: 0.0977928276360035
[2025-01-16 03:37:35,948] INFO: Iter 1300 Summary: 
[2025-01-16 03:37:35,948] INFO: 	 lr: 0.00030000000000000073 	 Training loss: 0.0964893477410078
[2025-01-16 03:37:49,231] INFO: Iter 1400 Summary: 
[2025-01-16 03:37:49,231] INFO: 	 lr: 0.00030000000000000073 	 Training loss: 0.09492498867213726
[2025-01-16 03:38:01,695] INFO: Iter 1500 Summary: 
[2025-01-16 03:38:01,695] INFO: 	 lr: 0.00030000000000000073 	 Training loss: 0.09440021634101868
[2025-01-16 03:38:16,152] INFO: Iter 1600 Summary: 
[2025-01-16 03:38:16,152] INFO: 	 lr: 0.00030000000000000073 	 Training loss: 0.09381830967962741
[2025-01-16 03:38:28,485] INFO: Iter 1700 Summary: 
[2025-01-16 03:38:28,486] INFO: 	 lr: 0.00030000000000000073 	 Training loss: 0.09262973852455617
[2025-01-16 03:38:42,518] INFO: Iter 1800 Summary: 
[2025-01-16 03:38:42,519] INFO: 	 lr: 0.00030000000000000073 	 Training loss: 0.09142806313931942
[2025-01-16 03:38:55,340] INFO: Iter 1900 Summary: 
[2025-01-16 03:38:55,340] INFO: 	 lr: 0.00030000000000000073 	 Training loss: 0.09156393326818943
[2025-01-16 03:39:08,088] INFO: Iter 2000 Summary: 
[2025-01-16 03:39:08,088] INFO: 	 lr: 0.00030000000000000073 	 Training loss: 0.09054015137255192
[2025-01-16 03:39:23,593] INFO: Iter 2100 Summary: 
[2025-01-16 03:39:23,594] INFO: 	 lr: 0.00030000000000000073 	 Training loss: 0.0900380850583315
[2025-01-16 03:39:38,057] INFO: Iter 2200 Summary: 
[2025-01-16 03:39:38,057] INFO: 	 lr: 0.00030000000000000073 	 Training loss: 0.08969807036221028
[2025-01-16 03:39:50,659] INFO: Iter 2300 Summary: 
[2025-01-16 03:39:50,660] INFO: 	 lr: 0.00030000000000000073 	 Training loss: 0.08909189842641353
[2025-01-16 03:40:03,299] INFO: Iter 2400 Summary: 
[2025-01-16 03:40:03,299] INFO: 	 lr: 0.00030000000000000073 	 Training loss: 0.08827761806547642
[2025-01-16 03:40:16,614] INFO: Iter 2500 Summary: 
[2025-01-16 03:40:16,630] INFO: 	 lr: 0.00030000000000000073 	 Training loss: 0.08733229212462902
[2025-01-16 03:40:30,449] INFO: Iter 2600 Summary: 
[2025-01-16 03:40:30,449] INFO: 	 lr: 0.00030000000000000073 	 Training loss: 0.08748119987547398
[2025-01-16 03:40:42,639] INFO: Iter 2700 Summary: 
[2025-01-16 03:40:42,639] INFO: 	 lr: 0.00030000000000000073 	 Training loss: 0.08721618287265301
[2025-01-16 03:40:56,996] INFO: Iter 2800 Summary: 
[2025-01-16 03:40:56,996] INFO: 	 lr: 0.00030000000000000073 	 Training loss: 0.08654541693627835
[2025-01-16 03:41:11,186] INFO: Iter 2900 Summary: 
[2025-01-16 03:41:11,186] INFO: 	 lr: 0.00030000000000000073 	 Training loss: 0.08721906758844852
[2025-01-16 03:41:24,046] INFO: Iter 3000 Summary: 
[2025-01-16 03:41:24,047] INFO: 	 lr: 0.00030000000000000073 	 Training loss: 0.0869052966684103
[2025-01-16 03:41:37,591] INFO: Iter 3100 Summary: 
[2025-01-16 03:41:37,591] INFO: 	 lr: 0.00030000000000000073 	 Training loss: 0.08603666238486767
[2025-01-16 03:41:50,324] INFO: Iter 3200 Summary: 
[2025-01-16 03:41:50,324] INFO: 	 lr: 0.00030000000000000073 	 Training loss: 0.086120500639081
[2025-01-16 03:42:06,421] INFO: Iter 3300 Summary: 
[2025-01-16 03:42:06,422] INFO: 	 lr: 0.00030000000000000073 	 Training loss: 0.08591332152485848
[2025-01-16 03:42:19,232] INFO: Iter 3400 Summary: 
[2025-01-16 03:42:19,233] INFO: 	 lr: 0.00030000000000000073 	 Training loss: 0.08572562679648399
[2025-01-16 03:42:33,812] INFO: Iter 3500 Summary: 
[2025-01-16 03:42:33,813] INFO: 	 lr: 0.00030000000000000073 	 Training loss: 0.0854251405596733
[2025-01-16 03:42:45,805] INFO: Iter 3600 Summary: 
[2025-01-16 03:42:45,805] INFO: 	 lr: 0.00030000000000000073 	 Training loss: 0.08480889290571213
[2025-01-16 03:42:59,052] INFO: Iter 3700 Summary: 
[2025-01-16 03:42:59,052] INFO: 	 lr: 0.00030000000000000073 	 Training loss: 0.08471740998327731
[2025-01-16 03:43:10,892] INFO: Iter 3800 Summary: 
[2025-01-16 03:43:10,892] INFO: 	 lr: 0.00030000000000000073 	 Training loss: 0.084614103063941
[2025-01-16 03:43:24,813] INFO: Iter 3900 Summary: 
[2025-01-16 03:43:24,814] INFO: 	 lr: 0.00030000000000000073 	 Training loss: 0.08453658230602741
[2025-01-16 03:43:38,384] INFO: Iter 4000 Summary: 
[2025-01-16 03:43:38,384] INFO: 	 lr: 0.00030000000000000073 	 Training loss: 0.08409129098057747
[2025-01-16 03:43:54,908] INFO: Iter 4100 Summary: 
[2025-01-16 03:43:54,909] INFO: 	 lr: 0.00030000000000000073 	 Training loss: 0.08362705633044243
[2025-01-16 03:44:08,739] INFO: Iter 4200 Summary: 
[2025-01-16 03:44:08,739] INFO: 	 lr: 0.00030000000000000073 	 Training loss: 0.0831886000931263
[2025-01-16 03:44:22,103] INFO: Iter 4300 Summary: 
[2025-01-16 03:44:22,104] INFO: 	 lr: 0.00030000000000000073 	 Training loss: 0.08278793707489968
[2025-01-16 03:44:33,698] INFO: Iter 4400 Summary: 
[2025-01-16 03:44:33,698] INFO: 	 lr: 0.00030000000000000073 	 Training loss: 0.08340521171689033
[2025-01-16 03:44:46,343] INFO: Iter 4500 Summary: 
[2025-01-16 03:44:46,343] INFO: 	 lr: 0.00030000000000000073 	 Training loss: 0.08316589437425137
[2025-01-16 03:45:00,128] INFO: Iter 4600 Summary: 
[2025-01-16 03:45:00,128] INFO: 	 lr: 0.00030000000000000073 	 Training loss: 0.08287691570818424
[2025-01-16 03:45:13,207] INFO: Iter 4700 Summary: 
[2025-01-16 03:45:13,207] INFO: 	 lr: 0.00030000000000000073 	 Training loss: 0.08194419912993908
[2025-01-16 03:45:27,314] INFO: Iter 4800 Summary: 
[2025-01-16 03:45:27,315] INFO: 	 lr: 0.00030000000000000073 	 Training loss: 0.08240921400487423
[2025-01-16 03:45:40,076] INFO: Iter 4900 Summary: 
[2025-01-16 03:45:40,076] INFO: 	 lr: 0.00030000000000000073 	 Training loss: 0.08209028556942939
[2025-01-16 03:45:52,821] INFO: Iter 5000 Summary: 
[2025-01-16 03:45:52,822] INFO: 	 lr: 0.00030000000000000073 	 Training loss: 0.08194278068840503
[2025-01-16 03:46:06,716] INFO: Iter 5100 Summary: 
[2025-01-16 03:46:06,717] INFO: 	 lr: 0.00030000000000000073 	 Training loss: 0.08166355758905411
[2025-01-16 03:46:20,332] INFO: Iter 5200 Summary: 
[2025-01-16 03:46:20,332] INFO: 	 lr: 0.00030000000000000073 	 Training loss: 0.08114516541361809
[2025-01-16 03:46:33,477] INFO: Iter 5300 Summary: 
[2025-01-16 03:46:33,477] INFO: 	 lr: 0.00030000000000000073 	 Training loss: 0.08166554190218449
[2025-01-16 03:46:46,529] INFO: Iter 5400 Summary: 
[2025-01-16 03:46:46,529] INFO: 	 lr: 0.00030000000000000073 	 Training loss: 0.08103809341788291
[2025-01-16 03:47:00,635] INFO: Iter 5500 Summary: 
[2025-01-16 03:47:00,636] INFO: 	 lr: 0.00030000000000000073 	 Training loss: 0.08095717869699001
[2025-01-16 03:47:14,968] INFO: Iter 5600 Summary: 
[2025-01-16 03:47:14,968] INFO: 	 lr: 0.00030000000000000073 	 Training loss: 0.08080724202096462
[2025-01-16 03:47:28,429] INFO: Iter 5700 Summary: 
[2025-01-16 03:47:28,429] INFO: 	 lr: 0.00030000000000000073 	 Training loss: 0.08056645840406418
[2025-01-16 03:47:43,575] INFO: Iter 5800 Summary: 
[2025-01-16 03:47:43,575] INFO: 	 lr: 0.00030000000000000073 	 Training loss: 0.08041013024747372
[2025-01-16 03:47:56,900] INFO: Iter 5900 Summary: 
[2025-01-16 03:47:56,900] INFO: 	 lr: 0.00030000000000000073 	 Training loss: 0.08042747244238853
[2025-01-16 03:48:09,497] INFO: Iter 6000 Summary: 
[2025-01-16 03:48:09,497] INFO: 	 lr: 0.00030000000000000073 	 Training loss: 0.07994411960244178
[2025-01-16 03:48:27,041] INFO: Iter 6100 Summary: 
[2025-01-16 03:48:27,042] INFO: 	 lr: 0.00030000000000000073 	 Training loss: 0.07984832264482974
[2025-01-16 03:48:41,018] INFO: Iter 6200 Summary: 
[2025-01-16 03:48:41,018] INFO: 	 lr: 0.00030000000000000073 	 Training loss: 0.07922407530248166
[2025-01-16 03:48:55,775] INFO: Iter 6300 Summary: 
[2025-01-16 03:48:55,775] INFO: 	 lr: 0.00030000000000000073 	 Training loss: 0.07946461327373981
[2025-01-16 03:49:06,705] INFO: Iter 6400 Summary: 
[2025-01-16 03:49:06,705] INFO: 	 lr: 0.00030000000000000073 	 Training loss: 0.07956202030181884
[2025-01-16 03:49:18,257] INFO: Iter 6500 Summary: 
[2025-01-16 03:49:18,257] INFO: 	 lr: 0.00030000000000000073 	 Training loss: 0.07951402395963669
[2025-01-16 03:49:33,030] INFO: Iter 6600 Summary: 
[2025-01-16 03:49:33,031] INFO: 	 lr: 0.00030000000000000073 	 Training loss: 0.07922783128917217
[2025-01-16 03:49:46,208] INFO: Iter 6700 Summary: 
[2025-01-16 03:49:46,209] INFO: 	 lr: 0.00030000000000000073 	 Training loss: 0.07924207486212254
[2025-01-16 03:49:59,060] INFO: Iter 6800 Summary: 
[2025-01-16 03:49:59,060] INFO: 	 lr: 0.00030000000000000073 	 Training loss: 0.07894302368164062
[2025-01-16 03:50:13,609] INFO: Iter 6900 Summary: 
[2025-01-16 03:50:13,610] INFO: 	 lr: 0.00030000000000000073 	 Training loss: 0.078522227704525
[2025-01-16 03:50:28,038] INFO: Iter 7000 Summary: 
[2025-01-16 03:50:28,039] INFO: 	 lr: 0.00030000000000000073 	 Training loss: 0.07866102464497089
[2025-01-16 03:50:39,939] INFO: Iter 7100 Summary: 
[2025-01-16 03:50:39,939] INFO: 	 lr: 0.00030000000000000073 	 Training loss: 0.07846507012844085
[2025-01-16 03:50:52,998] INFO: Iter 7200 Summary: 
[2025-01-16 03:50:52,998] INFO: 	 lr: 0.00030000000000000073 	 Training loss: 0.07841424345970154
[2025-01-16 03:51:05,024] INFO: Iter 7300 Summary: 
[2025-01-16 03:51:05,025] INFO: 	 lr: 0.00030000000000000073 	 Training loss: 0.07816293649375439
[2025-01-16 03:51:17,915] INFO: Iter 7400 Summary: 
[2025-01-16 03:51:17,915] INFO: 	 lr: 0.00030000000000000073 	 Training loss: 0.0783623693883419
[2025-01-16 03:51:32,197] INFO: Iter 7500 Summary: 
[2025-01-16 03:51:32,197] INFO: 	 lr: 0.00030000000000000073 	 Training loss: 0.07737207874655723
[2025-01-16 03:51:44,827] INFO: Iter 7600 Summary: 
[2025-01-16 03:51:44,827] INFO: 	 lr: 0.00030000000000000073 	 Training loss: 0.07766235552728176
[2025-01-16 03:51:59,017] INFO: Iter 7700 Summary: 
[2025-01-16 03:51:59,017] INFO: 	 lr: 0.00030000000000000073 	 Training loss: 0.07829456724226475
[2025-01-16 03:52:12,181] INFO: Iter 7800 Summary: 
[2025-01-16 03:52:12,181] INFO: 	 lr: 0.00030000000000000073 	 Training loss: 0.07749775357544422
[2025-01-16 03:52:25,963] INFO: Iter 7900 Summary: 
[2025-01-16 03:52:25,963] INFO: 	 lr: 0.00030000000000000073 	 Training loss: 0.07718349434435368
[2025-01-16 03:52:39,450] INFO: Iter 8000 Summary: 
[2025-01-16 03:52:39,451] INFO: 	 lr: 0.00030000000000000073 	 Training loss: 0.07751947611570359
[2025-01-16 03:52:55,109] INFO: Iter 8100 Summary: 
[2025-01-16 03:52:55,109] INFO: 	 lr: 0.00030000000000000073 	 Training loss: 0.0776821180433035
[2025-01-16 03:53:08,974] INFO: Iter 8200 Summary: 
[2025-01-16 03:53:08,975] INFO: 	 lr: 0.00030000000000000073 	 Training loss: 0.07771347753703595
[2025-01-16 03:53:21,040] INFO: Iter 8300 Summary: 
[2025-01-16 03:53:21,040] INFO: 	 lr: 0.00030000000000000073 	 Training loss: 0.07681963831186295
[2025-01-16 03:53:33,821] INFO: Iter 8400 Summary: 
[2025-01-16 03:53:33,821] INFO: 	 lr: 0.00030000000000000073 	 Training loss: 0.07755270212888718
[2025-01-16 03:53:46,236] INFO: Iter 8500 Summary: 
[2025-01-16 03:53:46,237] INFO: 	 lr: 0.00030000000000000073 	 Training loss: 0.077192377820611
[2025-01-16 03:53:59,963] INFO: Iter 8600 Summary: 
[2025-01-16 03:53:59,963] INFO: 	 lr: 0.00030000000000000073 	 Training loss: 0.07670529246330261
[2025-01-16 03:54:13,470] INFO: Iter 8700 Summary: 
[2025-01-16 03:54:13,470] INFO: 	 lr: 0.00030000000000000073 	 Training loss: 0.07727855943143368
[2025-01-16 03:54:24,625] INFO: Iter 8800 Summary: 
[2025-01-16 03:54:24,625] INFO: 	 lr: 0.00030000000000000073 	 Training loss: 0.077031070291996
[2025-01-16 03:54:38,377] INFO: Iter 8900 Summary: 
[2025-01-16 03:54:38,377] INFO: 	 lr: 0.00030000000000000073 	 Training loss: 0.07683138877153396
[2025-01-16 03:54:50,681] INFO: Iter 9000 Summary: 
[2025-01-16 03:54:50,682] INFO: 	 lr: 0.00030000000000000073 	 Training loss: 0.07659519679844379
[2025-01-16 03:55:03,974] INFO: Iter 9100 Summary: 
[2025-01-16 03:55:03,974] INFO: 	 lr: 0.00030000000000000073 	 Training loss: 0.07607129991054534
[2025-01-16 03:55:17,694] INFO: Iter 9200 Summary: 
[2025-01-16 03:55:17,694] INFO: 	 lr: 0.00030000000000000073 	 Training loss: 0.07630431421101093
[2025-01-16 03:55:28,776] INFO: Iter 9300 Summary: 
[2025-01-16 03:55:28,776] INFO: 	 lr: 0.00030000000000000073 	 Training loss: 0.0764064572751522
[2025-01-16 03:55:42,117] INFO: Iter 9400 Summary: 
[2025-01-16 03:55:42,117] INFO: 	 lr: 0.00030000000000000073 	 Training loss: 0.07615585036575795
[2025-01-16 03:55:55,007] INFO: Iter 9500 Summary: 
[2025-01-16 03:55:55,007] INFO: 	 lr: 0.00030000000000000073 	 Training loss: 0.07593461900949477
[2025-01-16 03:56:09,528] INFO: Iter 9600 Summary: 
[2025-01-16 03:56:09,528] INFO: 	 lr: 0.00030000000000000073 	 Training loss: 0.07632077403366566
[2025-01-16 03:56:23,410] INFO: Iter 9700 Summary: 
[2025-01-16 03:56:23,410] INFO: 	 lr: 0.00030000000000000073 	 Training loss: 0.07604339480400085
[2025-01-16 03:56:36,297] INFO: Iter 9800 Summary: 
[2025-01-16 03:56:36,298] INFO: 	 lr: 0.00030000000000000073 	 Training loss: 0.07605242781341076
[2025-01-16 03:56:50,401] INFO: Iter 9900 Summary: 
[2025-01-16 03:56:50,402] INFO: 	 lr: 0.00030000000000000073 	 Training loss: 0.07631494842469692
[2025-01-16 03:57:03,457] INFO: Iter 10000 Summary: 
[2025-01-16 03:57:03,457] INFO: 	 lr: 0.00030000000000000073 	 Training loss: 0.07559168614447116
[2025-01-16 03:57:19,278] INFO: Iter 10100 Summary: 
[2025-01-16 03:57:19,278] INFO: 	 lr: 0.00030000000000000073 	 Training loss: 0.07546785004436969
[2025-01-16 03:57:32,730] INFO: Iter 10200 Summary: 
[2025-01-16 03:57:32,730] INFO: 	 lr: 0.00030000000000000073 	 Training loss: 0.07615008391439915
[2025-01-16 03:57:46,616] INFO: Iter 10300 Summary: 
[2025-01-16 03:57:46,616] INFO: 	 lr: 0.00030000000000000073 	 Training loss: 0.07574551805853844
[2025-01-16 03:57:57,653] INFO: Iter 10400 Summary: 
[2025-01-16 03:57:57,653] INFO: 	 lr: 0.00030000000000000073 	 Training loss: 0.0750267868489027
[2025-01-16 03:58:09,976] INFO: Iter 10500 Summary: 
[2025-01-16 03:58:09,976] INFO: 	 lr: 0.00030000000000000073 	 Training loss: 0.07502818323671817
[2025-01-16 03:58:22,748] INFO: Iter 10600 Summary: 
[2025-01-16 03:58:22,748] INFO: 	 lr: 0.00030000000000000073 	 Training loss: 0.07528205685317517
[2025-01-16 03:58:35,453] INFO: Iter 10700 Summary: 
[2025-01-16 03:58:35,453] INFO: 	 lr: 0.00030000000000000073 	 Training loss: 0.07522304475307465
[2025-01-16 03:58:48,719] INFO: Iter 10800 Summary: 
[2025-01-16 03:58:48,719] INFO: 	 lr: 0.00030000000000000073 	 Training loss: 0.07542183205485344
[2025-01-16 03:59:01,651] INFO: Iter 10900 Summary: 
[2025-01-16 03:59:01,652] INFO: 	 lr: 0.00030000000000000073 	 Training loss: 0.07563975363969803
[2025-01-16 03:59:14,660] INFO: Iter 11000 Summary: 
[2025-01-16 03:59:14,660] INFO: 	 lr: 0.00030000000000000073 	 Training loss: 0.07461833715438843
[2025-01-16 03:59:28,098] INFO: Iter 11100 Summary: 
[2025-01-16 03:59:28,098] INFO: 	 lr: 0.00030000000000000073 	 Training loss: 0.07502320893108845
[2025-01-16 03:59:40,919] INFO: Iter 11200 Summary: 
[2025-01-16 03:59:40,919] INFO: 	 lr: 0.00030000000000000073 	 Training loss: 0.07413747653365135
[2025-01-16 03:59:54,270] INFO: Iter 11300 Summary: 
[2025-01-16 03:59:54,270] INFO: 	 lr: 0.00030000000000000073 	 Training loss: 0.07505697287619113
[2025-01-16 04:00:07,686] INFO: Iter 11400 Summary: 
[2025-01-16 04:00:07,687] INFO: 	 lr: 0.00030000000000000073 	 Training loss: 0.0749974812567234
[2025-01-16 04:00:20,973] INFO: Iter 11500 Summary: 
[2025-01-16 04:00:20,973] INFO: 	 lr: 0.00030000000000000073 	 Training loss: 0.07436751373112202
[2025-01-16 04:00:35,427] INFO: Iter 11600 Summary: 
[2025-01-16 04:00:35,427] INFO: 	 lr: 0.00030000000000000073 	 Training loss: 0.07431387796998024
[2025-01-16 04:00:48,122] INFO: Iter 11700 Summary: 
[2025-01-16 04:00:48,122] INFO: 	 lr: 0.00030000000000000073 	 Training loss: 0.07421037025749683
[2025-01-16 04:01:01,351] INFO: Iter 11800 Summary: 
[2025-01-16 04:01:01,351] INFO: 	 lr: 0.00030000000000000073 	 Training loss: 0.07444539003074169
[2025-01-16 04:01:12,996] INFO: Iter 11900 Summary: 
[2025-01-16 04:01:12,996] INFO: 	 lr: 0.00030000000000000073 	 Training loss: 0.0742650469392538
[2025-01-16 04:01:25,986] INFO: Iter 12000 Summary: 
[2025-01-16 04:01:25,986] INFO: 	 lr: 0.00030000000000000073 	 Training loss: 0.07460248425602913
[2025-01-16 04:01:42,650] INFO: Iter 12100 Summary: 
[2025-01-16 04:01:42,651] INFO: 	 lr: 0.00030000000000000073 	 Training loss: 0.07441341951489448
[2025-01-16 04:01:55,413] INFO: Iter 12200 Summary: 
[2025-01-16 04:01:55,413] INFO: 	 lr: 0.00030000000000000073 	 Training loss: 0.07477187305688858
[2025-01-16 04:02:10,246] INFO: Iter 12300 Summary: 
[2025-01-16 04:02:10,247] INFO: 	 lr: 0.00030000000000000073 	 Training loss: 0.07402766592800618
[2025-01-16 04:02:23,919] INFO: Iter 12400 Summary: 
[2025-01-16 04:02:23,919] INFO: 	 lr: 0.00030000000000000073 	 Training loss: 0.07397950522601604
[2025-01-16 04:02:36,489] INFO: Iter 12500 Summary: 
[2025-01-16 04:02:36,489] INFO: 	 lr: 0.00030000000000000073 	 Training loss: 0.07376598484814167
[2025-01-16 04:02:50,599] INFO: Iter 12600 Summary: 
[2025-01-16 04:02:50,599] INFO: 	 lr: 0.00030000000000000073 	 Training loss: 0.07381896130740642
[2025-01-16 04:03:02,847] INFO: Iter 12700 Summary: 
[2025-01-16 04:03:02,847] INFO: 	 lr: 0.00030000000000000073 	 Training loss: 0.07450792744755745
[2025-01-16 04:03:15,490] INFO: Iter 12800 Summary: 
[2025-01-16 04:03:15,490] INFO: 	 lr: 0.00030000000000000073 	 Training loss: 0.07352420456707477
[2025-01-16 04:03:28,370] INFO: Iter 12900 Summary: 
[2025-01-16 04:03:28,370] INFO: 	 lr: 0.00030000000000000073 	 Training loss: 0.07411422297358512
[2025-01-16 04:03:43,010] INFO: Iter 13000 Summary: 
[2025-01-16 04:03:43,010] INFO: 	 lr: 0.00030000000000000073 	 Training loss: 0.07405623830854893
[2025-01-16 04:03:56,328] INFO: Iter 13100 Summary: 
[2025-01-16 04:03:56,328] INFO: 	 lr: 0.00030000000000000073 	 Training loss: 0.07390547581017018
[2025-01-16 04:04:09,348] INFO: Iter 13200 Summary: 
[2025-01-16 04:04:09,349] INFO: 	 lr: 0.00030000000000000073 	 Training loss: 0.07332000635564327
[2025-01-16 04:04:23,312] INFO: Iter 13300 Summary: 
[2025-01-16 04:04:23,312] INFO: 	 lr: 0.00030000000000000073 	 Training loss: 0.07367805324494839
[2025-01-16 04:04:35,231] INFO: Iter 13400 Summary: 
[2025-01-16 04:04:35,231] INFO: 	 lr: 0.00030000000000000073 	 Training loss: 0.07374563299119473
[2025-01-16 04:04:47,398] INFO: Iter 13500 Summary: 
[2025-01-16 04:04:47,398] INFO: 	 lr: 0.00030000000000000073 	 Training loss: 0.07340385541319847
[2025-01-16 04:05:00,688] INFO: Iter 13600 Summary: 
[2025-01-16 04:05:00,689] INFO: 	 lr: 0.00030000000000000073 	 Training loss: 0.07310502424836159
[2025-01-16 04:05:14,840] INFO: Iter 13700 Summary: 
[2025-01-16 04:05:14,840] INFO: 	 lr: 0.00030000000000000073 	 Training loss: 0.072954336181283
[2025-01-16 04:05:27,158] INFO: Iter 13800 Summary: 
[2025-01-16 04:05:27,158] INFO: 	 lr: 0.00030000000000000073 	 Training loss: 0.07340757489204407
[2025-01-16 04:05:39,177] INFO: Iter 13900 Summary: 
[2025-01-16 04:05:39,177] INFO: 	 lr: 0.00030000000000000073 	 Training loss: 0.07334704473614692
[2025-01-16 04:05:53,111] INFO: Iter 14000 Summary: 
[2025-01-16 04:05:53,112] INFO: 	 lr: 0.00030000000000000073 	 Training loss: 0.07296066328883172
[2025-01-16 04:06:08,723] INFO: Iter 14100 Summary: 
[2025-01-16 04:06:08,723] INFO: 	 lr: 0.00030000000000000073 	 Training loss: 0.07358295671641826
[2025-01-16 04:06:22,974] INFO: Iter 14200 Summary: 
[2025-01-16 04:06:22,974] INFO: 	 lr: 0.00030000000000000073 	 Training loss: 0.07325600616633893
[2025-01-16 04:06:36,532] INFO: Iter 14300 Summary: 
[2025-01-16 04:06:36,533] INFO: 	 lr: 0.00030000000000000073 	 Training loss: 0.07340175122022628
[2025-01-16 04:06:48,910] INFO: Iter 14400 Summary: 
[2025-01-16 04:06:48,910] INFO: 	 lr: 0.00030000000000000073 	 Training loss: 0.07296731047332287
[2025-01-16 04:07:01,875] INFO: Iter 14500 Summary: 
[2025-01-16 04:07:01,875] INFO: 	 lr: 0.00030000000000000073 	 Training loss: 0.07290425367653369
[2025-01-16 04:07:13,680] INFO: Iter 14600 Summary: 
[2025-01-16 04:07:13,680] INFO: 	 lr: 0.00030000000000000073 	 Training loss: 0.0731244920194149
[2025-01-16 04:07:24,927] INFO: Iter 14700 Summary: 
[2025-01-16 04:07:24,928] INFO: 	 lr: 0.00030000000000000073 	 Training loss: 0.07253650203347206
[2025-01-16 04:07:38,084] INFO: Iter 14800 Summary: 
[2025-01-16 04:07:38,084] INFO: 	 lr: 0.00030000000000000073 	 Training loss: 0.07301701530814171
[2025-01-16 04:07:52,436] INFO: Iter 14900 Summary: 
[2025-01-16 04:07:52,437] INFO: 	 lr: 0.00030000000000000073 	 Training loss: 0.07309752002358437
[2025-01-16 04:08:06,640] INFO: Iter 15000 Summary: 
[2025-01-16 04:08:06,640] INFO: 	 lr: 0.00030000000000000073 	 Training loss: 0.07292042575776576
[2025-01-16 04:08:18,997] INFO: Iter 15100 Summary: 
[2025-01-16 04:08:18,997] INFO: 	 lr: 0.00030000000000000073 	 Training loss: 0.07288816072046757
[2025-01-16 04:08:32,627] INFO: Iter 15200 Summary: 
[2025-01-16 04:08:32,628] INFO: 	 lr: 0.00030000000000000073 	 Training loss: 0.07269916892051696
[2025-01-16 04:08:45,976] INFO: Iter 15300 Summary: 
[2025-01-16 04:08:45,977] INFO: 	 lr: 0.00030000000000000073 	 Training loss: 0.07235414035618305
[2025-01-16 04:08:59,409] INFO: Iter 15400 Summary: 
[2025-01-16 04:08:59,409] INFO: 	 lr: 0.00030000000000000073 	 Training loss: 0.07257869616150855
[2025-01-16 04:09:12,716] INFO: Iter 15500 Summary: 
[2025-01-16 04:09:12,716] INFO: 	 lr: 0.00030000000000000073 	 Training loss: 0.07225096970796585
[2025-01-16 04:09:26,383] INFO: Iter 15600 Summary: 
[2025-01-16 04:09:26,383] INFO: 	 lr: 0.00030000000000000073 	 Training loss: 0.07246555745601654
[2025-01-16 04:09:40,300] INFO: Iter 15700 Summary: 
[2025-01-16 04:09:40,300] INFO: 	 lr: 0.00030000000000000073 	 Training loss: 0.07231529474258423
[2025-01-16 04:09:52,906] INFO: Iter 15800 Summary: 
[2025-01-16 04:09:52,907] INFO: 	 lr: 0.00030000000000000073 	 Training loss: 0.07186226479709149
[2025-01-16 04:10:05,692] INFO: Iter 15900 Summary: 
[2025-01-16 04:10:05,692] INFO: 	 lr: 0.00030000000000000073 	 Training loss: 0.0723988026380539
[2025-01-16 04:10:18,064] INFO: Iter 16000 Summary: 
[2025-01-16 04:10:18,065] INFO: 	 lr: 0.00030000000000000073 	 Training loss: 0.07244396045804023
[2025-01-16 04:10:32,137] INFO: Iter 16100 Summary: 
[2025-01-16 04:10:32,137] INFO: 	 lr: 0.00030000000000000073 	 Training loss: 0.07284174792468548
[2025-01-16 04:10:45,182] INFO: Iter 16200 Summary: 
[2025-01-16 04:10:45,182] INFO: 	 lr: 0.00030000000000000073 	 Training loss: 0.07205790646374226
[2025-01-16 04:10:59,739] INFO: Iter 16300 Summary: 
[2025-01-16 04:10:59,739] INFO: 	 lr: 0.00030000000000000073 	 Training loss: 0.07219445265829563
[2025-01-16 04:11:11,966] INFO: Iter 16400 Summary: 
[2025-01-16 04:11:11,966] INFO: 	 lr: 0.00030000000000000073 	 Training loss: 0.07189748123288155
[2025-01-16 04:11:24,300] INFO: Iter 16500 Summary: 
[2025-01-16 04:11:24,300] INFO: 	 lr: 0.00030000000000000073 	 Training loss: 0.07193397276103497
[2025-01-16 04:11:35,690] INFO: Iter 16600 Summary: 
[2025-01-16 04:11:35,691] INFO: 	 lr: 0.00030000000000000073 	 Training loss: 0.0720451408624649
[2025-01-16 04:11:48,061] INFO: Iter 16700 Summary: 
[2025-01-16 04:11:48,064] INFO: 	 lr: 0.00030000000000000073 	 Training loss: 0.07232286490499973
[2025-01-16 04:12:00,319] INFO: Iter 16800 Summary: 
[2025-01-16 04:12:00,319] INFO: 	 lr: 0.00030000000000000073 	 Training loss: 0.07194934517145157
[2025-01-16 04:12:11,665] INFO: Iter 16900 Summary: 
[2025-01-16 04:12:11,665] INFO: 	 lr: 0.00030000000000000073 	 Training loss: 0.07213001281023025
[2025-01-16 04:12:25,759] INFO: Iter 17000 Summary: 
[2025-01-16 04:12:25,759] INFO: 	 lr: 0.00030000000000000073 	 Training loss: 0.07160791836678981
[2025-01-16 04:12:38,094] INFO: Iter 17100 Summary: 
[2025-01-16 04:12:38,094] INFO: 	 lr: 0.00030000000000000073 	 Training loss: 0.07185144059360027
[2025-01-16 04:12:51,704] INFO: Iter 17200 Summary: 
[2025-01-16 04:12:51,705] INFO: 	 lr: 0.00030000000000000073 	 Training loss: 0.07184311412274838
[2025-01-16 04:13:03,775] INFO: Iter 17300 Summary: 
[2025-01-16 04:13:03,775] INFO: 	 lr: 0.00030000000000000073 	 Training loss: 0.07180146396160125
[2025-01-16 04:13:17,666] INFO: Iter 17400 Summary: 
[2025-01-16 04:13:17,666] INFO: 	 lr: 0.00030000000000000073 	 Training loss: 0.07184187583625316
[2025-01-16 04:13:30,467] INFO: Iter 17500 Summary: 
[2025-01-16 04:13:30,467] INFO: 	 lr: 0.00030000000000000073 	 Training loss: 0.07170331828296185
[2025-01-16 04:13:44,031] INFO: Iter 17600 Summary: 
[2025-01-16 04:13:44,031] INFO: 	 lr: 0.00030000000000000073 	 Training loss: 0.0719282127916813
[2025-01-16 04:13:57,188] INFO: Iter 17700 Summary: 
[2025-01-16 04:13:57,188] INFO: 	 lr: 0.00030000000000000073 	 Training loss: 0.07151940360665321
[2025-01-16 04:14:08,351] INFO: Iter 17800 Summary: 
[2025-01-16 04:14:08,351] INFO: 	 lr: 0.00030000000000000073 	 Training loss: 0.07104650802910328
[2025-01-16 04:14:22,757] INFO: Iter 17900 Summary: 
[2025-01-16 04:14:22,757] INFO: 	 lr: 0.00030000000000000073 	 Training loss: 0.0718041355907917
[2025-01-16 04:14:35,902] INFO: Iter 18000 Summary: 
[2025-01-16 04:14:35,902] INFO: 	 lr: 0.00030000000000000073 	 Training loss: 0.07118476368486881
[2025-01-16 04:14:51,397] INFO: Iter 18100 Summary: 
[2025-01-16 04:14:51,397] INFO: 	 lr: 0.00030000000000000073 	 Training loss: 0.07194667547941208
[2025-01-16 04:15:04,014] INFO: Iter 18200 Summary: 
[2025-01-16 04:15:04,014] INFO: 	 lr: 0.00030000000000000073 	 Training loss: 0.07186562791466714
[2025-01-16 04:15:16,679] INFO: Iter 18300 Summary: 
[2025-01-16 04:15:16,679] INFO: 	 lr: 0.00030000000000000073 	 Training loss: 0.07168616369366645
[2025-01-16 04:15:29,418] INFO: Iter 18400 Summary: 
[2025-01-16 04:15:29,419] INFO: 	 lr: 0.00030000000000000073 	 Training loss: 0.07132576256990433
[2025-01-16 04:15:42,468] INFO: Iter 18500 Summary: 
[2025-01-16 04:15:42,468] INFO: 	 lr: 0.00030000000000000073 	 Training loss: 0.07137791633605957
[2025-01-16 04:15:55,414] INFO: Iter 18600 Summary: 
[2025-01-16 04:15:55,414] INFO: 	 lr: 0.00030000000000000073 	 Training loss: 0.07177310541272164
[2025-01-16 04:16:08,318] INFO: Iter 18700 Summary: 
[2025-01-16 04:16:08,318] INFO: 	 lr: 0.00030000000000000073 	 Training loss: 0.07118499241769313
[2025-01-16 04:16:21,805] INFO: Iter 18800 Summary: 
[2025-01-16 04:16:21,805] INFO: 	 lr: 0.00030000000000000073 	 Training loss: 0.07108609773218631
[2025-01-16 04:16:32,337] INFO: Iter 18900 Summary: 
[2025-01-16 04:16:32,337] INFO: 	 lr: 0.00030000000000000073 	 Training loss: 0.07093672841787338
[2025-01-16 04:16:45,692] INFO: Iter 19000 Summary: 
[2025-01-16 04:16:45,692] INFO: 	 lr: 0.00030000000000000073 	 Training loss: 0.07124474108219146
[2025-01-16 04:16:57,952] INFO: Iter 19100 Summary: 
[2025-01-16 04:16:57,953] INFO: 	 lr: 0.00030000000000000073 	 Training loss: 0.07068732768297195
[2025-01-16 04:17:11,290] INFO: Iter 19200 Summary: 
[2025-01-16 04:17:11,291] INFO: 	 lr: 0.00030000000000000073 	 Training loss: 0.07110387414693832
[2025-01-16 04:17:23,221] INFO: Iter 19300 Summary: 
[2025-01-16 04:17:23,221] INFO: 	 lr: 0.00030000000000000073 	 Training loss: 0.07140549510717392
[2025-01-16 04:17:35,250] INFO: Iter 19400 Summary: 
[2025-01-16 04:17:35,250] INFO: 	 lr: 0.00030000000000000073 	 Training loss: 0.07093001760542393
[2025-01-16 04:17:48,366] INFO: Iter 19500 Summary: 
[2025-01-16 04:17:48,366] INFO: 	 lr: 0.00030000000000000073 	 Training loss: 0.07107598580420017
[2025-01-16 04:18:00,535] INFO: Iter 19600 Summary: 
[2025-01-16 04:18:00,535] INFO: 	 lr: 0.00030000000000000073 	 Training loss: 0.0711450670659542
[2025-01-16 04:18:13,404] INFO: Iter 19700 Summary: 
[2025-01-16 04:18:13,404] INFO: 	 lr: 0.00030000000000000073 	 Training loss: 0.07164566047489643
[2025-01-16 04:18:26,846] INFO: Iter 19800 Summary: 
[2025-01-16 04:18:26,846] INFO: 	 lr: 0.00030000000000000073 	 Training loss: 0.0711455924063921
[2025-01-16 04:18:40,057] INFO: Iter 19900 Summary: 
[2025-01-16 04:18:40,058] INFO: 	 lr: 0.00030000000000000073 	 Training loss: 0.07068891614675522
[2025-01-16 04:18:52,811] INFO: Iter 20000 Summary: 
[2025-01-16 04:18:52,812] INFO: 	 lr: 0.00030000000000000073 	 Training loss: 0.07069185622036457
[2025-01-16 04:19:07,709] INFO: Iter 20100 Summary: 
[2025-01-16 04:19:07,709] INFO: 	 lr: 0.00030000000000000073 	 Training loss: 0.07119177535176277
[2025-01-16 04:19:20,314] INFO: Iter 20200 Summary: 
[2025-01-16 04:19:20,314] INFO: 	 lr: 0.00030000000000000073 	 Training loss: 0.07058774545788765
[2025-01-16 04:19:34,144] INFO: Iter 20300 Summary: 
[2025-01-16 04:19:34,144] INFO: 	 lr: 0.00030000000000000073 	 Training loss: 0.07099996097385883
[2025-01-16 04:19:46,687] INFO: Iter 20400 Summary: 
[2025-01-16 04:19:46,687] INFO: 	 lr: 0.00030000000000000073 	 Training loss: 0.07084274783730507
[2025-01-16 04:20:00,813] INFO: Iter 20500 Summary: 
[2025-01-16 04:20:00,814] INFO: 	 lr: 0.00030000000000000073 	 Training loss: 0.0706722067296505
[2025-01-16 04:20:15,976] INFO: Iter 20600 Summary: 
[2025-01-16 04:20:15,976] INFO: 	 lr: 0.00030000000000000073 	 Training loss: 0.07041763022542
[2025-01-16 04:20:28,581] INFO: Iter 20700 Summary: 
[2025-01-16 04:20:28,581] INFO: 	 lr: 0.00030000000000000073 	 Training loss: 0.07076862178742886
[2025-01-16 04:20:42,147] INFO: Iter 20800 Summary: 
[2025-01-16 04:20:42,147] INFO: 	 lr: 0.00030000000000000073 	 Training loss: 0.07076575137674808
[2025-01-16 04:20:55,851] INFO: Iter 20900 Summary: 
[2025-01-16 04:20:55,851] INFO: 	 lr: 0.00030000000000000073 	 Training loss: 0.07059415973722935
[2025-01-16 04:21:08,677] INFO: Iter 21000 Summary: 
[2025-01-16 04:21:08,678] INFO: 	 lr: 0.00030000000000000073 	 Training loss: 0.07052740529179573
[2025-01-16 04:21:22,361] INFO: Iter 21100 Summary: 
[2025-01-16 04:21:22,361] INFO: 	 lr: 0.00030000000000000073 	 Training loss: 0.07052644178271293
[2025-01-16 04:21:35,780] INFO: Iter 21200 Summary: 
[2025-01-16 04:21:35,780] INFO: 	 lr: 0.00030000000000000073 	 Training loss: 0.0702201971411705
[2025-01-16 04:21:49,036] INFO: Iter 21300 Summary: 
[2025-01-16 04:21:49,036] INFO: 	 lr: 0.00030000000000000073 	 Training loss: 0.07090510986745358
[2025-01-16 04:22:01,896] INFO: Iter 21400 Summary: 
[2025-01-16 04:22:01,896] INFO: 	 lr: 0.00030000000000000073 	 Training loss: 0.07044557705521584
[2025-01-16 04:22:13,998] INFO: Iter 21500 Summary: 
[2025-01-16 04:22:13,998] INFO: 	 lr: 0.00030000000000000073 	 Training loss: 0.07035873271524906
[2025-01-16 04:22:26,589] INFO: Iter 21600 Summary: 
[2025-01-16 04:22:26,589] INFO: 	 lr: 0.00030000000000000073 	 Training loss: 0.07033865578472615
[2025-01-16 04:22:40,997] INFO: Iter 21700 Summary: 
[2025-01-16 04:22:40,998] INFO: 	 lr: 0.00030000000000000073 	 Training loss: 0.07054781310260295
[2025-01-16 04:22:54,266] INFO: Iter 21800 Summary: 
[2025-01-16 04:22:54,266] INFO: 	 lr: 0.00030000000000000073 	 Training loss: 0.07052035607397557
[2025-01-16 04:23:06,821] INFO: Iter 21900 Summary: 
[2025-01-16 04:23:06,821] INFO: 	 lr: 0.00030000000000000073 	 Training loss: 0.06996579442173242
[2025-01-16 04:23:19,825] INFO: Iter 22000 Summary: 
[2025-01-16 04:23:19,825] INFO: 	 lr: 0.00030000000000000073 	 Training loss: 0.07024341717362403
[2025-01-16 04:23:35,089] INFO: Iter 22100 Summary: 
[2025-01-16 04:23:35,089] INFO: 	 lr: 0.00030000000000000073 	 Training loss: 0.07048773035407066
[2025-01-16 04:23:48,780] INFO: Iter 22200 Summary: 
[2025-01-16 04:23:48,780] INFO: 	 lr: 0.00030000000000000073 	 Training loss: 0.0700453244894743
[2025-01-16 04:24:01,523] INFO: Iter 22300 Summary: 
[2025-01-16 04:24:01,523] INFO: 	 lr: 0.00030000000000000073 	 Training loss: 0.07014429733157158
[2025-01-16 04:24:14,315] INFO: Iter 22400 Summary: 
[2025-01-16 04:24:14,315] INFO: 	 lr: 0.00030000000000000073 	 Training loss: 0.07034323394298553
[2025-01-16 04:24:28,062] INFO: Iter 22500 Summary: 
[2025-01-16 04:24:28,063] INFO: 	 lr: 0.00030000000000000073 	 Training loss: 0.0701718183606863
[2025-01-16 04:24:41,489] INFO: Iter 22600 Summary: 
[2025-01-16 04:24:41,489] INFO: 	 lr: 0.00030000000000000073 	 Training loss: 0.06994724318385125
[2025-01-16 04:24:53,847] INFO: Iter 22700 Summary: 
[2025-01-16 04:24:53,854] INFO: 	 lr: 0.00030000000000000073 	 Training loss: 0.07012468211352825
[2025-01-16 04:25:07,813] INFO: Iter 22800 Summary: 
[2025-01-16 04:25:07,813] INFO: 	 lr: 0.00030000000000000073 	 Training loss: 0.07001306392252445
[2025-01-16 04:25:21,094] INFO: Iter 22900 Summary: 
[2025-01-16 04:25:21,094] INFO: 	 lr: 0.00030000000000000073 	 Training loss: 0.07029305920004844
[2025-01-16 04:25:33,447] INFO: Iter 23000 Summary: 
[2025-01-16 04:25:33,447] INFO: 	 lr: 0.00030000000000000073 	 Training loss: 0.07041364960372448
[2025-01-16 04:25:46,843] INFO: Iter 23100 Summary: 
[2025-01-16 04:25:46,844] INFO: 	 lr: 0.00030000000000000073 	 Training loss: 0.07040912680327892
[2025-01-16 04:26:00,355] INFO: Iter 23200 Summary: 
[2025-01-16 04:26:00,355] INFO: 	 lr: 0.00030000000000000073 	 Training loss: 0.07010769091546536
[2025-01-16 04:26:13,861] INFO: Iter 23300 Summary: 
[2025-01-16 04:26:13,861] INFO: 	 lr: 0.00030000000000000073 	 Training loss: 0.0702411312609911
[2025-01-16 04:26:26,375] INFO: Iter 23400 Summary: 
[2025-01-16 04:26:26,376] INFO: 	 lr: 0.00030000000000000073 	 Training loss: 0.0697190821170807
[2025-01-16 04:26:38,634] INFO: Iter 23500 Summary: 
[2025-01-16 04:26:38,634] INFO: 	 lr: 0.00030000000000000073 	 Training loss: 0.06950104027986527
[2025-01-16 04:26:52,196] INFO: Iter 23600 Summary: 
[2025-01-16 04:26:52,196] INFO: 	 lr: 0.00030000000000000073 	 Training loss: 0.07031532883644104
[2025-01-16 04:27:04,959] INFO: Iter 23700 Summary: 
[2025-01-16 04:27:04,960] INFO: 	 lr: 0.00030000000000000073 	 Training loss: 0.06963168747723103
[2025-01-16 04:27:19,543] INFO: Iter 23800 Summary: 
[2025-01-16 04:27:19,543] INFO: 	 lr: 0.00030000000000000073 	 Training loss: 0.07027759924530982
[2025-01-16 04:27:30,621] INFO: Iter 23900 Summary: 
[2025-01-16 04:27:30,621] INFO: 	 lr: 0.00030000000000000073 	 Training loss: 0.0700571995973587
[2025-01-16 04:27:44,215] INFO: Iter 24000 Summary: 
[2025-01-16 04:27:44,215] INFO: 	 lr: 0.00030000000000000073 	 Training loss: 0.07001486115157604
[2025-01-16 04:28:00,097] INFO: Iter 24100 Summary: 
[2025-01-16 04:28:00,097] INFO: 	 lr: 0.00030000000000000073 	 Training loss: 0.06968736596405506
[2025-01-16 04:28:12,720] INFO: Iter 24200 Summary: 
[2025-01-16 04:28:12,720] INFO: 	 lr: 0.00030000000000000073 	 Training loss: 0.06957933090627194
[2025-01-16 04:28:24,009] INFO: Iter 24300 Summary: 
[2025-01-16 04:28:24,010] INFO: 	 lr: 0.00030000000000000073 	 Training loss: 0.07007184676826
[2025-01-16 04:28:36,277] INFO: Iter 24400 Summary: 
[2025-01-16 04:28:36,277] INFO: 	 lr: 0.00030000000000000073 	 Training loss: 0.06971093870699406
[2025-01-16 04:28:51,202] INFO: Iter 24500 Summary: 
[2025-01-16 04:28:51,203] INFO: 	 lr: 0.00030000000000000073 	 Training loss: 0.0702315977960825
[2025-01-16 04:29:04,359] INFO: Iter 24600 Summary: 
[2025-01-16 04:29:04,360] INFO: 	 lr: 0.00030000000000000073 	 Training loss: 0.07022491432726383
[2025-01-16 04:29:15,808] INFO: Iter 24700 Summary: 
[2025-01-16 04:29:15,809] INFO: 	 lr: 0.00030000000000000073 	 Training loss: 0.06969933725893497
[2025-01-16 04:29:28,240] INFO: Iter 24800 Summary: 
[2025-01-16 04:29:28,240] INFO: 	 lr: 0.00030000000000000073 	 Training loss: 0.06932560756802558
[2025-01-16 04:29:40,849] INFO: Iter 24900 Summary: 
[2025-01-16 04:29:40,849] INFO: 	 lr: 0.00030000000000000073 	 Training loss: 0.06976833365857601
[2025-01-16 04:29:55,440] INFO: Iter 25000 Summary: 
[2025-01-16 04:29:55,441] INFO: 	 lr: 0.00030000000000000073 	 Training loss: 0.06983990758657456
[2025-01-16 04:30:08,864] INFO: Iter 25100 Summary: 
[2025-01-16 04:30:08,864] INFO: 	 lr: 0.00030000000000000073 	 Training loss: 0.06999723672866821
[2025-01-16 04:30:20,925] INFO: Iter 25200 Summary: 
[2025-01-16 04:30:20,926] INFO: 	 lr: 0.00030000000000000073 	 Training loss: 0.06951898768544197
[2025-01-16 04:30:32,594] INFO: Iter 25300 Summary: 
[2025-01-16 04:30:32,595] INFO: 	 lr: 0.00030000000000000073 	 Training loss: 0.06951356485486031
[2025-01-16 04:30:44,400] INFO: Iter 25400 Summary: 
[2025-01-16 04:30:44,400] INFO: 	 lr: 0.00030000000000000073 	 Training loss: 0.069909498244524
[2025-01-16 04:30:56,254] INFO: Iter 25500 Summary: 
[2025-01-16 04:30:56,254] INFO: 	 lr: 0.00030000000000000073 	 Training loss: 0.06983481861650943
[2025-01-16 04:31:08,109] INFO: Iter 25600 Summary: 
[2025-01-16 04:31:08,110] INFO: 	 lr: 0.00030000000000000073 	 Training loss: 0.06940813854336739
[2025-01-16 04:31:20,002] INFO: Iter 25700 Summary: 
[2025-01-16 04:31:20,002] INFO: 	 lr: 0.00030000000000000073 	 Training loss: 0.06965011730790138
[2025-01-16 04:31:33,329] INFO: Iter 25800 Summary: 
[2025-01-16 04:31:33,329] INFO: 	 lr: 0.00030000000000000073 	 Training loss: 0.06960894949734212
[2025-01-16 04:31:47,515] INFO: Iter 25900 Summary: 
[2025-01-16 04:31:47,515] INFO: 	 lr: 0.00030000000000000073 	 Training loss: 0.06984238043427467
[2025-01-16 04:32:00,743] INFO: Iter 26000 Summary: 
[2025-01-16 04:32:00,744] INFO: 	 lr: 0.00030000000000000073 	 Training loss: 0.06903873719274997
[2025-01-16 04:32:16,400] INFO: Iter 26100 Summary: 
[2025-01-16 04:32:16,400] INFO: 	 lr: 0.00030000000000000073 	 Training loss: 0.07014457538723945
[2025-01-16 04:32:29,601] INFO: Iter 26200 Summary: 
[2025-01-16 04:32:29,601] INFO: 	 lr: 0.00030000000000000073 	 Training loss: 0.0692801083624363
[2025-01-16 04:32:43,151] INFO: Iter 26300 Summary: 
[2025-01-16 04:32:43,152] INFO: 	 lr: 0.00030000000000000073 	 Training loss: 0.06981289573013783
[2025-01-16 04:32:55,697] INFO: Iter 26400 Summary: 
[2025-01-16 04:32:55,697] INFO: 	 lr: 0.00030000000000000073 	 Training loss: 0.06910682275891304
[2025-01-16 04:33:07,317] INFO: Iter 26500 Summary: 
[2025-01-16 04:33:07,317] INFO: 	 lr: 0.00030000000000000073 	 Training loss: 0.06942811720073223
[2025-01-16 04:33:21,018] INFO: Iter 26600 Summary: 
[2025-01-16 04:33:21,019] INFO: 	 lr: 0.00030000000000000073 	 Training loss: 0.0692503359913826
[2025-01-16 04:33:32,352] INFO: Iter 26700 Summary: 
[2025-01-16 04:33:32,352] INFO: 	 lr: 0.00030000000000000073 	 Training loss: 0.06919921785593033
[2025-01-16 04:33:46,917] INFO: Iter 26800 Summary: 
[2025-01-16 04:33:46,917] INFO: 	 lr: 0.00030000000000000073 	 Training loss: 0.06961378082633018
[2025-01-16 04:34:00,031] INFO: Iter 26900 Summary: 
[2025-01-16 04:34:00,031] INFO: 	 lr: 0.00030000000000000073 	 Training loss: 0.06916923094540835
[2025-01-16 04:34:13,472] INFO: Iter 27000 Summary: 
[2025-01-16 04:34:13,473] INFO: 	 lr: 0.00030000000000000073 	 Training loss: 0.06914557166397571
[2025-01-16 04:34:27,034] INFO: Iter 27100 Summary: 
[2025-01-16 04:34:27,035] INFO: 	 lr: 0.00030000000000000073 	 Training loss: 0.06894467361271381
[2025-01-16 04:34:41,864] INFO: Iter 27200 Summary: 
[2025-01-16 04:34:41,865] INFO: 	 lr: 0.00030000000000000073 	 Training loss: 0.06957032315433026
[2025-01-16 04:34:54,548] INFO: Iter 27300 Summary: 
[2025-01-16 04:34:54,549] INFO: 	 lr: 0.00030000000000000073 	 Training loss: 0.06919559203088284
[2025-01-16 04:35:09,187] INFO: Iter 27400 Summary: 
[2025-01-16 04:35:09,187] INFO: 	 lr: 0.00030000000000000073 	 Training loss: 0.06947702392935753
[2025-01-16 04:35:22,196] INFO: Iter 27500 Summary: 
[2025-01-16 04:35:22,196] INFO: 	 lr: 0.00030000000000000073 	 Training loss: 0.06924233116209506
[2025-01-16 04:35:34,538] INFO: Iter 27600 Summary: 
[2025-01-16 04:35:34,538] INFO: 	 lr: 0.00030000000000000073 	 Training loss: 0.06879083625972271
[2025-01-16 04:35:47,930] INFO: Iter 27700 Summary: 
[2025-01-16 04:35:47,930] INFO: 	 lr: 0.00030000000000000073 	 Training loss: 0.06922480218112469
[2025-01-16 04:35:59,722] INFO: Iter 27800 Summary: 
[2025-01-16 04:35:59,722] INFO: 	 lr: 0.00030000000000000073 	 Training loss: 0.0689059092849493
[2025-01-16 04:36:13,738] INFO: Iter 27900 Summary: 
[2025-01-16 04:36:13,739] INFO: 	 lr: 0.00030000000000000073 	 Training loss: 0.06914992906153201
[2025-01-16 04:36:26,281] INFO: Iter 28000 Summary: 
[2025-01-16 04:36:26,281] INFO: 	 lr: 0.00030000000000000073 	 Training loss: 0.06917699381709098
[2025-01-16 04:36:43,458] INFO: Iter 28100 Summary: 
[2025-01-16 04:36:43,458] INFO: 	 lr: 0.00030000000000000073 	 Training loss: 0.06922002039849758
[2025-01-16 04:36:56,730] INFO: Iter 28200 Summary: 
[2025-01-16 04:36:56,731] INFO: 	 lr: 0.00030000000000000073 	 Training loss: 0.06895476125180722
[2025-01-16 04:37:08,689] INFO: Iter 28300 Summary: 
[2025-01-16 04:37:08,689] INFO: 	 lr: 0.00030000000000000073 	 Training loss: 0.06908111788332462
[2025-01-16 04:37:22,030] INFO: Iter 28400 Summary: 
[2025-01-16 04:37:22,031] INFO: 	 lr: 0.00030000000000000073 	 Training loss: 0.06912408597767353
[2025-01-16 04:37:35,129] INFO: Iter 28500 Summary: 
[2025-01-16 04:37:35,130] INFO: 	 lr: 0.00030000000000000073 	 Training loss: 0.06862005896866322
[2025-01-16 04:37:49,689] INFO: Iter 28600 Summary: 
[2025-01-16 04:37:49,690] INFO: 	 lr: 0.00030000000000000073 	 Training loss: 0.06853968299925327
[2025-01-16 04:38:02,576] INFO: Iter 28700 Summary: 
[2025-01-16 04:38:02,577] INFO: 	 lr: 0.00030000000000000073 	 Training loss: 0.06922815199941397
[2025-01-16 04:38:15,538] INFO: Iter 28800 Summary: 
[2025-01-16 04:38:15,539] INFO: 	 lr: 0.00030000000000000073 	 Training loss: 0.06887229174375534
[2025-01-16 04:38:27,697] INFO: Iter 28900 Summary: 
[2025-01-16 04:38:27,697] INFO: 	 lr: 0.00030000000000000073 	 Training loss: 0.06859864711761475
[2025-01-16 04:38:41,150] INFO: Iter 29000 Summary: 
[2025-01-16 04:38:41,150] INFO: 	 lr: 0.00030000000000000073 	 Training loss: 0.06954960078001023
[2025-01-16 04:38:53,442] INFO: Iter 29100 Summary: 
[2025-01-16 04:38:53,442] INFO: 	 lr: 0.00030000000000000073 	 Training loss: 0.06925846889615059
[2025-01-16 04:39:06,603] INFO: Iter 29200 Summary: 
[2025-01-16 04:39:06,603] INFO: 	 lr: 0.00030000000000000073 	 Training loss: 0.06921241588890553
[2025-01-16 04:39:21,143] INFO: Iter 29300 Summary: 
[2025-01-16 04:39:21,143] INFO: 	 lr: 0.00030000000000000073 	 Training loss: 0.06891037926077842
[2025-01-16 04:39:35,430] INFO: Iter 29400 Summary: 
[2025-01-16 04:39:35,430] INFO: 	 lr: 0.00030000000000000073 	 Training loss: 0.06886106334626675
[2025-01-16 04:39:48,998] INFO: Iter 29500 Summary: 
[2025-01-16 04:39:48,998] INFO: 	 lr: 0.00030000000000000073 	 Training loss: 0.0690184635668993
[2025-01-16 04:40:02,883] INFO: Iter 29600 Summary: 
[2025-01-16 04:40:02,883] INFO: 	 lr: 0.00030000000000000073 	 Training loss: 0.06910610523074866
[2025-01-16 04:40:15,380] INFO: Iter 29700 Summary: 
[2025-01-16 04:40:15,380] INFO: 	 lr: 0.00030000000000000073 	 Training loss: 0.06874012902379036
[2025-01-16 04:40:28,440] INFO: Iter 29800 Summary: 
[2025-01-16 04:40:28,440] INFO: 	 lr: 0.00030000000000000073 	 Training loss: 0.06900137968361378
[2025-01-16 04:40:42,829] INFO: Iter 29900 Summary: 
[2025-01-16 04:40:42,830] INFO: 	 lr: 0.00030000000000000073 	 Training loss: 0.06958502866327762
[2025-01-16 04:40:56,483] INFO: Iter 30000 Summary: 
[2025-01-16 04:40:56,483] INFO: 	 lr: 0.00030000000000000073 	 Training loss: 0.06880887255072593
[2025-01-16 04:41:09,467] INFO: Iter 30100 Summary: 
[2025-01-16 04:41:09,468] INFO: 	 lr: 1.2900000000000026e-05 	 Training loss: 0.06715507946908474
[2025-01-16 04:41:21,678] INFO: Iter 30200 Summary: 
[2025-01-16 04:41:21,678] INFO: 	 lr: 1.000000000000002e-05 	 Training loss: 0.06667018108069897
[2025-01-16 04:41:34,990] INFO: Iter 30300 Summary: 
[2025-01-16 04:41:34,990] INFO: 	 lr: 1.000000000000002e-05 	 Training loss: 0.06628472689539194
[2025-01-16 04:41:47,960] INFO: Iter 30400 Summary: 
[2025-01-16 04:41:47,960] INFO: 	 lr: 1.000000000000002e-05 	 Training loss: 0.0666319964081049
[2025-01-16 04:41:59,579] INFO: Iter 30500 Summary: 
[2025-01-16 04:41:59,579] INFO: 	 lr: 1.000000000000002e-05 	 Training loss: 0.06617416694760322
[2025-01-16 04:42:13,804] INFO: Iter 30600 Summary: 
[2025-01-16 04:42:13,805] INFO: 	 lr: 1.000000000000002e-05 	 Training loss: 0.06664360266178847
[2025-01-16 04:42:26,362] INFO: Iter 30700 Summary: 
[2025-01-16 04:42:26,363] INFO: 	 lr: 1.000000000000002e-05 	 Training loss: 0.06566613867878913
[2025-01-16 04:42:39,591] INFO: Iter 30800 Summary: 
[2025-01-16 04:42:39,592] INFO: 	 lr: 1.000000000000002e-05 	 Training loss: 0.06574651435017585
[2025-01-16 04:42:51,101] INFO: Iter 30900 Summary: 
[2025-01-16 04:42:51,101] INFO: 	 lr: 1.000000000000002e-05 	 Training loss: 0.06547899816185236
[2025-01-16 04:43:02,480] INFO: Iter 31000 Summary: 
[2025-01-16 04:43:02,480] INFO: 	 lr: 1.000000000000002e-05 	 Training loss: 0.06564811062067748
[2025-01-16 04:43:13,850] INFO: Iter 31100 Summary: 
[2025-01-16 04:43:13,850] INFO: 	 lr: 1.000000000000002e-05 	 Training loss: 0.06593423899263144
[2025-01-16 04:43:27,124] INFO: Iter 31200 Summary: 
[2025-01-16 04:43:27,124] INFO: 	 lr: 1.000000000000002e-05 	 Training loss: 0.06583508439362049
[2025-01-16 04:43:40,660] INFO: Iter 31300 Summary: 
[2025-01-16 04:43:40,660] INFO: 	 lr: 1.000000000000002e-05 	 Training loss: 0.06522913753986359
[2025-01-16 04:43:53,481] INFO: Iter 31400 Summary: 
[2025-01-16 04:43:53,481] INFO: 	 lr: 1.000000000000002e-05 	 Training loss: 0.06578067157417536
[2025-01-16 04:44:04,451] INFO: Iter 31500 Summary: 
[2025-01-16 04:44:04,451] INFO: 	 lr: 1.000000000000002e-05 	 Training loss: 0.06534938551485539
[2025-01-16 04:44:17,094] INFO: Iter 31600 Summary: 
[2025-01-16 04:44:17,094] INFO: 	 lr: 1.000000000000002e-05 	 Training loss: 0.06543171122670173
[2025-01-16 04:44:29,344] INFO: Iter 31700 Summary: 
[2025-01-16 04:44:29,345] INFO: 	 lr: 1.000000000000002e-05 	 Training loss: 0.0654531254246831
[2025-01-16 04:44:43,117] INFO: Iter 31800 Summary: 
[2025-01-16 04:44:43,117] INFO: 	 lr: 1.000000000000002e-05 	 Training loss: 0.06571694012731313
[2025-01-16 04:44:57,247] INFO: Iter 31900 Summary: 
[2025-01-16 04:44:57,248] INFO: 	 lr: 1.000000000000002e-05 	 Training loss: 0.06574687872081995
[2025-01-16 04:45:12,272] INFO: Iter 32000 Summary: 
[2025-01-16 04:45:12,273] INFO: 	 lr: 1.000000000000002e-05 	 Training loss: 0.06541631564497948
[2025-01-16 04:45:26,748] INFO: Iter 32100 Summary: 
[2025-01-16 04:45:26,748] INFO: 	 lr: 1.000000000000002e-05 	 Training loss: 0.06556553184986115
[2025-01-16 04:45:40,654] INFO: Iter 32200 Summary: 
[2025-01-16 04:45:40,654] INFO: 	 lr: 1.000000000000002e-05 	 Training loss: 0.06556818082928657
[2025-01-16 04:45:53,192] INFO: Iter 32300 Summary: 
[2025-01-16 04:45:53,193] INFO: 	 lr: 1.000000000000002e-05 	 Training loss: 0.06543922413140535
[2025-01-16 04:46:06,522] INFO: Iter 32400 Summary: 
[2025-01-16 04:46:06,522] INFO: 	 lr: 1.000000000000002e-05 	 Training loss: 0.06537924341857433
[2025-01-16 04:46:19,768] INFO: Iter 32500 Summary: 
[2025-01-16 04:46:19,768] INFO: 	 lr: 1.000000000000002e-05 	 Training loss: 0.06507718212902545
[2025-01-16 04:46:34,030] INFO: Iter 32600 Summary: 
[2025-01-16 04:46:34,031] INFO: 	 lr: 1.000000000000002e-05 	 Training loss: 0.06531600881367922
[2025-01-16 04:46:46,065] INFO: Iter 32700 Summary: 
[2025-01-16 04:46:46,065] INFO: 	 lr: 1.000000000000002e-05 	 Training loss: 0.06549974694848061
[2025-01-16 04:46:59,864] INFO: Iter 32800 Summary: 
[2025-01-16 04:46:59,865] INFO: 	 lr: 1.000000000000002e-05 	 Training loss: 0.06508977483958006
[2025-01-16 04:47:11,798] INFO: Iter 32900 Summary: 
[2025-01-16 04:47:11,798] INFO: 	 lr: 1.000000000000002e-05 	 Training loss: 0.0651896370574832
[2025-01-16 04:47:25,550] INFO: Iter 33000 Summary: 
[2025-01-16 04:47:25,551] INFO: 	 lr: 1.000000000000002e-05 	 Training loss: 0.06484794113785028
[2025-01-16 04:47:38,176] INFO: Iter 33100 Summary: 
[2025-01-16 04:47:38,176] INFO: 	 lr: 1.000000000000002e-05 	 Training loss: 0.06554446183145046
[2025-01-16 04:47:50,281] INFO: Iter 33200 Summary: 
[2025-01-16 04:47:50,281] INFO: 	 lr: 1.000000000000002e-05 	 Training loss: 0.06547240514308214
[2025-01-16 04:48:03,573] INFO: Iter 33300 Summary: 
[2025-01-16 04:48:03,573] INFO: 	 lr: 1.000000000000002e-05 	 Training loss: 0.06517257250845432
[2025-01-16 04:48:14,748] INFO: Iter 33400 Summary: 
[2025-01-16 04:48:14,749] INFO: 	 lr: 1.000000000000002e-05 	 Training loss: 0.06488767243921757
[2025-01-16 04:48:27,378] INFO: Iter 33500 Summary: 
[2025-01-16 04:48:27,379] INFO: 	 lr: 1.000000000000002e-05 	 Training loss: 0.06516934223473073
[2025-01-16 04:48:39,685] INFO: Iter 33600 Summary: 
[2025-01-16 04:48:39,685] INFO: 	 lr: 1.000000000000002e-05 	 Training loss: 0.06484603419899941
[2025-01-16 04:48:53,297] INFO: Iter 33700 Summary: 
[2025-01-16 04:48:53,298] INFO: 	 lr: 1.000000000000002e-05 	 Training loss: 0.06530236296355724
[2025-01-16 04:49:05,420] INFO: Iter 33800 Summary: 
[2025-01-16 04:49:05,421] INFO: 	 lr: 1.000000000000002e-05 	 Training loss: 0.06517423622310162
[2025-01-16 04:49:19,395] INFO: Iter 33900 Summary: 
[2025-01-16 04:49:19,395] INFO: 	 lr: 1.000000000000002e-05 	 Training loss: 0.06537482615560293
[2025-01-16 04:49:33,824] INFO: Iter 34000 Summary: 
[2025-01-16 04:49:33,824] INFO: 	 lr: 1.000000000000002e-05 	 Training loss: 0.0652846584841609
[2025-01-16 04:49:49,980] INFO: Iter 34100 Summary: 
[2025-01-16 04:49:49,980] INFO: 	 lr: 1.000000000000002e-05 	 Training loss: 0.06498800806701183
[2025-01-16 04:50:03,591] INFO: Iter 34200 Summary: 
[2025-01-16 04:50:03,592] INFO: 	 lr: 1.000000000000002e-05 	 Training loss: 0.06495716169476509
[2025-01-16 04:50:16,616] INFO: Iter 34300 Summary: 
[2025-01-16 04:50:16,616] INFO: 	 lr: 1.000000000000002e-05 	 Training loss: 0.06516563694924116
[2025-01-16 04:50:29,210] INFO: Iter 34400 Summary: 
[2025-01-16 04:50:29,210] INFO: 	 lr: 1.000000000000002e-05 	 Training loss: 0.06523854911327362
[2025-01-16 04:50:42,320] INFO: Iter 34500 Summary: 
[2025-01-16 04:50:42,321] INFO: 	 lr: 1.000000000000002e-05 	 Training loss: 0.0652146127820015
[2025-01-16 04:50:54,889] INFO: Iter 34600 Summary: 
[2025-01-16 04:50:54,889] INFO: 	 lr: 1.000000000000002e-05 	 Training loss: 0.06483478385955095
[2025-01-16 04:51:09,066] INFO: Iter 34700 Summary: 
[2025-01-16 04:51:09,067] INFO: 	 lr: 1.000000000000002e-05 	 Training loss: 0.06451004832983016
[2025-01-16 04:51:23,283] INFO: Iter 34800 Summary: 
[2025-01-16 04:51:23,284] INFO: 	 lr: 1.000000000000002e-05 	 Training loss: 0.0646924801543355
[2025-01-16 04:51:35,375] INFO: Iter 34900 Summary: 
[2025-01-16 04:51:35,375] INFO: 	 lr: 1.000000000000002e-05 	 Training loss: 0.06494656644761562
[2025-01-16 04:51:47,632] INFO: Iter 35000 Summary: 
[2025-01-16 04:51:47,632] INFO: 	 lr: 1.000000000000002e-05 	 Training loss: 0.06484095737338066
[2025-01-16 04:52:00,229] INFO: Iter 35100 Summary: 
[2025-01-16 04:52:00,229] INFO: 	 lr: 1.000000000000002e-05 	 Training loss: 0.06515294823795557
[2025-01-16 04:52:12,730] INFO: Iter 35200 Summary: 
[2025-01-16 04:52:12,730] INFO: 	 lr: 1.000000000000002e-05 	 Training loss: 0.0652493891119957
[2025-01-16 04:52:25,185] INFO: Iter 35300 Summary: 
[2025-01-16 04:52:25,186] INFO: 	 lr: 1.000000000000002e-05 	 Training loss: 0.06502515997737646
[2025-01-16 04:52:37,293] INFO: Iter 35400 Summary: 
[2025-01-16 04:52:37,293] INFO: 	 lr: 1.000000000000002e-05 	 Training loss: 0.06536193016916514
[2025-01-16 04:52:48,938] INFO: Iter 35500 Summary: 
[2025-01-16 04:52:48,938] INFO: 	 lr: 1.000000000000002e-05 	 Training loss: 0.06467323943972587
[2025-01-16 04:53:01,578] INFO: Iter 35600 Summary: 
[2025-01-16 04:53:01,578] INFO: 	 lr: 1.000000000000002e-05 	 Training loss: 0.06489446338266135
[2025-01-16 04:53:14,320] INFO: Iter 35700 Summary: 
[2025-01-16 04:53:14,320] INFO: 	 lr: 1.000000000000002e-05 	 Training loss: 0.06485770273953677
[2025-01-16 04:53:27,293] INFO: Iter 35800 Summary: 
[2025-01-16 04:53:27,293] INFO: 	 lr: 1.000000000000002e-05 	 Training loss: 0.06474501419812441
[2025-01-16 04:53:39,430] INFO: Iter 35900 Summary: 
[2025-01-16 04:53:39,430] INFO: 	 lr: 1.000000000000002e-05 	 Training loss: 0.06475344907492399
[2025-01-16 04:53:52,649] INFO: Iter 36000 Summary: 
[2025-01-16 04:53:52,649] INFO: 	 lr: 1.000000000000002e-05 	 Training loss: 0.0647893487289548
[2025-01-16 04:54:09,311] INFO: Iter 36100 Summary: 
[2025-01-16 04:54:09,312] INFO: 	 lr: 1.000000000000002e-05 	 Training loss: 0.06447382699698209
[2025-01-16 04:54:23,733] INFO: Iter 36200 Summary: 
[2025-01-16 04:54:23,733] INFO: 	 lr: 1.000000000000002e-05 	 Training loss: 0.06536322820931673
[2025-01-16 04:54:36,195] INFO: Iter 36300 Summary: 
[2025-01-16 04:54:36,195] INFO: 	 lr: 1.000000000000002e-05 	 Training loss: 0.06494077906012535
[2025-01-16 04:54:49,149] INFO: Iter 36400 Summary: 
[2025-01-16 04:54:49,149] INFO: 	 lr: 1.000000000000002e-05 	 Training loss: 0.06484281808137894
[2025-01-16 04:55:01,742] INFO: Iter 36500 Summary: 
[2025-01-16 04:55:01,742] INFO: 	 lr: 1.000000000000002e-05 	 Training loss: 0.06503720667213202
[2025-01-16 04:55:15,910] INFO: Iter 36600 Summary: 
[2025-01-16 04:55:15,910] INFO: 	 lr: 1.000000000000002e-05 	 Training loss: 0.06431083492934704
[2025-01-16 04:55:30,392] INFO: Iter 36700 Summary: 
[2025-01-16 04:55:30,393] INFO: 	 lr: 1.000000000000002e-05 	 Training loss: 0.06465622629970312
[2025-01-16 04:55:43,812] INFO: Iter 36800 Summary: 
[2025-01-16 04:55:43,812] INFO: 	 lr: 1.000000000000002e-05 	 Training loss: 0.06483658332377672
[2025-01-16 04:55:57,190] INFO: Iter 36900 Summary: 
[2025-01-16 04:55:57,190] INFO: 	 lr: 1.000000000000002e-05 	 Training loss: 0.0647560178115964
[2025-01-16 04:56:11,133] INFO: Iter 37000 Summary: 
[2025-01-16 04:56:11,134] INFO: 	 lr: 1.000000000000002e-05 	 Training loss: 0.06498744018375874
[2025-01-16 04:56:23,244] INFO: Iter 37100 Summary: 
[2025-01-16 04:56:23,245] INFO: 	 lr: 1.000000000000002e-05 	 Training loss: 0.06471233010292053
[2025-01-16 04:56:36,203] INFO: Iter 37200 Summary: 
[2025-01-16 04:56:36,203] INFO: 	 lr: 1.000000000000002e-05 	 Training loss: 0.06483395479619503
[2025-01-16 04:56:48,467] INFO: Iter 37300 Summary: 
[2025-01-16 04:56:48,468] INFO: 	 lr: 1.000000000000002e-05 	 Training loss: 0.06467846624553203
[2025-01-16 04:57:01,458] INFO: Iter 37400 Summary: 
[2025-01-16 04:57:01,459] INFO: 	 lr: 1.000000000000002e-05 	 Training loss: 0.0643969326466322
[2025-01-16 04:57:14,219] INFO: Iter 37500 Summary: 
[2025-01-16 04:57:14,220] INFO: 	 lr: 1.000000000000002e-05 	 Training loss: 0.06539265286177397
[2025-01-16 04:57:27,436] INFO: Iter 37600 Summary: 
[2025-01-16 04:57:27,436] INFO: 	 lr: 1.000000000000002e-05 	 Training loss: 0.06432738337665796
[2025-01-16 04:57:40,086] INFO: Iter 37700 Summary: 
[2025-01-16 04:57:40,086] INFO: 	 lr: 1.000000000000002e-05 	 Training loss: 0.06471916686743498
[2025-01-16 04:57:51,897] INFO: Iter 37800 Summary: 
[2025-01-16 04:57:51,897] INFO: 	 lr: 1.000000000000002e-05 	 Training loss: 0.06479433607310056
[2025-01-16 04:58:06,698] INFO: Iter 37900 Summary: 
[2025-01-16 04:58:06,698] INFO: 	 lr: 1.000000000000002e-05 	 Training loss: 0.06424615237861872
[2025-01-16 04:58:21,018] INFO: Iter 38000 Summary: 
[2025-01-16 04:58:21,018] INFO: 	 lr: 1.000000000000002e-05 	 Training loss: 0.06446041595190763
[2025-01-16 04:58:36,228] INFO: Iter 38100 Summary: 
[2025-01-16 04:58:36,229] INFO: 	 lr: 1.000000000000002e-05 	 Training loss: 0.06440204255282879
[2025-01-16 04:58:47,845] INFO: Iter 38200 Summary: 
[2025-01-16 04:58:47,845] INFO: 	 lr: 1.000000000000002e-05 	 Training loss: 0.06465943537652492
[2025-01-16 04:58:59,747] INFO: Iter 38300 Summary: 
[2025-01-16 04:58:59,747] INFO: 	 lr: 1.000000000000002e-05 	 Training loss: 0.06458202823996544
[2025-01-16 04:59:12,920] INFO: Iter 38400 Summary: 
[2025-01-16 04:59:12,920] INFO: 	 lr: 1.000000000000002e-05 	 Training loss: 0.06434022344648838
[2025-01-16 04:59:26,511] INFO: Iter 38500 Summary: 
[2025-01-16 04:59:26,511] INFO: 	 lr: 1.000000000000002e-05 	 Training loss: 0.0647314503416419
[2025-01-16 04:59:39,893] INFO: Iter 38600 Summary: 
[2025-01-16 04:59:39,893] INFO: 	 lr: 1.000000000000002e-05 	 Training loss: 0.06458269100636244
[2025-01-16 04:59:52,653] INFO: Iter 38700 Summary: 
[2025-01-16 04:59:52,653] INFO: 	 lr: 1.000000000000002e-05 	 Training loss: 0.06506166402250528
[2025-01-16 05:00:06,026] INFO: Iter 38800 Summary: 
[2025-01-16 05:00:06,027] INFO: 	 lr: 1.000000000000002e-05 	 Training loss: 0.06422329809516668
[2025-01-16 05:00:19,962] INFO: Iter 38900 Summary: 
[2025-01-16 05:00:19,962] INFO: 	 lr: 1.000000000000002e-05 	 Training loss: 0.06464554157108068
[2025-01-16 05:00:32,242] INFO: Iter 39000 Summary: 
[2025-01-16 05:00:32,242] INFO: 	 lr: 1.000000000000002e-05 	 Training loss: 0.06515144623816013
[2025-01-16 05:00:45,336] INFO: Iter 39100 Summary: 
[2025-01-16 05:00:45,337] INFO: 	 lr: 1.000000000000002e-05 	 Training loss: 0.06468025073409081
[2025-01-16 05:00:58,516] INFO: Iter 39200 Summary: 
[2025-01-16 05:00:58,516] INFO: 	 lr: 1.000000000000002e-05 	 Training loss: 0.06458691522479057
[2025-01-16 05:01:11,292] INFO: Iter 39300 Summary: 
[2025-01-16 05:01:11,292] INFO: 	 lr: 1.000000000000002e-05 	 Training loss: 0.06470954604446888
[2025-01-16 05:01:25,797] INFO: Iter 39400 Summary: 
[2025-01-16 05:01:25,798] INFO: 	 lr: 1.000000000000002e-05 	 Training loss: 0.06421276316046715
[2025-01-16 05:01:39,074] INFO: Iter 39500 Summary: 
[2025-01-16 05:01:39,075] INFO: 	 lr: 1.000000000000002e-05 	 Training loss: 0.06426234614104033
[2025-01-16 05:01:51,945] INFO: Iter 39600 Summary: 
[2025-01-16 05:01:51,945] INFO: 	 lr: 1.000000000000002e-05 	 Training loss: 0.06462091255933046
[2025-01-16 05:02:04,474] INFO: Iter 39700 Summary: 
[2025-01-16 05:02:04,474] INFO: 	 lr: 1.000000000000002e-05 	 Training loss: 0.06471460051834584
[2025-01-16 05:02:18,358] INFO: Iter 39800 Summary: 
[2025-01-16 05:02:18,358] INFO: 	 lr: 1.000000000000002e-05 	 Training loss: 0.06474397942423821
[2025-01-16 05:02:31,707] INFO: Iter 39900 Summary: 
[2025-01-16 05:02:31,708] INFO: 	 lr: 1.000000000000002e-05 	 Training loss: 0.06425803869962693
[2025-01-16 05:02:45,509] INFO: Iter 40000 Summary: 
[2025-01-16 05:02:45,509] INFO: 	 lr: 1.000000000000002e-05 	 Training loss: 0.06477699607610703
[2025-01-16 05:03:01,414] INFO: Iter 40100 Summary: 
[2025-01-16 05:03:01,415] INFO: 	 lr: 1.000000000000002e-05 	 Training loss: 0.06476795461028814
[2025-01-16 05:03:14,753] INFO: Iter 40200 Summary: 
[2025-01-16 05:03:14,753] INFO: 	 lr: 1.000000000000002e-05 	 Training loss: 0.0649280495941639
[2025-01-16 05:03:27,798] INFO: Iter 40300 Summary: 
[2025-01-16 05:03:27,798] INFO: 	 lr: 1.000000000000002e-05 	 Training loss: 0.06446450665593147
[2025-01-16 05:03:41,090] INFO: Iter 40400 Summary: 
[2025-01-16 05:03:41,090] INFO: 	 lr: 1.000000000000002e-05 	 Training loss: 0.0641832797601819
[2025-01-16 05:03:53,213] INFO: Iter 40500 Summary: 
[2025-01-16 05:03:53,214] INFO: 	 lr: 1.000000000000002e-05 	 Training loss: 0.06474083330482244
[2025-01-16 05:04:06,481] INFO: Iter 40600 Summary: 
[2025-01-16 05:04:06,481] INFO: 	 lr: 1.000000000000002e-05 	 Training loss: 0.06451989684253931
[2025-01-16 05:04:20,076] INFO: Iter 40700 Summary: 
[2025-01-16 05:04:20,076] INFO: 	 lr: 1.000000000000002e-05 	 Training loss: 0.0644870487973094
[2025-01-16 05:04:33,674] INFO: Iter 40800 Summary: 
[2025-01-16 05:04:33,674] INFO: 	 lr: 1.000000000000002e-05 	 Training loss: 0.06437921460717916
[2025-01-16 05:04:47,864] INFO: Iter 40900 Summary: 
[2025-01-16 05:04:47,865] INFO: 	 lr: 1.000000000000002e-05 	 Training loss: 0.0640736762061715
[2025-01-16 05:05:01,235] INFO: Iter 41000 Summary: 
[2025-01-16 05:05:01,235] INFO: 	 lr: 1.000000000000002e-05 	 Training loss: 0.06460159745067358
[2025-01-16 05:05:15,555] INFO: Iter 41100 Summary: 
[2025-01-16 05:05:15,555] INFO: 	 lr: 1.000000000000002e-05 	 Training loss: 0.06423364505171776
[2025-01-16 05:05:29,006] INFO: Iter 41200 Summary: 
[2025-01-16 05:05:29,006] INFO: 	 lr: 1.000000000000002e-05 	 Training loss: 0.06507541257888079
[2025-01-16 05:05:42,477] INFO: Iter 41300 Summary: 
[2025-01-16 05:05:42,477] INFO: 	 lr: 1.000000000000002e-05 	 Training loss: 0.06448222786188125
[2025-01-16 05:05:54,912] INFO: Iter 41400 Summary: 
[2025-01-16 05:05:54,912] INFO: 	 lr: 1.000000000000002e-05 	 Training loss: 0.06435661885887384
[2025-01-16 05:06:08,266] INFO: Iter 41500 Summary: 
[2025-01-16 05:06:08,267] INFO: 	 lr: 1.000000000000002e-05 	 Training loss: 0.06435219064354897
[2025-01-16 05:06:21,249] INFO: Iter 41600 Summary: 
[2025-01-16 05:06:21,249] INFO: 	 lr: 1.000000000000002e-05 	 Training loss: 0.06397654805332423
[2025-01-16 05:06:34,959] INFO: Iter 41700 Summary: 
[2025-01-16 05:06:34,959] INFO: 	 lr: 1.000000000000002e-05 	 Training loss: 0.06427513048052788
[2025-01-16 05:06:48,231] INFO: Iter 41800 Summary: 
[2025-01-16 05:06:48,231] INFO: 	 lr: 1.000000000000002e-05 	 Training loss: 0.06470129255205392
[2025-01-16 05:07:00,738] INFO: Iter 41900 Summary: 
[2025-01-16 05:07:00,738] INFO: 	 lr: 1.000000000000002e-05 	 Training loss: 0.06443322643637657
[2025-01-16 05:07:13,675] INFO: Iter 42000 Summary: 
[2025-01-16 05:07:13,675] INFO: 	 lr: 1.000000000000002e-05 	 Training loss: 0.0643932269141078
[2025-01-16 05:07:28,746] INFO: Iter 42100 Summary: 
[2025-01-16 05:07:28,747] INFO: 	 lr: 1.000000000000002e-05 	 Training loss: 0.06414279013872147
[2025-01-16 05:07:41,914] INFO: Iter 42200 Summary: 
[2025-01-16 05:07:41,915] INFO: 	 lr: 1.000000000000002e-05 	 Training loss: 0.06420592717826366
[2025-01-16 05:07:54,304] INFO: Iter 42300 Summary: 
[2025-01-16 05:07:54,304] INFO: 	 lr: 1.000000000000002e-05 	 Training loss: 0.06413362070918083
[2025-01-16 05:08:08,193] INFO: Iter 42400 Summary: 
[2025-01-16 05:08:08,193] INFO: 	 lr: 1.000000000000002e-05 	 Training loss: 0.06455732498317956
[2025-01-16 05:08:20,102] INFO: Iter 42500 Summary: 
[2025-01-16 05:08:20,102] INFO: 	 lr: 1.000000000000002e-05 	 Training loss: 0.06448262628167868
[2025-01-16 05:08:33,129] INFO: Iter 42600 Summary: 
[2025-01-16 05:08:33,129] INFO: 	 lr: 1.000000000000002e-05 	 Training loss: 0.0642970435321331
[2025-01-16 05:08:47,798] INFO: Iter 42700 Summary: 
[2025-01-16 05:08:47,798] INFO: 	 lr: 1.000000000000002e-05 	 Training loss: 0.06453008115291596
[2025-01-16 05:09:01,482] INFO: Iter 42800 Summary: 
[2025-01-16 05:09:01,483] INFO: 	 lr: 1.000000000000002e-05 	 Training loss: 0.06433054968714715
[2025-01-16 05:09:15,290] INFO: Iter 42900 Summary: 
[2025-01-16 05:09:15,290] INFO: 	 lr: 1.000000000000002e-05 	 Training loss: 0.06419670011848211
[2025-01-16 05:09:27,685] INFO: Iter 43000 Summary: 
[2025-01-16 05:09:27,686] INFO: 	 lr: 1.000000000000002e-05 	 Training loss: 0.06461101483553648
[2025-01-16 05:09:41,353] INFO: Iter 43100 Summary: 
[2025-01-16 05:09:41,353] INFO: 	 lr: 1.000000000000002e-05 	 Training loss: 0.06407852090895176
[2025-01-16 05:09:54,577] INFO: Iter 43200 Summary: 
[2025-01-16 05:09:54,577] INFO: 	 lr: 1.000000000000002e-05 	 Training loss: 0.06417943682521582
[2025-01-16 05:10:09,308] INFO: Iter 43300 Summary: 
[2025-01-16 05:10:09,308] INFO: 	 lr: 1.000000000000002e-05 	 Training loss: 0.06424190700054169
[2025-01-16 05:10:21,862] INFO: Iter 43400 Summary: 
[2025-01-16 05:10:21,862] INFO: 	 lr: 1.000000000000002e-05 	 Training loss: 0.06458350144326687
[2025-01-16 05:10:33,800] INFO: Iter 43500 Summary: 
[2025-01-16 05:10:33,801] INFO: 	 lr: 1.000000000000002e-05 	 Training loss: 0.06405910026282072
[2025-01-16 05:10:46,027] INFO: Iter 43600 Summary: 
[2025-01-16 05:10:46,028] INFO: 	 lr: 1.000000000000002e-05 	 Training loss: 0.0643329617381096
[2025-01-16 05:10:59,255] INFO: Iter 43700 Summary: 
[2025-01-16 05:10:59,255] INFO: 	 lr: 1.000000000000002e-05 	 Training loss: 0.06418171610683203
[2025-01-16 05:11:13,278] INFO: Iter 43800 Summary: 
[2025-01-16 05:11:13,278] INFO: 	 lr: 1.000000000000002e-05 	 Training loss: 0.06440444774925709
[2025-01-16 05:11:25,193] INFO: Iter 43900 Summary: 
[2025-01-16 05:11:25,193] INFO: 	 lr: 1.000000000000002e-05 	 Training loss: 0.06417563535273076
[2025-01-16 05:11:38,093] INFO: Iter 44000 Summary: 
[2025-01-16 05:11:38,094] INFO: 	 lr: 1.000000000000002e-05 	 Training loss: 0.06435629330575467
[2025-01-16 05:11:54,158] INFO: Iter 44100 Summary: 
[2025-01-16 05:11:54,159] INFO: 	 lr: 1.000000000000002e-05 	 Training loss: 0.06432871136814355
[2025-01-16 05:12:08,164] INFO: Iter 44200 Summary: 
[2025-01-16 05:12:08,165] INFO: 	 lr: 1.000000000000002e-05 	 Training loss: 0.06426057394593954
[2025-01-16 05:12:22,327] INFO: Iter 44300 Summary: 
[2025-01-16 05:12:22,327] INFO: 	 lr: 1.000000000000002e-05 	 Training loss: 0.06455790624022484
[2025-01-16 05:12:36,951] INFO: Iter 44400 Summary: 
[2025-01-16 05:12:36,951] INFO: 	 lr: 1.000000000000002e-05 	 Training loss: 0.06454457227140666
[2025-01-16 05:12:49,650] INFO: Iter 44500 Summary: 
[2025-01-16 05:12:49,650] INFO: 	 lr: 1.000000000000002e-05 	 Training loss: 0.06422287963330746
[2025-01-16 05:13:02,402] INFO: Iter 44600 Summary: 
[2025-01-16 05:13:02,402] INFO: 	 lr: 1.000000000000002e-05 	 Training loss: 0.06405533853918315
[2025-01-16 05:13:16,528] INFO: Iter 44700 Summary: 
[2025-01-16 05:13:16,528] INFO: 	 lr: 1.000000000000002e-05 	 Training loss: 0.06448315732181072
[2025-01-16 05:13:29,345] INFO: Iter 44800 Summary: 
[2025-01-16 05:13:29,345] INFO: 	 lr: 1.000000000000002e-05 	 Training loss: 0.06381068162620068
[2025-01-16 05:13:42,671] INFO: Iter 44900 Summary: 
[2025-01-16 05:13:42,672] INFO: 	 lr: 1.000000000000002e-05 	 Training loss: 0.0641388278082013
[2025-01-16 05:13:54,125] INFO: Iter 45000 Summary: 
[2025-01-16 05:13:54,125] INFO: 	 lr: 1.000000000000002e-05 	 Training loss: 0.06403392180800438
[2025-01-16 05:14:05,705] INFO: Iter 45100 Summary: 
[2025-01-16 05:14:05,705] INFO: 	 lr: 1.000000000000002e-05 	 Training loss: 0.06419749688357115
[2025-01-16 05:14:17,848] INFO: Iter 45200 Summary: 
[2025-01-16 05:14:17,849] INFO: 	 lr: 1.000000000000002e-05 	 Training loss: 0.06429119128733873
[2025-01-16 05:14:30,427] INFO: Iter 45300 Summary: 
[2025-01-16 05:14:30,427] INFO: 	 lr: 1.000000000000002e-05 	 Training loss: 0.0642560226842761
[2025-01-16 05:14:43,453] INFO: Iter 45400 Summary: 
[2025-01-16 05:14:43,454] INFO: 	 lr: 1.000000000000002e-05 	 Training loss: 0.06412763819098473
[2025-01-16 05:14:57,756] INFO: Iter 45500 Summary: 
[2025-01-16 05:14:57,757] INFO: 	 lr: 1.000000000000002e-05 	 Training loss: 0.06408395268023014
[2025-01-16 05:15:10,490] INFO: Iter 45600 Summary: 
[2025-01-16 05:15:10,490] INFO: 	 lr: 1.000000000000002e-05 	 Training loss: 0.06429441627115011
[2025-01-16 05:15:23,452] INFO: Iter 45700 Summary: 
[2025-01-16 05:15:23,453] INFO: 	 lr: 1.000000000000002e-05 	 Training loss: 0.0637936095520854
[2025-01-16 05:15:35,620] INFO: Iter 45800 Summary: 
[2025-01-16 05:15:35,620] INFO: 	 lr: 1.000000000000002e-05 	 Training loss: 0.06394810538738965
[2025-01-16 05:15:49,041] INFO: Iter 45900 Summary: 
[2025-01-16 05:15:49,041] INFO: 	 lr: 1.000000000000002e-05 	 Training loss: 0.06393044326454402
[2025-01-16 05:16:01,607] INFO: Iter 46000 Summary: 
[2025-01-16 05:16:01,607] INFO: 	 lr: 1.000000000000002e-05 	 Training loss: 0.06416965439915658
[2025-01-16 05:16:17,557] INFO: Iter 46100 Summary: 
[2025-01-16 05:16:17,558] INFO: 	 lr: 1.000000000000002e-05 	 Training loss: 0.0644669170677662
[2025-01-16 05:16:31,435] INFO: Iter 46200 Summary: 
[2025-01-16 05:16:31,435] INFO: 	 lr: 1.000000000000002e-05 	 Training loss: 0.06435637205839156
[2025-01-16 05:16:45,005] INFO: Iter 46300 Summary: 
[2025-01-16 05:16:45,006] INFO: 	 lr: 1.000000000000002e-05 	 Training loss: 0.06432117309421301
[2025-01-16 05:16:58,107] INFO: Iter 46400 Summary: 
[2025-01-16 05:16:58,107] INFO: 	 lr: 1.000000000000002e-05 	 Training loss: 0.06398450575768948
[2025-01-16 05:17:08,864] INFO: Iter 46500 Summary: 
[2025-01-16 05:17:08,865] INFO: 	 lr: 1.000000000000002e-05 	 Training loss: 0.06409013036638499
[2025-01-16 05:17:21,893] INFO: Iter 46600 Summary: 
[2025-01-16 05:17:21,894] INFO: 	 lr: 1.000000000000002e-05 	 Training loss: 0.06425673220306635
[2025-01-16 05:17:34,711] INFO: Iter 46700 Summary: 
[2025-01-16 05:17:34,712] INFO: 	 lr: 1.000000000000002e-05 	 Training loss: 0.06394977431744336
[2025-01-16 05:17:46,552] INFO: Iter 46800 Summary: 
[2025-01-16 05:17:46,553] INFO: 	 lr: 1.000000000000002e-05 	 Training loss: 0.06386787097901106
[2025-01-16 05:17:59,645] INFO: Iter 46900 Summary: 
[2025-01-16 05:17:59,645] INFO: 	 lr: 1.000000000000002e-05 	 Training loss: 0.06414969358593225
[2025-01-16 05:18:13,463] INFO: Iter 47000 Summary: 
[2025-01-16 05:18:13,464] INFO: 	 lr: 1.000000000000002e-05 	 Training loss: 0.06426429878920317
[2025-01-16 05:18:26,889] INFO: Iter 47100 Summary: 
[2025-01-16 05:18:26,890] INFO: 	 lr: 1.000000000000002e-05 	 Training loss: 0.06436831623315811
[2025-01-16 05:18:39,960] INFO: Iter 47200 Summary: 
[2025-01-16 05:18:39,961] INFO: 	 lr: 1.000000000000002e-05 	 Training loss: 0.06418806932866573
[2025-01-16 05:18:52,539] INFO: Iter 47300 Summary: 
[2025-01-16 05:18:52,539] INFO: 	 lr: 1.000000000000002e-05 	 Training loss: 0.06416934788227081
[2025-01-16 05:19:04,328] INFO: Iter 47400 Summary: 
[2025-01-16 05:19:04,329] INFO: 	 lr: 1.000000000000002e-05 	 Training loss: 0.06366387374699116
[2025-01-16 05:19:16,509] INFO: Iter 47500 Summary: 
[2025-01-16 05:19:16,510] INFO: 	 lr: 1.000000000000002e-05 	 Training loss: 0.06423830650746823
[2025-01-16 05:19:31,197] INFO: Iter 47600 Summary: 
[2025-01-16 05:19:31,197] INFO: 	 lr: 1.000000000000002e-05 	 Training loss: 0.06366455152630807
[2025-01-16 05:19:44,067] INFO: Iter 47700 Summary: 
[2025-01-16 05:19:44,067] INFO: 	 lr: 1.000000000000002e-05 	 Training loss: 0.06357740558683872
[2025-01-16 05:19:56,878] INFO: Iter 47800 Summary: 
[2025-01-16 05:19:56,878] INFO: 	 lr: 1.000000000000002e-05 	 Training loss: 0.0639049531891942
[2025-01-16 05:20:09,810] INFO: Iter 47900 Summary: 
[2025-01-16 05:20:09,810] INFO: 	 lr: 1.000000000000002e-05 	 Training loss: 0.06431645881384611
[2025-01-16 05:20:20,543] INFO: Iter 48000 Summary: 
[2025-01-16 05:20:20,543] INFO: 	 lr: 1.000000000000002e-05 	 Training loss: 0.0644340456649661
[2025-01-16 05:20:34,658] INFO: Iter 48100 Summary: 
[2025-01-16 05:20:34,659] INFO: 	 lr: 1.000000000000002e-05 	 Training loss: 0.0641446366161108
[2025-01-16 05:20:47,109] INFO: Iter 48200 Summary: 
[2025-01-16 05:20:47,109] INFO: 	 lr: 1.000000000000002e-05 	 Training loss: 0.06381358340382576
[2025-01-16 05:21:01,064] INFO: Iter 48300 Summary: 
[2025-01-16 05:21:01,065] INFO: 	 lr: 1.000000000000002e-05 	 Training loss: 0.06418827075511217
[2025-01-16 05:21:14,803] INFO: Iter 48400 Summary: 
[2025-01-16 05:21:14,803] INFO: 	 lr: 1.000000000000002e-05 	 Training loss: 0.06425657846033574
[2025-01-16 05:21:27,917] INFO: Iter 48500 Summary: 
[2025-01-16 05:21:27,918] INFO: 	 lr: 1.000000000000002e-05 	 Training loss: 0.06387135963886977
[2025-01-16 05:21:41,365] INFO: Iter 48600 Summary: 
[2025-01-16 05:21:41,365] INFO: 	 lr: 1.000000000000002e-05 	 Training loss: 0.06362767118960619
[2025-01-16 05:21:53,729] INFO: Iter 48700 Summary: 
[2025-01-16 05:21:53,739] INFO: 	 lr: 1.000000000000002e-05 	 Training loss: 0.06408431358635426
[2025-01-16 05:22:06,130] INFO: Iter 48800 Summary: 
[2025-01-16 05:22:06,130] INFO: 	 lr: 1.000000000000002e-05 	 Training loss: 0.06393810275942087
[2025-01-16 05:22:20,194] INFO: Iter 48900 Summary: 
[2025-01-16 05:22:20,195] INFO: 	 lr: 1.000000000000002e-05 	 Training loss: 0.06405046679079533
[2025-01-16 05:22:33,665] INFO: Iter 49000 Summary: 
[2025-01-16 05:22:33,666] INFO: 	 lr: 1.000000000000002e-05 	 Training loss: 0.06406179800629616
[2025-01-16 05:22:45,925] INFO: Iter 49100 Summary: 
[2025-01-16 05:22:45,925] INFO: 	 lr: 1.000000000000002e-05 	 Training loss: 0.06388213049620389
[2025-01-16 05:22:58,724] INFO: Iter 49200 Summary: 
[2025-01-16 05:22:58,724] INFO: 	 lr: 1.000000000000002e-05 	 Training loss: 0.06426044374704361
[2025-01-16 05:23:13,123] INFO: Iter 49300 Summary: 
[2025-01-16 05:23:13,123] INFO: 	 lr: 1.000000000000002e-05 	 Training loss: 0.06398994084447622
[2025-01-16 05:23:26,131] INFO: Iter 49400 Summary: 
[2025-01-16 05:23:26,132] INFO: 	 lr: 1.000000000000002e-05 	 Training loss: 0.06376413136720657
[2025-01-16 05:23:38,447] INFO: Iter 49500 Summary: 
[2025-01-16 05:23:38,447] INFO: 	 lr: 1.000000000000002e-05 	 Training loss: 0.06380269445478916
[2025-01-16 05:23:51,533] INFO: Iter 49600 Summary: 
[2025-01-16 05:23:51,533] INFO: 	 lr: 1.000000000000002e-05 	 Training loss: 0.06373271480202675
[2025-01-16 05:24:03,359] INFO: Iter 49700 Summary: 
[2025-01-16 05:24:03,360] INFO: 	 lr: 1.000000000000002e-05 	 Training loss: 0.06376811236143112
[2025-01-16 05:24:16,892] INFO: Iter 49800 Summary: 
[2025-01-16 05:24:16,893] INFO: 	 lr: 1.000000000000002e-05 	 Training loss: 0.06401067525148392
[2025-01-16 05:24:30,094] INFO: Iter 49900 Summary: 
[2025-01-16 05:24:30,094] INFO: 	 lr: 1.000000000000002e-05 	 Training loss: 0.06406932771205902
[2025-01-16 05:24:43,571] INFO: Iter 50000 Summary: 
[2025-01-16 05:24:43,571] INFO: 	 lr: 1.000000000000002e-05 	 Training loss: 0.0637956589460373
[2025-01-16 05:24:59,044] INFO: Iter 50100 Summary: 
[2025-01-16 05:24:59,044] INFO: 	 lr: 1.000000000000002e-05 	 Training loss: 0.06392025884240865
[2025-01-16 05:25:10,221] INFO: Iter 50200 Summary: 
[2025-01-16 05:25:10,221] INFO: 	 lr: 1.000000000000002e-05 	 Training loss: 0.0640202271938324
[2025-01-16 05:25:23,134] INFO: Iter 50300 Summary: 
[2025-01-16 05:25:23,135] INFO: 	 lr: 1.000000000000002e-05 	 Training loss: 0.06428365979343653
[2025-01-16 05:25:36,566] INFO: Iter 50400 Summary: 
[2025-01-16 05:25:36,567] INFO: 	 lr: 1.000000000000002e-05 	 Training loss: 0.06394032876938581
[2025-01-16 05:25:49,006] INFO: Iter 50500 Summary: 
[2025-01-16 05:25:49,006] INFO: 	 lr: 1.000000000000002e-05 	 Training loss: 0.06418341912329197
[2025-01-16 05:26:01,566] INFO: Iter 50600 Summary: 
[2025-01-16 05:26:01,566] INFO: 	 lr: 1.000000000000002e-05 	 Training loss: 0.06374398186802864
[2025-01-16 05:26:13,668] INFO: Iter 50700 Summary: 
[2025-01-16 05:26:13,668] INFO: 	 lr: 1.000000000000002e-05 	 Training loss: 0.06418370600789786
[2025-01-16 05:26:26,894] INFO: Iter 50800 Summary: 
[2025-01-16 05:26:26,894] INFO: 	 lr: 1.000000000000002e-05 	 Training loss: 0.06385240145027637
[2025-01-16 05:26:37,918] INFO: Iter 50900 Summary: 
[2025-01-16 05:26:37,918] INFO: 	 lr: 1.000000000000002e-05 	 Training loss: 0.0638207621872425
[2025-01-16 05:26:50,090] INFO: Iter 51000 Summary: 
[2025-01-16 05:26:50,091] INFO: 	 lr: 1.000000000000002e-05 	 Training loss: 0.06383349124342202
[2025-01-16 05:27:04,569] INFO: Iter 51100 Summary: 
[2025-01-16 05:27:04,569] INFO: 	 lr: 1.000000000000002e-05 	 Training loss: 0.06373532701283693
[2025-01-16 05:27:17,767] INFO: Iter 51200 Summary: 
[2025-01-16 05:27:17,767] INFO: 	 lr: 1.000000000000002e-05 	 Training loss: 0.06389029517769813
[2025-01-16 05:27:29,545] INFO: Iter 51300 Summary: 
[2025-01-16 05:27:29,545] INFO: 	 lr: 1.000000000000002e-05 	 Training loss: 0.06394789911806584
[2025-01-16 05:27:42,390] INFO: Iter 51400 Summary: 
[2025-01-16 05:27:42,390] INFO: 	 lr: 1.000000000000002e-05 	 Training loss: 0.06376364920288324
[2025-01-16 05:27:54,858] INFO: Iter 51500 Summary: 
[2025-01-16 05:27:54,859] INFO: 	 lr: 1.000000000000002e-05 	 Training loss: 0.06385405488312244
[2025-01-16 05:28:07,772] INFO: Iter 51600 Summary: 
[2025-01-16 05:28:07,773] INFO: 	 lr: 1.000000000000002e-05 	 Training loss: 0.06411719258874654
[2025-01-16 05:28:20,491] INFO: Iter 51700 Summary: 
[2025-01-16 05:28:20,491] INFO: 	 lr: 1.000000000000002e-05 	 Training loss: 0.06364347524940968
[2025-01-16 05:28:33,728] INFO: Iter 51800 Summary: 
[2025-01-16 05:28:33,728] INFO: 	 lr: 1.000000000000002e-05 	 Training loss: 0.06396607954055071
[2025-01-16 05:28:46,395] INFO: Iter 51900 Summary: 
[2025-01-16 05:28:46,395] INFO: 	 lr: 1.000000000000002e-05 	 Training loss: 0.06392319168895483
[2025-01-16 05:28:57,794] INFO: Iter 52000 Summary: 
[2025-01-16 05:28:57,794] INFO: 	 lr: 1.000000000000002e-05 	 Training loss: 0.06365700367838144
[2025-01-16 05:29:13,173] INFO: Iter 52100 Summary: 
[2025-01-16 05:29:13,173] INFO: 	 lr: 1.000000000000002e-05 	 Training loss: 0.06393341094255447
[2025-01-16 05:29:26,629] INFO: Iter 52200 Summary: 
[2025-01-16 05:29:26,629] INFO: 	 lr: 1.000000000000002e-05 	 Training loss: 0.0637184963747859
[2025-01-16 05:29:41,682] INFO: Iter 52300 Summary: 
[2025-01-16 05:29:41,682] INFO: 	 lr: 1.000000000000002e-05 	 Training loss: 0.06393956486135721
[2025-01-16 05:29:55,396] INFO: Iter 52400 Summary: 
[2025-01-16 05:29:55,397] INFO: 	 lr: 1.000000000000002e-05 	 Training loss: 0.06334529567509889
[2025-01-16 05:30:09,204] INFO: Iter 52500 Summary: 
[2025-01-16 05:30:09,204] INFO: 	 lr: 1.000000000000002e-05 	 Training loss: 0.06359212953597307
[2025-01-16 05:30:21,955] INFO: Iter 52600 Summary: 
[2025-01-16 05:30:21,955] INFO: 	 lr: 1.000000000000002e-05 	 Training loss: 0.06380749229341745
[2025-01-16 05:30:35,660] INFO: Iter 52700 Summary: 
[2025-01-16 05:30:35,660] INFO: 	 lr: 1.000000000000002e-05 	 Training loss: 0.06373537097126246
[2025-01-16 05:30:49,602] INFO: Iter 52800 Summary: 
[2025-01-16 05:30:49,602] INFO: 	 lr: 1.000000000000002e-05 	 Training loss: 0.06395327880978584
[2025-01-16 05:31:03,856] INFO: Iter 52900 Summary: 
[2025-01-16 05:31:03,856] INFO: 	 lr: 1.000000000000002e-05 	 Training loss: 0.06376091174781323
[2025-01-16 05:31:17,350] INFO: Iter 53000 Summary: 
[2025-01-16 05:31:17,350] INFO: 	 lr: 1.000000000000002e-05 	 Training loss: 0.06423853188753129
[2025-01-16 05:31:29,959] INFO: Iter 53100 Summary: 
[2025-01-16 05:31:29,959] INFO: 	 lr: 1.000000000000002e-05 	 Training loss: 0.0637665656208992
[2025-01-16 05:31:43,176] INFO: Iter 53200 Summary: 
[2025-01-16 05:31:43,176] INFO: 	 lr: 1.000000000000002e-05 	 Training loss: 0.06375319942831993
[2025-01-16 05:31:55,710] INFO: Iter 53300 Summary: 
[2025-01-16 05:31:55,710] INFO: 	 lr: 1.000000000000002e-05 	 Training loss: 0.06384406831115484
[2025-01-16 05:32:09,033] INFO: Iter 53400 Summary: 
[2025-01-16 05:32:09,033] INFO: 	 lr: 1.000000000000002e-05 	 Training loss: 0.06370858527719975
[2025-01-16 05:32:22,125] INFO: Iter 53500 Summary: 
[2025-01-16 05:32:22,125] INFO: 	 lr: 1.000000000000002e-05 	 Training loss: 0.06384497687220574
[2025-01-16 05:32:35,202] INFO: Iter 53600 Summary: 
[2025-01-16 05:32:35,203] INFO: 	 lr: 1.000000000000002e-05 	 Training loss: 0.06394200462847949
[2025-01-16 05:32:49,481] INFO: Iter 53700 Summary: 
[2025-01-16 05:32:49,482] INFO: 	 lr: 1.000000000000002e-05 	 Training loss: 0.06375104162842035
[2025-01-16 05:33:02,602] INFO: Iter 53800 Summary: 
[2025-01-16 05:33:02,602] INFO: 	 lr: 1.000000000000002e-05 	 Training loss: 0.06369306463748217
[2025-01-16 05:33:16,179] INFO: Iter 53900 Summary: 
[2025-01-16 05:33:16,180] INFO: 	 lr: 1.000000000000002e-05 	 Training loss: 0.06387127041816712
[2025-01-16 05:33:28,158] INFO: Iter 54000 Summary: 
[2025-01-16 05:33:28,159] INFO: 	 lr: 1.000000000000002e-05 	 Training loss: 0.06356179356575012
[2025-01-16 05:33:43,336] INFO: Iter 54100 Summary: 
[2025-01-16 05:33:43,336] INFO: 	 lr: 1.000000000000002e-05 	 Training loss: 0.06408966902643443
[2025-01-16 05:33:54,441] INFO: Iter 54200 Summary: 
[2025-01-16 05:33:54,442] INFO: 	 lr: 1.000000000000002e-05 	 Training loss: 0.06379518207162618
[2025-01-16 05:34:07,461] INFO: Iter 54300 Summary: 
[2025-01-16 05:34:07,461] INFO: 	 lr: 1.000000000000002e-05 	 Training loss: 0.0639598485454917
[2025-01-16 05:34:22,682] INFO: Iter 54400 Summary: 
[2025-01-16 05:34:22,682] INFO: 	 lr: 1.000000000000002e-05 	 Training loss: 0.06358900185674429
[2025-01-16 05:34:36,513] INFO: Iter 54500 Summary: 
[2025-01-16 05:34:36,514] INFO: 	 lr: 1.000000000000002e-05 	 Training loss: 0.06356349620968103
[2025-01-16 05:34:46,851] INFO: Iter 54600 Summary: 
[2025-01-16 05:34:46,851] INFO: 	 lr: 1.000000000000002e-05 	 Training loss: 0.06383380971848965
[2025-01-16 05:34:59,253] INFO: Iter 54700 Summary: 
[2025-01-16 05:34:59,254] INFO: 	 lr: 1.000000000000002e-05 	 Training loss: 0.06378736764192582
[2025-01-16 05:35:13,201] INFO: Iter 54800 Summary: 
[2025-01-16 05:35:13,201] INFO: 	 lr: 1.000000000000002e-05 	 Training loss: 0.06333321865648031
[2025-01-16 05:35:27,267] INFO: Iter 54900 Summary: 
[2025-01-16 05:35:27,267] INFO: 	 lr: 1.000000000000002e-05 	 Training loss: 0.06397187490016222
[2025-01-16 05:35:38,832] INFO: Iter 55000 Summary: 
[2025-01-16 05:35:38,833] INFO: 	 lr: 1.000000000000002e-05 	 Training loss: 0.06401750169694424
[2025-01-16 05:35:50,973] INFO: Iter 55100 Summary: 
[2025-01-16 05:35:50,973] INFO: 	 lr: 1.000000000000002e-05 	 Training loss: 0.06361458476632834
[2025-01-16 05:36:04,586] INFO: Iter 55200 Summary: 
[2025-01-16 05:36:04,586] INFO: 	 lr: 1.000000000000002e-05 	 Training loss: 0.06339498460292817
[2025-01-16 05:36:18,755] INFO: Iter 55300 Summary: 
[2025-01-16 05:36:18,755] INFO: 	 lr: 1.000000000000002e-05 	 Training loss: 0.06375174928456545
[2025-01-16 05:36:32,065] INFO: Iter 55400 Summary: 
[2025-01-16 05:36:32,066] INFO: 	 lr: 1.000000000000002e-05 	 Training loss: 0.06378419067710638
[2025-01-16 05:36:44,825] INFO: Iter 55500 Summary: 
[2025-01-16 05:36:44,825] INFO: 	 lr: 1.000000000000002e-05 	 Training loss: 0.06372444223612547
[2025-01-16 05:36:59,072] INFO: Iter 55600 Summary: 
[2025-01-16 05:36:59,073] INFO: 	 lr: 1.000000000000002e-05 	 Training loss: 0.06338456578552723
[2025-01-16 05:37:13,055] INFO: Iter 55700 Summary: 
[2025-01-16 05:37:13,056] INFO: 	 lr: 1.000000000000002e-05 	 Training loss: 0.06346265770494938
[2025-01-16 05:37:25,599] INFO: Iter 55800 Summary: 
[2025-01-16 05:37:25,599] INFO: 	 lr: 1.000000000000002e-05 	 Training loss: 0.0640955163538456
[2025-01-16 05:37:39,300] INFO: Iter 55900 Summary: 
[2025-01-16 05:37:39,301] INFO: 	 lr: 1.000000000000002e-05 	 Training loss: 0.06384967859834433
[2025-01-16 05:37:50,747] INFO: Iter 56000 Summary: 
[2025-01-16 05:37:50,747] INFO: 	 lr: 1.000000000000002e-05 	 Training loss: 0.06383219730108976
[2025-01-16 05:38:04,327] INFO: Iter 56100 Summary: 
[2025-01-16 05:38:04,327] INFO: 	 lr: 1.000000000000002e-05 	 Training loss: 0.0634008476883173
[2025-01-16 05:38:15,990] INFO: Iter 56200 Summary: 
[2025-01-16 05:38:15,990] INFO: 	 lr: 1.000000000000002e-05 	 Training loss: 0.0638503236323595
[2025-01-16 05:38:30,302] INFO: Iter 56300 Summary: 
[2025-01-16 05:38:30,302] INFO: 	 lr: 1.000000000000002e-05 	 Training loss: 0.06305246580392122
[2025-01-16 05:38:45,559] INFO: Iter 56400 Summary: 
[2025-01-16 05:38:45,559] INFO: 	 lr: 1.000000000000002e-05 	 Training loss: 0.06319607477635145
[2025-01-16 05:38:58,138] INFO: Iter 56500 Summary: 
[2025-01-16 05:38:58,139] INFO: 	 lr: 1.000000000000002e-05 	 Training loss: 0.06361815001815557
[2025-01-16 05:39:09,649] INFO: Iter 56600 Summary: 
[2025-01-16 05:39:09,649] INFO: 	 lr: 1.000000000000002e-05 	 Training loss: 0.06346224181354046
[2025-01-16 05:39:22,061] INFO: Iter 56700 Summary: 
[2025-01-16 05:39:22,061] INFO: 	 lr: 1.000000000000002e-05 	 Training loss: 0.06347991216927767
[2025-01-16 05:39:34,728] INFO: Iter 56800 Summary: 
[2025-01-16 05:39:34,728] INFO: 	 lr: 1.000000000000002e-05 	 Training loss: 0.0639114662259817
[2025-01-16 05:39:46,869] INFO: Iter 56900 Summary: 
[2025-01-16 05:39:46,869] INFO: 	 lr: 1.000000000000002e-05 	 Training loss: 0.06402444705367089
[2025-01-16 05:39:59,826] INFO: Iter 57000 Summary: 
[2025-01-16 05:39:59,826] INFO: 	 lr: 1.000000000000002e-05 	 Training loss: 0.06375518791377545
[2025-01-16 05:40:13,678] INFO: Iter 57100 Summary: 
[2025-01-16 05:40:13,678] INFO: 	 lr: 1.000000000000002e-05 	 Training loss: 0.06377217192202807
[2025-01-16 05:40:27,037] INFO: Iter 57200 Summary: 
[2025-01-16 05:40:27,037] INFO: 	 lr: 1.000000000000002e-05 	 Training loss: 0.06388837803155184
[2025-01-16 05:40:39,374] INFO: Iter 57300 Summary: 
[2025-01-16 05:40:39,374] INFO: 	 lr: 1.000000000000002e-05 	 Training loss: 0.06368597239255905
[2025-01-16 05:40:50,901] INFO: Iter 57400 Summary: 
[2025-01-16 05:40:50,902] INFO: 	 lr: 1.000000000000002e-05 	 Training loss: 0.0633167827501893
[2025-01-16 05:41:04,129] INFO: Iter 57500 Summary: 
[2025-01-16 05:41:04,129] INFO: 	 lr: 1.000000000000002e-05 	 Training loss: 0.06318055558949709
[2025-01-16 05:41:16,237] INFO: Iter 57600 Summary: 
[2025-01-16 05:41:16,237] INFO: 	 lr: 1.000000000000002e-05 	 Training loss: 0.06403519161045551
[2025-01-16 05:41:28,808] INFO: Iter 57700 Summary: 
[2025-01-16 05:41:28,808] INFO: 	 lr: 1.000000000000002e-05 	 Training loss: 0.06343532964587212
[2025-01-16 05:41:42,770] INFO: Iter 57800 Summary: 
[2025-01-16 05:41:42,770] INFO: 	 lr: 1.000000000000002e-05 	 Training loss: 0.06371294133365155
[2025-01-16 05:41:56,050] INFO: Iter 57900 Summary: 
[2025-01-16 05:41:56,050] INFO: 	 lr: 1.000000000000002e-05 	 Training loss: 0.06333949148654938
[2025-01-16 05:42:10,571] INFO: Iter 58000 Summary: 
[2025-01-16 05:42:10,571] INFO: 	 lr: 1.000000000000002e-05 	 Training loss: 0.06364165499806404
[2025-01-16 05:42:26,470] INFO: Iter 58100 Summary: 
[2025-01-16 05:42:26,470] INFO: 	 lr: 1.000000000000002e-05 	 Training loss: 0.06348584655672312
[2025-01-16 05:42:38,992] INFO: Iter 58200 Summary: 
[2025-01-16 05:42:38,992] INFO: 	 lr: 1.000000000000002e-05 	 Training loss: 0.06352295495569706
[2025-01-16 05:42:51,149] INFO: Iter 58300 Summary: 
[2025-01-16 05:42:51,149] INFO: 	 lr: 1.000000000000002e-05 	 Training loss: 0.06339719265699387
[2025-01-16 05:43:03,598] INFO: Iter 58400 Summary: 
[2025-01-16 05:43:03,599] INFO: 	 lr: 1.000000000000002e-05 	 Training loss: 0.06339531615376473
[2025-01-16 05:43:17,344] INFO: Iter 58500 Summary: 
[2025-01-16 05:43:17,344] INFO: 	 lr: 1.000000000000002e-05 	 Training loss: 0.06356036331504583
[2025-01-16 05:43:29,403] INFO: Iter 58600 Summary: 
[2025-01-16 05:43:29,403] INFO: 	 lr: 1.000000000000002e-05 	 Training loss: 0.06355324927717447
[2025-01-16 05:43:42,396] INFO: Iter 58700 Summary: 
[2025-01-16 05:43:42,396] INFO: 	 lr: 1.000000000000002e-05 	 Training loss: 0.06359519254416228
[2025-01-16 05:43:55,061] INFO: Iter 58800 Summary: 
[2025-01-16 05:43:55,061] INFO: 	 lr: 1.000000000000002e-05 	 Training loss: 0.063322142213583
[2025-01-16 05:44:07,948] INFO: Iter 58900 Summary: 
[2025-01-16 05:44:07,948] INFO: 	 lr: 1.000000000000002e-05 	 Training loss: 0.06392517317086459
[2025-01-16 05:44:20,443] INFO: Iter 59000 Summary: 
[2025-01-16 05:44:20,443] INFO: 	 lr: 1.000000000000002e-05 	 Training loss: 0.06350974380970001
[2025-01-16 05:44:36,291] INFO: Iter 59100 Summary: 
[2025-01-16 05:44:36,291] INFO: 	 lr: 1.000000000000002e-05 	 Training loss: 0.06333829808980226
[2025-01-16 05:44:49,898] INFO: Iter 59200 Summary: 
[2025-01-16 05:44:49,898] INFO: 	 lr: 1.000000000000002e-05 	 Training loss: 0.06363102223724126
[2025-01-16 05:45:03,018] INFO: Iter 59300 Summary: 
[2025-01-16 05:45:03,018] INFO: 	 lr: 1.000000000000002e-05 	 Training loss: 0.06341321673244238
[2025-01-16 05:45:14,811] INFO: Iter 59400 Summary: 
[2025-01-16 05:45:14,812] INFO: 	 lr: 1.000000000000002e-05 	 Training loss: 0.06361951921135187
[2025-01-16 05:45:28,690] INFO: Iter 59500 Summary: 
[2025-01-16 05:45:28,690] INFO: 	 lr: 1.000000000000002e-05 	 Training loss: 0.0638192044571042
[2025-01-16 05:45:42,599] INFO: Iter 59600 Summary: 
[2025-01-16 05:45:42,600] INFO: 	 lr: 1.000000000000002e-05 	 Training loss: 0.0635768162086606
[2025-01-16 05:45:55,894] INFO: Iter 59700 Summary: 
[2025-01-16 05:45:55,895] INFO: 	 lr: 1.000000000000002e-05 	 Training loss: 0.06332636523991823
[2025-01-16 05:46:09,180] INFO: Iter 59800 Summary: 
[2025-01-16 05:46:09,180] INFO: 	 lr: 1.000000000000002e-05 	 Training loss: 0.06350055772811175
[2025-01-16 05:46:22,557] INFO: Iter 59900 Summary: 
[2025-01-16 05:46:22,557] INFO: 	 lr: 1.000000000000002e-05 	 Training loss: 0.06301275674253702
[2025-01-16 05:46:37,254] INFO: Iter 60000 Summary: 
[2025-01-16 05:46:37,254] INFO: 	 lr: 1.000000000000002e-05 	 Training loss: 0.06369291819632053
[2025-01-16 05:46:52,685] INFO: Iter 60100 Summary: 
[2025-01-16 05:46:52,685] INFO: 	 lr: 1.000000000000002e-05 	 Training loss: 0.06376259833574295
[2025-01-16 05:47:04,796] INFO: Iter 60200 Summary: 
[2025-01-16 05:47:04,797] INFO: 	 lr: 1.000000000000002e-05 	 Training loss: 0.0633132080733776
[2025-01-16 05:47:18,618] INFO: Iter 60300 Summary: 
[2025-01-16 05:47:18,618] INFO: 	 lr: 1.000000000000002e-05 	 Training loss: 0.06349092617630958
[2025-01-16 05:47:31,591] INFO: Iter 60400 Summary: 
[2025-01-16 05:47:31,591] INFO: 	 lr: 1.000000000000002e-05 	 Training loss: 0.06357110060751438
[2025-01-16 05:47:45,535] INFO: Iter 60500 Summary: 
[2025-01-16 05:47:45,536] INFO: 	 lr: 1.000000000000002e-05 	 Training loss: 0.06344556339085101
[2025-01-16 05:47:59,142] INFO: Iter 60600 Summary: 
[2025-01-16 05:47:59,143] INFO: 	 lr: 1.000000000000002e-05 	 Training loss: 0.06339616008102894
[2025-01-16 05:48:11,421] INFO: Iter 60700 Summary: 
[2025-01-16 05:48:11,421] INFO: 	 lr: 1.000000000000002e-05 	 Training loss: 0.0636010916531086
[2025-01-16 05:48:24,949] INFO: Iter 60800 Summary: 
[2025-01-16 05:48:24,950] INFO: 	 lr: 1.000000000000002e-05 	 Training loss: 0.06361917421221733
[2025-01-16 05:48:37,021] INFO: Iter 60900 Summary: 
[2025-01-16 05:48:37,022] INFO: 	 lr: 1.000000000000002e-05 	 Training loss: 0.0634239675477147
[2025-01-16 05:48:51,108] INFO: Iter 61000 Summary: 
[2025-01-16 05:48:51,108] INFO: 	 lr: 1.000000000000002e-05 	 Training loss: 0.06347037423402072
[2025-01-16 05:49:04,286] INFO: Iter 61100 Summary: 
[2025-01-16 05:49:04,286] INFO: 	 lr: 1.000000000000002e-05 	 Training loss: 0.0636753160879016
[2025-01-16 05:49:19,322] INFO: Iter 61200 Summary: 
[2025-01-16 05:49:19,322] INFO: 	 lr: 1.000000000000002e-05 	 Training loss: 0.0631794537231326
[2025-01-16 05:49:31,080] INFO: Iter 61300 Summary: 
[2025-01-16 05:49:31,081] INFO: 	 lr: 1.000000000000002e-05 	 Training loss: 0.06349796507507563
[2025-01-16 05:49:45,365] INFO: Iter 61400 Summary: 
[2025-01-16 05:49:45,365] INFO: 	 lr: 1.000000000000002e-05 	 Training loss: 0.06330823384225369
[2025-01-16 05:49:58,779] INFO: Iter 61500 Summary: 
[2025-01-16 05:49:58,780] INFO: 	 lr: 1.000000000000002e-05 	 Training loss: 0.06329360164701939
[2025-01-16 05:50:11,634] INFO: Iter 61600 Summary: 
[2025-01-16 05:50:11,634] INFO: 	 lr: 1.000000000000002e-05 	 Training loss: 0.06358261145651341
[2025-01-16 05:50:22,438] INFO: Iter 61700 Summary: 
[2025-01-16 05:50:22,438] INFO: 	 lr: 1.000000000000002e-05 	 Training loss: 0.06351143907755613
[2025-01-16 05:50:37,286] INFO: Iter 61800 Summary: 
[2025-01-16 05:50:37,287] INFO: 	 lr: 1.000000000000002e-05 	 Training loss: 0.06324545476585626
[2025-01-16 05:50:50,989] INFO: Iter 61900 Summary: 
[2025-01-16 05:50:50,989] INFO: 	 lr: 1.000000000000002e-05 	 Training loss: 0.06336172875016928
[2025-01-16 05:51:04,627] INFO: Iter 62000 Summary: 
[2025-01-16 05:51:04,628] INFO: 	 lr: 1.000000000000002e-05 	 Training loss: 0.06338442582637072
[2025-01-16 05:51:19,394] INFO: Iter 62100 Summary: 
[2025-01-16 05:51:19,394] INFO: 	 lr: 1.000000000000002e-05 	 Training loss: 0.06330884240567684
[2025-01-16 05:51:31,851] INFO: Iter 62200 Summary: 
[2025-01-16 05:51:31,851] INFO: 	 lr: 1.000000000000002e-05 	 Training loss: 0.06332853261381388
[2025-01-16 05:51:42,664] INFO: Iter 62300 Summary: 
[2025-01-16 05:51:42,665] INFO: 	 lr: 1.000000000000002e-05 	 Training loss: 0.06359807580709458
[2025-01-16 05:51:53,146] INFO: Iter 62400 Summary: 
[2025-01-16 05:51:53,146] INFO: 	 lr: 1.000000000000002e-05 	 Training loss: 0.06342177662998438
[2025-01-16 05:52:04,093] INFO: Iter 62500 Summary: 
[2025-01-16 05:52:04,093] INFO: 	 lr: 1.000000000000002e-05 	 Training loss: 0.06330985546112061
[2025-01-16 05:52:14,381] INFO: Iter 62600 Summary: 
[2025-01-16 05:52:14,381] INFO: 	 lr: 1.000000000000002e-05 	 Training loss: 0.06363870061933995
[2025-01-16 05:52:24,946] INFO: Iter 62700 Summary: 
[2025-01-16 05:52:24,946] INFO: 	 lr: 1.000000000000002e-05 	 Training loss: 0.06355400845408439
[2025-01-16 05:52:36,924] INFO: Iter 62800 Summary: 
[2025-01-16 05:52:36,924] INFO: 	 lr: 1.000000000000002e-05 	 Training loss: 0.06329768318682909
[2025-01-16 05:52:48,149] INFO: Iter 62900 Summary: 
[2025-01-16 05:52:48,149] INFO: 	 lr: 1.000000000000002e-05 	 Training loss: 0.06373495556414127
[2025-01-16 05:52:59,338] INFO: Iter 63000 Summary: 
[2025-01-16 05:52:59,338] INFO: 	 lr: 1.000000000000002e-05 	 Training loss: 0.06340388420969248
[2025-01-16 05:53:09,835] INFO: Iter 63100 Summary: 
[2025-01-16 05:53:09,836] INFO: 	 lr: 1.000000000000002e-05 	 Training loss: 0.06316630784422159
[2025-01-16 05:53:20,608] INFO: Iter 63200 Summary: 
[2025-01-16 05:53:20,608] INFO: 	 lr: 1.000000000000002e-05 	 Training loss: 0.06354630161076784
[2025-01-16 05:53:32,110] INFO: Iter 63300 Summary: 
[2025-01-16 05:53:32,111] INFO: 	 lr: 1.000000000000002e-05 	 Training loss: 0.06288545291870833
[2025-01-16 05:53:44,005] INFO: Iter 63400 Summary: 
[2025-01-16 05:53:44,005] INFO: 	 lr: 1.000000000000002e-05 	 Training loss: 0.06337016846984625
[2025-01-16 05:53:55,385] INFO: Iter 63500 Summary: 
[2025-01-16 05:53:55,385] INFO: 	 lr: 1.000000000000002e-05 	 Training loss: 0.06320062536746264
[2025-01-16 05:54:07,004] INFO: Iter 63600 Summary: 
[2025-01-16 05:54:07,004] INFO: 	 lr: 1.000000000000002e-05 	 Training loss: 0.06337577853351832
[2025-01-16 05:54:16,780] INFO: Iter 63700 Summary: 
[2025-01-16 05:54:16,781] INFO: 	 lr: 1.000000000000002e-05 	 Training loss: 0.06330571629106999
[2025-01-16 05:54:27,644] INFO: Iter 63800 Summary: 
[2025-01-16 05:54:27,644] INFO: 	 lr: 1.000000000000002e-05 	 Training loss: 0.06356877818703652
[2025-01-16 05:54:38,944] INFO: Iter 63900 Summary: 
[2025-01-16 05:54:38,944] INFO: 	 lr: 1.000000000000002e-05 	 Training loss: 0.06313777305185794
[2025-01-16 05:54:49,477] INFO: Iter 64000 Summary: 
[2025-01-16 05:54:49,477] INFO: 	 lr: 1.000000000000002e-05 	 Training loss: 0.0631231315806508
[2025-01-16 05:55:02,223] INFO: Iter 64100 Summary: 
[2025-01-16 05:55:02,224] INFO: 	 lr: 1.000000000000002e-05 	 Training loss: 0.06343409284949303
[2025-01-16 05:55:12,282] INFO: Iter 64200 Summary: 
[2025-01-16 05:55:12,282] INFO: 	 lr: 1.000000000000002e-05 	 Training loss: 0.06344073757529259
[2025-01-16 05:55:23,890] INFO: Iter 64300 Summary: 
[2025-01-16 05:55:23,890] INFO: 	 lr: 1.000000000000002e-05 	 Training loss: 0.0633207919076085
[2025-01-16 05:55:36,040] INFO: Iter 64400 Summary: 
[2025-01-16 05:55:36,040] INFO: 	 lr: 1.000000000000002e-05 	 Training loss: 0.06338119681924581
[2025-01-16 05:55:47,405] INFO: Iter 64500 Summary: 
[2025-01-16 05:55:47,406] INFO: 	 lr: 1.000000000000002e-05 	 Training loss: 0.0637581991776824
[2025-01-16 05:55:59,267] INFO: Iter 64600 Summary: 
[2025-01-16 05:55:59,267] INFO: 	 lr: 1.000000000000002e-05 	 Training loss: 0.06316934309899808
[2025-01-16 05:56:09,918] INFO: Iter 64700 Summary: 
[2025-01-16 05:56:09,918] INFO: 	 lr: 1.000000000000002e-05 	 Training loss: 0.06335900727659464
[2025-01-16 05:56:20,987] INFO: Iter 64800 Summary: 
[2025-01-16 05:56:20,987] INFO: 	 lr: 1.000000000000002e-05 	 Training loss: 0.06316955160349608
[2025-01-16 05:56:32,640] INFO: Iter 64900 Summary: 
[2025-01-16 05:56:32,640] INFO: 	 lr: 1.000000000000002e-05 	 Training loss: 0.06305294901132584
[2025-01-16 05:56:44,326] INFO: Iter 65000 Summary: 
[2025-01-16 05:56:44,326] INFO: 	 lr: 1.000000000000002e-05 	 Training loss: 0.06285056680440902
[2025-01-16 05:56:55,482] INFO: Iter 65100 Summary: 
[2025-01-16 05:56:55,482] INFO: 	 lr: 1.000000000000002e-05 	 Training loss: 0.06323924966156483
[2025-01-16 05:57:07,363] INFO: Iter 65200 Summary: 
[2025-01-16 05:57:07,363] INFO: 	 lr: 1.000000000000002e-05 	 Training loss: 0.06367316424846649
[2025-01-16 05:57:17,573] INFO: Iter 65300 Summary: 
[2025-01-16 05:57:17,573] INFO: 	 lr: 1.000000000000002e-05 	 Training loss: 0.06342824731022119
[2025-01-16 05:57:29,239] INFO: Iter 65400 Summary: 
[2025-01-16 05:57:29,239] INFO: 	 lr: 1.000000000000002e-05 	 Training loss: 0.06314627639949322
[2025-01-16 05:57:39,721] INFO: Iter 65500 Summary: 
[2025-01-16 05:57:39,721] INFO: 	 lr: 1.000000000000002e-05 	 Training loss: 0.06347573101520539
[2025-01-16 05:57:51,666] INFO: Iter 65600 Summary: 
[2025-01-16 05:57:51,666] INFO: 	 lr: 1.000000000000002e-05 	 Training loss: 0.06334779541939498
[2025-01-16 05:58:02,919] INFO: Iter 65700 Summary: 
[2025-01-16 05:58:02,919] INFO: 	 lr: 1.000000000000002e-05 	 Training loss: 0.06340264759957791
[2025-01-16 05:58:13,472] INFO: Iter 65800 Summary: 
[2025-01-16 05:58:13,472] INFO: 	 lr: 1.000000000000002e-05 	 Training loss: 0.06316742643713952
[2025-01-16 05:58:24,501] INFO: Iter 65900 Summary: 
[2025-01-16 05:58:24,502] INFO: 	 lr: 1.000000000000002e-05 	 Training loss: 0.06376110758632421
[2025-01-16 05:58:36,013] INFO: Iter 66000 Summary: 
[2025-01-16 05:58:36,014] INFO: 	 lr: 1.000000000000002e-05 	 Training loss: 0.06298620253801346
[2025-01-16 05:58:48,622] INFO: Iter 66100 Summary: 
[2025-01-16 05:58:48,622] INFO: 	 lr: 1.000000000000002e-05 	 Training loss: 0.06347565531730652
[2025-01-16 05:58:58,936] INFO: Iter 66200 Summary: 
[2025-01-16 05:58:58,937] INFO: 	 lr: 1.000000000000002e-05 	 Training loss: 0.06332813344895839
[2025-01-16 05:59:09,222] INFO: Iter 66300 Summary: 
[2025-01-16 05:59:09,222] INFO: 	 lr: 1.000000000000002e-05 	 Training loss: 0.06337472300976515
[2025-01-16 05:59:19,800] INFO: Iter 66400 Summary: 
[2025-01-16 05:59:19,801] INFO: 	 lr: 1.000000000000002e-05 	 Training loss: 0.06312736272811889
[2025-01-16 05:59:31,145] INFO: Iter 66500 Summary: 
[2025-01-16 05:59:31,145] INFO: 	 lr: 1.000000000000002e-05 	 Training loss: 0.06293421432375908
[2025-01-16 05:59:43,605] INFO: Iter 66600 Summary: 
[2025-01-16 05:59:43,606] INFO: 	 lr: 1.000000000000002e-05 	 Training loss: 0.06335745669901371
[2025-01-16 05:59:54,899] INFO: Iter 66700 Summary: 
[2025-01-16 05:59:54,899] INFO: 	 lr: 1.000000000000002e-05 	 Training loss: 0.06322355423122644
[2025-01-16 06:00:06,080] INFO: Iter 66800 Summary: 
[2025-01-16 06:00:06,080] INFO: 	 lr: 1.000000000000002e-05 	 Training loss: 0.06335865911096335
[2025-01-16 06:00:16,083] INFO: Iter 66900 Summary: 
[2025-01-16 06:00:16,083] INFO: 	 lr: 1.000000000000002e-05 	 Training loss: 0.06296078290790319
[2025-01-16 06:00:27,172] INFO: Iter 67000 Summary: 
[2025-01-16 06:00:27,173] INFO: 	 lr: 1.000000000000002e-05 	 Training loss: 0.06329718463122845
[2025-01-16 06:00:37,762] INFO: Iter 67100 Summary: 
[2025-01-16 06:00:37,762] INFO: 	 lr: 1.000000000000002e-05 	 Training loss: 0.06302918147295714
[2025-01-16 06:00:49,007] INFO: Iter 67200 Summary: 
[2025-01-16 06:00:49,007] INFO: 	 lr: 1.000000000000002e-05 	 Training loss: 0.06349785655736923
[2025-01-16 06:01:01,029] INFO: Iter 67300 Summary: 
[2025-01-16 06:01:01,029] INFO: 	 lr: 1.000000000000002e-05 	 Training loss: 0.06305356163531542
[2025-01-16 06:01:10,478] INFO: Iter 67400 Summary: 
[2025-01-16 06:01:10,478] INFO: 	 lr: 1.000000000000002e-05 	 Training loss: 0.06334615610539913
[2025-01-16 06:01:21,088] INFO: Iter 67500 Summary: 
[2025-01-16 06:01:21,089] INFO: 	 lr: 1.000000000000002e-05 	 Training loss: 0.06290111530572176
[2025-01-16 06:01:32,059] INFO: Iter 67600 Summary: 
[2025-01-16 06:01:32,060] INFO: 	 lr: 1.000000000000002e-05 	 Training loss: 0.0632868629693985
[2025-01-16 06:01:43,315] INFO: Iter 67700 Summary: 
[2025-01-16 06:01:43,315] INFO: 	 lr: 1.000000000000002e-05 	 Training loss: 0.06291786767542362
[2025-01-16 06:01:54,295] INFO: Iter 67800 Summary: 
[2025-01-16 06:01:54,295] INFO: 	 lr: 1.000000000000002e-05 	 Training loss: 0.06320382159203292
[2025-01-16 06:02:05,966] INFO: Iter 67900 Summary: 
[2025-01-16 06:02:05,966] INFO: 	 lr: 1.000000000000002e-05 	 Training loss: 0.06319474779069424
[2025-01-16 06:02:18,069] INFO: Iter 68000 Summary: 
[2025-01-16 06:02:18,069] INFO: 	 lr: 1.000000000000002e-05 	 Training loss: 0.06336003884673119
[2025-01-16 06:02:30,781] INFO: Iter 68100 Summary: 
[2025-01-16 06:02:30,781] INFO: 	 lr: 1.000000000000002e-05 	 Training loss: 0.06291867952793836
[2025-01-16 06:02:42,251] INFO: Iter 68200 Summary: 
[2025-01-16 06:02:42,251] INFO: 	 lr: 1.000000000000002e-05 	 Training loss: 0.06308776438236237
[2025-01-16 06:02:53,531] INFO: Iter 68300 Summary: 
[2025-01-16 06:02:53,531] INFO: 	 lr: 1.000000000000002e-05 	 Training loss: 0.06330399807542562
[2025-01-16 06:03:04,328] INFO: Iter 68400 Summary: 
[2025-01-16 06:03:04,328] INFO: 	 lr: 1.000000000000002e-05 	 Training loss: 0.06295867338776588
[2025-01-16 06:03:16,370] INFO: Iter 68500 Summary: 
[2025-01-16 06:03:16,371] INFO: 	 lr: 1.000000000000002e-05 	 Training loss: 0.06309457659721375
[2025-01-16 06:03:28,672] INFO: Iter 68600 Summary: 
[2025-01-16 06:03:28,672] INFO: 	 lr: 1.000000000000002e-05 	 Training loss: 0.06345625501126051
[2025-01-16 06:03:39,911] INFO: Iter 68700 Summary: 
[2025-01-16 06:03:39,912] INFO: 	 lr: 1.000000000000002e-05 	 Training loss: 0.06300682511180639
[2025-01-16 06:03:51,245] INFO: Iter 68800 Summary: 
[2025-01-16 06:03:51,245] INFO: 	 lr: 1.000000000000002e-05 	 Training loss: 0.06338490106165409
[2025-01-16 06:04:02,011] INFO: Iter 68900 Summary: 
[2025-01-16 06:04:02,012] INFO: 	 lr: 1.000000000000002e-05 	 Training loss: 0.06292636796832085
[2025-01-16 06:04:12,667] INFO: Iter 69000 Summary: 
[2025-01-16 06:04:12,667] INFO: 	 lr: 1.000000000000002e-05 	 Training loss: 0.06310132171958685
[2025-01-16 06:04:23,426] INFO: Iter 69100 Summary: 
[2025-01-16 06:04:23,426] INFO: 	 lr: 1.000000000000002e-05 	 Training loss: 0.06277587853372096
[2025-01-16 06:04:34,744] INFO: Iter 69200 Summary: 
[2025-01-16 06:04:34,744] INFO: 	 lr: 1.000000000000002e-05 	 Training loss: 0.06284815289080142
[2025-01-16 06:04:46,499] INFO: Iter 69300 Summary: 
[2025-01-16 06:04:46,499] INFO: 	 lr: 1.000000000000002e-05 	 Training loss: 0.063567348793149
[2025-01-16 06:04:57,903] INFO: Iter 69400 Summary: 
[2025-01-16 06:04:57,904] INFO: 	 lr: 1.000000000000002e-05 	 Training loss: 0.06295893006026745
[2025-01-16 06:05:08,202] INFO: Iter 69500 Summary: 
[2025-01-16 06:05:08,203] INFO: 	 lr: 1.000000000000002e-05 	 Training loss: 0.06317801024764776
[2025-01-16 06:05:19,196] INFO: Iter 69600 Summary: 
[2025-01-16 06:05:19,196] INFO: 	 lr: 1.000000000000002e-05 	 Training loss: 0.06325899921357632
[2025-01-16 06:05:30,362] INFO: Iter 69700 Summary: 
[2025-01-16 06:05:30,363] INFO: 	 lr: 1.000000000000002e-05 	 Training loss: 0.06288471329957247
[2025-01-16 06:05:42,145] INFO: Iter 69800 Summary: 
[2025-01-16 06:05:42,146] INFO: 	 lr: 1.000000000000002e-05 	 Training loss: 0.06319936502724886
[2025-01-16 06:05:53,681] INFO: Iter 69900 Summary: 
[2025-01-16 06:05:53,681] INFO: 	 lr: 1.000000000000002e-05 	 Training loss: 0.0630906080454588
[2025-01-16 06:06:04,686] INFO: Iter 70000 Summary: 
[2025-01-16 06:06:04,687] INFO: 	 lr: 1.000000000000002e-05 	 Training loss: 0.06274288028478622
[2025-01-16 06:06:18,195] INFO: Iter 70100 Summary: 
[2025-01-16 06:06:18,196] INFO: 	 lr: 1.000000000000002e-05 	 Training loss: 0.06322426993399859
[2025-01-16 06:06:29,605] INFO: Iter 70200 Summary: 
[2025-01-16 06:06:29,605] INFO: 	 lr: 1.000000000000002e-05 	 Training loss: 0.06350227318704128
[2025-01-16 06:06:40,084] INFO: Iter 70300 Summary: 
[2025-01-16 06:06:40,085] INFO: 	 lr: 1.000000000000002e-05 	 Training loss: 0.06296783071011305
[2025-01-16 06:06:50,615] INFO: Iter 70400 Summary: 
[2025-01-16 06:06:50,615] INFO: 	 lr: 1.000000000000002e-05 	 Training loss: 0.06350843988358974
[2025-01-16 06:07:01,918] INFO: Iter 70500 Summary: 
[2025-01-16 06:07:01,918] INFO: 	 lr: 1.000000000000002e-05 	 Training loss: 0.06307150401175023
[2025-01-16 06:07:12,377] INFO: Iter 70600 Summary: 
[2025-01-16 06:07:12,377] INFO: 	 lr: 1.000000000000002e-05 	 Training loss: 0.06289647310972214
[2025-01-16 06:07:24,035] INFO: Iter 70700 Summary: 
[2025-01-16 06:07:24,035] INFO: 	 lr: 1.000000000000002e-05 	 Training loss: 0.06295583870261907
[2025-01-16 06:07:35,033] INFO: Iter 70800 Summary: 
[2025-01-16 06:07:35,034] INFO: 	 lr: 1.000000000000002e-05 	 Training loss: 0.06277406066656113
[2025-01-16 06:07:47,093] INFO: Iter 70900 Summary: 
[2025-01-16 06:07:47,093] INFO: 	 lr: 1.000000000000002e-05 	 Training loss: 0.06291205056011677
[2025-01-16 06:07:57,934] INFO: Iter 71000 Summary: 
[2025-01-16 06:07:57,934] INFO: 	 lr: 1.000000000000002e-05 	 Training loss: 0.06289481390267611
[2025-01-16 06:08:08,271] INFO: Iter 71100 Summary: 
[2025-01-16 06:08:08,272] INFO: 	 lr: 1.000000000000002e-05 	 Training loss: 0.06302282378077508
[2025-01-16 06:08:18,884] INFO: Iter 71200 Summary: 
[2025-01-16 06:08:18,884] INFO: 	 lr: 1.000000000000002e-05 	 Training loss: 0.06329509824514389
[2025-01-16 06:08:30,903] INFO: Iter 71300 Summary: 
[2025-01-16 06:08:30,903] INFO: 	 lr: 1.000000000000002e-05 	 Training loss: 0.06326281249523164
[2025-01-16 06:08:42,705] INFO: Iter 71400 Summary: 
[2025-01-16 06:08:42,706] INFO: 	 lr: 1.000000000000002e-05 	 Training loss: 0.06298625893890858
[2025-01-16 06:08:53,701] INFO: Iter 71500 Summary: 
[2025-01-16 06:08:53,701] INFO: 	 lr: 1.000000000000002e-05 	 Training loss: 0.06301348760724068
[2025-01-16 06:09:04,564] INFO: Iter 71600 Summary: 
[2025-01-16 06:09:04,564] INFO: 	 lr: 1.000000000000002e-05 	 Training loss: 0.06312121413648128
[2025-01-16 06:09:15,893] INFO: Iter 71700 Summary: 
[2025-01-16 06:09:15,894] INFO: 	 lr: 1.000000000000002e-05 	 Training loss: 0.06275996208190918
[2025-01-16 06:09:26,644] INFO: Iter 71800 Summary: 
[2025-01-16 06:09:26,645] INFO: 	 lr: 1.000000000000002e-05 	 Training loss: 0.06302807331085206
[2025-01-16 06:09:36,977] INFO: Iter 71900 Summary: 
[2025-01-16 06:09:36,977] INFO: 	 lr: 1.000000000000002e-05 	 Training loss: 0.0629785043373704
[2025-01-16 06:09:49,056] INFO: Iter 72000 Summary: 
[2025-01-16 06:09:49,057] INFO: 	 lr: 1.000000000000002e-05 	 Training loss: 0.06342584501951933
[2025-01-16 06:10:01,883] INFO: Iter 72100 Summary: 
[2025-01-16 06:10:01,883] INFO: 	 lr: 1.000000000000002e-05 	 Training loss: 0.062758370898664
[2025-01-16 06:10:12,933] INFO: Iter 72200 Summary: 
[2025-01-16 06:10:12,933] INFO: 	 lr: 1.000000000000002e-05 	 Training loss: 0.06332720208913088
[2025-01-16 06:10:23,601] INFO: Iter 72300 Summary: 
[2025-01-16 06:10:23,601] INFO: 	 lr: 1.000000000000002e-05 	 Training loss: 0.06265880092978478
[2025-01-16 06:10:35,322] INFO: Iter 72400 Summary: 
[2025-01-16 06:10:35,322] INFO: 	 lr: 1.000000000000002e-05 	 Training loss: 0.0632355223223567
[2025-01-16 06:10:47,763] INFO: Iter 72500 Summary: 
[2025-01-16 06:10:47,764] INFO: 	 lr: 1.000000000000002e-05 	 Training loss: 0.063168577067554
[2025-01-16 06:10:59,236] INFO: Iter 72600 Summary: 
[2025-01-16 06:10:59,236] INFO: 	 lr: 1.000000000000002e-05 	 Training loss: 0.06300404578447343
[2025-01-16 06:11:09,956] INFO: Iter 72700 Summary: 
[2025-01-16 06:11:09,956] INFO: 	 lr: 1.000000000000002e-05 	 Training loss: 0.06311573706567288
[2025-01-16 06:11:21,183] INFO: Iter 72800 Summary: 
[2025-01-16 06:11:21,184] INFO: 	 lr: 1.000000000000002e-05 	 Training loss: 0.06295526705682278
[2025-01-16 06:11:32,092] INFO: Iter 72900 Summary: 
[2025-01-16 06:11:32,093] INFO: 	 lr: 1.000000000000002e-05 	 Training loss: 0.06292498245835304
[2025-01-16 06:11:43,608] INFO: Iter 73000 Summary: 
[2025-01-16 06:11:43,608] INFO: 	 lr: 1.000000000000002e-05 	 Training loss: 0.06299607660621405
[2025-01-16 06:11:54,899] INFO: Iter 73100 Summary: 
[2025-01-16 06:11:54,899] INFO: 	 lr: 1.000000000000002e-05 	 Training loss: 0.06313621271401644
[2025-01-16 06:12:04,871] INFO: Iter 73200 Summary: 
[2025-01-16 06:12:04,871] INFO: 	 lr: 1.000000000000002e-05 	 Training loss: 0.06275951504707336
[2025-01-16 06:12:15,331] INFO: Iter 73300 Summary: 
[2025-01-16 06:12:15,331] INFO: 	 lr: 1.000000000000002e-05 	 Training loss: 0.0630688589438796
[2025-01-16 06:12:27,384] INFO: Iter 73400 Summary: 
[2025-01-16 06:12:27,385] INFO: 	 lr: 1.000000000000002e-05 	 Training loss: 0.06293235380202532
[2025-01-16 06:12:38,706] INFO: Iter 73500 Summary: 
[2025-01-16 06:12:38,706] INFO: 	 lr: 1.000000000000002e-05 	 Training loss: 0.06301354430615902
[2025-01-16 06:12:49,643] INFO: Iter 73600 Summary: 
[2025-01-16 06:12:49,643] INFO: 	 lr: 1.000000000000002e-05 	 Training loss: 0.06295475378632545
[2025-01-16 06:13:01,006] INFO: Iter 73700 Summary: 
[2025-01-16 06:13:01,006] INFO: 	 lr: 1.000000000000002e-05 	 Training loss: 0.06315541375428438
[2025-01-16 06:13:11,505] INFO: Iter 73800 Summary: 
[2025-01-16 06:13:11,505] INFO: 	 lr: 1.000000000000002e-05 	 Training loss: 0.06281499370932579
[2025-01-16 06:13:22,510] INFO: Iter 73900 Summary: 
[2025-01-16 06:13:22,510] INFO: 	 lr: 1.000000000000002e-05 	 Training loss: 0.06289908118546009
[2025-01-16 06:13:34,305] INFO: Iter 74000 Summary: 
[2025-01-16 06:13:34,306] INFO: 	 lr: 1.000000000000002e-05 	 Training loss: 0.06358243212103844
[2025-01-16 06:13:46,621] INFO: Iter 74100 Summary: 
[2025-01-16 06:13:46,622] INFO: 	 lr: 1.000000000000002e-05 	 Training loss: 0.06300557091832161
[2025-01-16 06:13:57,695] INFO: Iter 74200 Summary: 
[2025-01-16 06:13:57,695] INFO: 	 lr: 1.000000000000002e-05 	 Training loss: 0.06315597433596849
[2025-01-16 06:14:08,361] INFO: Iter 74300 Summary: 
[2025-01-16 06:14:08,361] INFO: 	 lr: 1.000000000000002e-05 	 Training loss: 0.06289090726524592
[2025-01-16 06:14:20,309] INFO: Iter 74400 Summary: 
[2025-01-16 06:14:20,310] INFO: 	 lr: 1.000000000000002e-05 	 Training loss: 0.06307148020714522
[2025-01-16 06:14:31,226] INFO: Iter 74500 Summary: 
[2025-01-16 06:14:31,226] INFO: 	 lr: 1.000000000000002e-05 	 Training loss: 0.06283172868192195
[2025-01-16 06:14:42,982] INFO: Iter 74600 Summary: 
[2025-01-16 06:14:42,982] INFO: 	 lr: 1.000000000000002e-05 	 Training loss: 0.06288047343492507
[2025-01-16 06:14:55,288] INFO: Iter 74700 Summary: 
[2025-01-16 06:14:55,289] INFO: 	 lr: 1.000000000000002e-05 	 Training loss: 0.06297839049249887
[2025-01-16 06:15:06,209] INFO: Iter 74800 Summary: 
[2025-01-16 06:15:06,209] INFO: 	 lr: 1.000000000000002e-05 	 Training loss: 0.06261161580681801
[2025-01-16 06:15:17,692] INFO: Iter 74900 Summary: 
[2025-01-16 06:15:17,693] INFO: 	 lr: 1.000000000000002e-05 	 Training loss: 0.06272983483970165
[2025-01-16 06:15:27,813] INFO: Iter 75000 Summary: 
[2025-01-16 06:15:27,814] INFO: 	 lr: 1.000000000000002e-05 	 Training loss: 0.06328562721610069
[2025-01-16 06:15:38,975] INFO: Iter 75100 Summary: 
[2025-01-16 06:15:38,975] INFO: 	 lr: 1.000000000000002e-05 	 Training loss: 0.06300314821302891
[2025-01-16 06:15:48,937] INFO: Iter 75200 Summary: 
[2025-01-16 06:15:48,937] INFO: 	 lr: 1.000000000000002e-05 	 Training loss: 0.06308525826781988
[2025-01-16 06:15:56,643] INFO: Iter 75300 Summary: 
[2025-01-16 06:15:56,643] INFO: 	 lr: 1.000000000000002e-05 	 Training loss: 0.0628779874742031
[2025-01-16 06:16:03,894] INFO: Iter 75400 Summary: 
[2025-01-16 06:16:03,895] INFO: 	 lr: 1.000000000000002e-05 	 Training loss: 0.06299167454242706
[2025-01-16 06:16:10,906] INFO: Iter 75500 Summary: 
[2025-01-16 06:16:10,907] INFO: 	 lr: 1.000000000000002e-05 	 Training loss: 0.0627741514891386
[2025-01-16 06:16:17,804] INFO: Iter 75600 Summary: 
[2025-01-16 06:16:17,804] INFO: 	 lr: 1.000000000000002e-05 	 Training loss: 0.06293124623596669
[2025-01-16 06:16:24,812] INFO: Iter 75700 Summary: 
[2025-01-16 06:16:24,812] INFO: 	 lr: 1.000000000000002e-05 	 Training loss: 0.06279267933219672
[2025-01-16 06:16:31,436] INFO: Iter 75800 Summary: 
[2025-01-16 06:16:31,436] INFO: 	 lr: 1.000000000000002e-05 	 Training loss: 0.06320972226560116
[2025-01-16 06:16:38,436] INFO: Iter 75900 Summary: 
[2025-01-16 06:16:38,437] INFO: 	 lr: 1.000000000000002e-05 	 Training loss: 0.06293971739709377
[2025-01-16 06:16:45,470] INFO: Iter 76000 Summary: 
[2025-01-16 06:16:45,471] INFO: 	 lr: 1.000000000000002e-05 	 Training loss: 0.06298066560178996
[2025-01-16 06:16:53,127] INFO: Iter 76100 Summary: 
[2025-01-16 06:16:53,128] INFO: 	 lr: 1.000000000000002e-05 	 Training loss: 0.06264359265565872
[2025-01-16 06:16:59,801] INFO: Iter 76200 Summary: 
[2025-01-16 06:16:59,801] INFO: 	 lr: 1.000000000000002e-05 	 Training loss: 0.06254963107407092
[2025-01-16 06:17:06,322] INFO: Iter 76300 Summary: 
[2025-01-16 06:17:06,323] INFO: 	 lr: 1.000000000000002e-05 	 Training loss: 0.06298512201756239
[2025-01-16 06:17:13,978] INFO: Iter 76400 Summary: 
[2025-01-16 06:17:13,978] INFO: 	 lr: 1.000000000000002e-05 	 Training loss: 0.06290053963661194
[2025-01-16 06:17:20,731] INFO: Iter 76500 Summary: 
[2025-01-16 06:17:20,731] INFO: 	 lr: 1.000000000000002e-05 	 Training loss: 0.06293062321841716
[2025-01-16 06:17:27,868] INFO: Iter 76600 Summary: 
[2025-01-16 06:17:27,868] INFO: 	 lr: 1.000000000000002e-05 	 Training loss: 0.06320467609912157
[2025-01-16 06:17:34,857] INFO: Iter 76700 Summary: 
[2025-01-16 06:17:34,857] INFO: 	 lr: 1.000000000000002e-05 	 Training loss: 0.06296275522559881
[2025-01-16 06:17:42,396] INFO: Iter 76800 Summary: 
[2025-01-16 06:17:42,397] INFO: 	 lr: 1.000000000000002e-05 	 Training loss: 0.06305918980389834
[2025-01-16 06:17:49,687] INFO: Iter 76900 Summary: 
[2025-01-16 06:17:49,688] INFO: 	 lr: 1.000000000000002e-05 	 Training loss: 0.06277514923363924
[2025-01-16 06:17:56,528] INFO: Iter 77000 Summary: 
[2025-01-16 06:17:56,528] INFO: 	 lr: 1.000000000000002e-05 	 Training loss: 0.06309166591614485
[2025-01-16 06:18:03,641] INFO: Iter 77100 Summary: 
[2025-01-16 06:18:03,641] INFO: 	 lr: 1.000000000000002e-05 	 Training loss: 0.06312461387366057
[2025-01-16 06:18:10,630] INFO: Iter 77200 Summary: 
[2025-01-16 06:18:10,630] INFO: 	 lr: 1.000000000000002e-05 	 Training loss: 0.06322536710649729
[2025-01-16 06:18:17,358] INFO: Iter 77300 Summary: 
[2025-01-16 06:18:17,358] INFO: 	 lr: 1.000000000000002e-05 	 Training loss: 0.06268997952342033
[2025-01-16 06:18:24,546] INFO: Iter 77400 Summary: 
[2025-01-16 06:18:24,546] INFO: 	 lr: 1.000000000000002e-05 	 Training loss: 0.06272142391651869
[2025-01-16 06:18:32,060] INFO: Iter 77500 Summary: 
[2025-01-16 06:18:32,061] INFO: 	 lr: 1.000000000000002e-05 	 Training loss: 0.06274011991918087
[2025-01-16 06:18:39,098] INFO: Iter 77600 Summary: 
[2025-01-16 06:18:39,098] INFO: 	 lr: 1.000000000000002e-05 	 Training loss: 0.06263059772551059
[2025-01-16 06:18:46,041] INFO: Iter 77700 Summary: 
[2025-01-16 06:18:46,041] INFO: 	 lr: 1.000000000000002e-05 	 Training loss: 0.06305588275194168
[2025-01-16 06:18:53,009] INFO: Iter 77800 Summary: 
[2025-01-16 06:18:53,010] INFO: 	 lr: 1.000000000000002e-05 	 Training loss: 0.06296530805528164
[2025-01-16 06:18:59,419] INFO: Iter 77900 Summary: 
[2025-01-16 06:18:59,420] INFO: 	 lr: 1.000000000000002e-05 	 Training loss: 0.06305758595466614
[2025-01-16 06:19:06,343] INFO: Iter 78000 Summary: 
[2025-01-16 06:19:06,343] INFO: 	 lr: 1.000000000000002e-05 	 Training loss: 0.06290875125676393
[2025-01-16 06:19:14,835] INFO: Iter 78100 Summary: 
[2025-01-16 06:19:14,835] INFO: 	 lr: 1.000000000000002e-05 	 Training loss: 0.062445397414267065
[2025-01-16 06:19:21,934] INFO: Iter 78200 Summary: 
[2025-01-16 06:19:21,934] INFO: 	 lr: 1.000000000000002e-05 	 Training loss: 0.06298794064670801
[2025-01-16 06:19:28,801] INFO: Iter 78300 Summary: 
[2025-01-16 06:19:28,801] INFO: 	 lr: 1.000000000000002e-05 	 Training loss: 0.06265533596277237
[2025-01-16 06:19:37,042] INFO: Iter 78400 Summary: 
[2025-01-16 06:19:37,043] INFO: 	 lr: 1.000000000000002e-05 	 Training loss: 0.06282546680420636
[2025-01-16 06:19:44,142] INFO: Iter 78500 Summary: 
[2025-01-16 06:19:44,143] INFO: 	 lr: 1.000000000000002e-05 	 Training loss: 0.06274080775678158
[2025-01-16 06:19:51,413] INFO: Iter 78600 Summary: 
[2025-01-16 06:19:51,413] INFO: 	 lr: 1.000000000000002e-05 	 Training loss: 0.06284268707036972
[2025-01-16 06:19:57,807] INFO: Iter 78700 Summary: 
[2025-01-16 06:19:57,808] INFO: 	 lr: 1.000000000000002e-05 	 Training loss: 0.06271114155650138
[2025-01-16 06:20:05,400] INFO: Iter 78800 Summary: 
[2025-01-16 06:20:05,401] INFO: 	 lr: 1.000000000000002e-05 	 Training loss: 0.06312843065708876
[2025-01-16 06:20:12,188] INFO: Iter 78900 Summary: 
[2025-01-16 06:20:12,188] INFO: 	 lr: 1.000000000000002e-05 	 Training loss: 0.062340293861925605
[2025-01-16 06:20:19,088] INFO: Iter 79000 Summary: 
[2025-01-16 06:20:19,088] INFO: 	 lr: 1.000000000000002e-05 	 Training loss: 0.06271233055740595
[2025-01-16 06:20:25,886] INFO: Iter 79100 Summary: 
[2025-01-16 06:20:25,886] INFO: 	 lr: 1.000000000000002e-05 	 Training loss: 0.06298888102173805
[2025-01-16 06:20:33,037] INFO: Iter 79200 Summary: 
[2025-01-16 06:20:33,038] INFO: 	 lr: 1.000000000000002e-05 	 Training loss: 0.06269483227282763
[2025-01-16 06:20:39,655] INFO: Iter 79300 Summary: 
[2025-01-16 06:20:39,655] INFO: 	 lr: 1.000000000000002e-05 	 Training loss: 0.06262750785797834
[2025-01-16 06:20:46,595] INFO: Iter 79400 Summary: 
[2025-01-16 06:20:46,595] INFO: 	 lr: 1.000000000000002e-05 	 Training loss: 0.06308639664202928
[2025-01-16 06:20:54,142] INFO: Iter 79500 Summary: 
[2025-01-16 06:20:54,143] INFO: 	 lr: 1.000000000000002e-05 	 Training loss: 0.06305750098079443
[2025-01-16 06:21:00,783] INFO: Iter 79600 Summary: 
[2025-01-16 06:21:00,784] INFO: 	 lr: 1.000000000000002e-05 	 Training loss: 0.06300455372780561
[2025-01-16 06:21:07,717] INFO: Iter 79700 Summary: 
[2025-01-16 06:21:07,717] INFO: 	 lr: 1.000000000000002e-05 	 Training loss: 0.06213864605873823
[2025-01-16 06:21:14,765] INFO: Iter 79800 Summary: 
[2025-01-16 06:21:14,765] INFO: 	 lr: 1.000000000000002e-05 	 Training loss: 0.06315212365239858
[2025-01-16 06:21:21,668] INFO: Iter 79900 Summary: 
[2025-01-16 06:21:21,668] INFO: 	 lr: 1.000000000000002e-05 	 Training loss: 0.06314951591193677
[2025-01-16 06:21:28,706] INFO: Iter 80000 Summary: 
[2025-01-16 06:21:28,707] INFO: 	 lr: 1.000000000000002e-05 	 Training loss: 0.06278609234839677
