[2025-01-16 03:34:24,699] INFO: {
    "abs_dir": "/home/diwang/siMLPe/exps/baseline_h36m",
    "batch_size": 256,
    "cos_lr_max": 1e-05,
    "cos_lr_min": 5e-08,
    "cos_lr_total_iters": 80000,
    "data_aug": true,
    "deriv_input": true,
    "deriv_output": true,
    "device": "cuda:4",
    "h36m_anno_dir": "/home/diwang/siMLPe/data/h36m/",
    "link_log_file": "/home/diwang/siMLPe/exps/baseline_h36m/log/log_last.log",
    "link_val_log_file": "/home/diwang/siMLPe/exps/baseline_h36m/log/val_last.log",
    "log_dir": "/home/diwang/siMLPe/exps/baseline_h36m/log",
    "log_file": "/home/diwang/siMLPe/exps/baseline_h36m/log/log_2025_01_16_03_33_58.log",
    "model_pth": null,
    "motion": {
        "dim": 66,
        "h36m_input_length": 50,
        "h36m_input_length_dct": 50,
        "h36m_target_length": 15,
        "h36m_target_length_eval": 25,
        "h36m_target_length_train": 15
    },
    "motion_fc_in": {
        "activation": "relu",
        "in_features": 66,
        "init_w_trunc_normal": false,
        "out_features": 66,
        "temporal_fc": false,
        "with_norm": false
    },
    "motion_fc_out": {
        "activation": "relu",
        "in_features": 66,
        "init_w_trunc_normal": true,
        "out_features": 66,
        "temporal_fc": false,
        "with_norm": false
    },
    "motion_mlp": {
        "hidden_dim": 66,
        "norm_axis": "spatial",
        "num_layers": 48,
        "seq_len": 50,
        "spatial_fc_only": false,
        "with_normalization": true
    },
    "num_workers": 8,
    "post_dct": false,
    "pre_dct": false,
    "print_every": 100,
    "repo_name": "siMLPe",
    "root_dir": "/home/diwang/siMLPe",
    "save_every": 2000,
    "seed": 304,
    "shift_step": 1,
    "snapshot_dir": "/home/diwang/siMLPe/exps/baseline_h36m/log/snapshot",
    "this_dir": "baseline_h36m",
    "use_relative_loss": true,
    "val_log_file": "/home/diwang/siMLPe/exps/baseline_h36m/log/val_2025_01_16_03_33_58.log",
    "weight_decay": 0.0001
}
[2025-01-16 03:34:39,671] INFO: Iter 100 Summary: 
[2025-01-16 03:34:39,671] INFO: 	 lr: 0.00030000000000000073 	 Training loss: 0.11142300605773926
[2025-01-16 03:34:52,477] INFO: Iter 200 Summary: 
[2025-01-16 03:34:52,481] INFO: 	 lr: 0.00030000000000000073 	 Training loss: 0.09079769432544708
[2025-01-16 03:35:05,212] INFO: Iter 300 Summary: 
[2025-01-16 03:35:05,213] INFO: 	 lr: 0.00030000000000000073 	 Training loss: 0.08474691107869148
[2025-01-16 03:35:18,785] INFO: Iter 400 Summary: 
[2025-01-16 03:35:18,785] INFO: 	 lr: 0.00030000000000000073 	 Training loss: 0.08234743803739547
[2025-01-16 03:35:31,609] INFO: Iter 500 Summary: 
[2025-01-16 03:35:31,610] INFO: 	 lr: 0.00030000000000000073 	 Training loss: 0.0773460729420185
[2025-01-16 03:35:44,621] INFO: Iter 600 Summary: 
[2025-01-16 03:35:44,621] INFO: 	 lr: 0.00030000000000000073 	 Training loss: 0.07495298966765404
[2025-01-16 03:35:57,988] INFO: Iter 700 Summary: 
[2025-01-16 03:35:57,988] INFO: 	 lr: 0.00030000000000000073 	 Training loss: 0.07406583547592163
[2025-01-16 03:36:12,457] INFO: Iter 800 Summary: 
[2025-01-16 03:36:12,458] INFO: 	 lr: 0.00030000000000000073 	 Training loss: 0.0730615185201168
[2025-01-16 03:36:24,469] INFO: Iter 900 Summary: 
[2025-01-16 03:36:24,470] INFO: 	 lr: 0.00030000000000000073 	 Training loss: 0.07251390643417835
[2025-01-16 03:36:37,579] INFO: Iter 1000 Summary: 
[2025-01-16 03:36:37,579] INFO: 	 lr: 0.00030000000000000073 	 Training loss: 0.07170577943325043
[2025-01-16 03:36:47,711] INFO: Iter 1100 Summary: 
[2025-01-16 03:36:47,711] INFO: 	 lr: 0.00030000000000000073 	 Training loss: 0.07108901776373386
[2025-01-16 03:37:01,078] INFO: Iter 1200 Summary: 
[2025-01-16 03:37:01,079] INFO: 	 lr: 0.00030000000000000073 	 Training loss: 0.07048137784004212
[2025-01-16 03:37:13,461] INFO: Iter 1300 Summary: 
[2025-01-16 03:37:13,462] INFO: 	 lr: 0.00030000000000000073 	 Training loss: 0.06969040356576443
[2025-01-16 03:37:25,220] INFO: Iter 1400 Summary: 
[2025-01-16 03:37:25,220] INFO: 	 lr: 0.00030000000000000073 	 Training loss: 0.06982673853635787
[2025-01-16 03:37:38,856] INFO: Iter 1500 Summary: 
[2025-01-16 03:37:38,857] INFO: 	 lr: 0.00030000000000000073 	 Training loss: 0.06902225770056247
[2025-01-16 03:37:52,415] INFO: Iter 1600 Summary: 
[2025-01-16 03:37:52,415] INFO: 	 lr: 0.00030000000000000073 	 Training loss: 0.06832976847887039
[2025-01-16 03:38:06,811] INFO: Iter 1700 Summary: 
[2025-01-16 03:38:06,811] INFO: 	 lr: 0.00030000000000000073 	 Training loss: 0.06870577462017537
[2025-01-16 03:38:19,216] INFO: Iter 1800 Summary: 
[2025-01-16 03:38:19,216] INFO: 	 lr: 0.00030000000000000073 	 Training loss: 0.06788849107921123
[2025-01-16 03:38:30,717] INFO: Iter 1900 Summary: 
[2025-01-16 03:38:30,718] INFO: 	 lr: 0.00030000000000000073 	 Training loss: 0.06777332480996848
[2025-01-16 03:38:44,463] INFO: Iter 2000 Summary: 
[2025-01-16 03:38:44,464] INFO: 	 lr: 0.00030000000000000073 	 Training loss: 0.06747665610164404
[2025-01-16 03:39:02,762] INFO: Iter 2100 Summary: 
[2025-01-16 03:39:02,762] INFO: 	 lr: 0.00030000000000000073 	 Training loss: 0.06667713228613138
[2025-01-16 03:39:16,219] INFO: Iter 2200 Summary: 
[2025-01-16 03:39:16,219] INFO: 	 lr: 0.00030000000000000073 	 Training loss: 0.06687732569873334
[2025-01-16 03:39:28,590] INFO: Iter 2300 Summary: 
[2025-01-16 03:39:28,590] INFO: 	 lr: 0.00030000000000000073 	 Training loss: 0.06602357547730207
[2025-01-16 03:39:40,222] INFO: Iter 2400 Summary: 
[2025-01-16 03:39:40,223] INFO: 	 lr: 0.00030000000000000073 	 Training loss: 0.06608718562871217
[2025-01-16 03:39:52,698] INFO: Iter 2500 Summary: 
[2025-01-16 03:39:52,699] INFO: 	 lr: 0.00030000000000000073 	 Training loss: 0.06619684964418411
[2025-01-16 03:40:06,636] INFO: Iter 2600 Summary: 
[2025-01-16 03:40:06,636] INFO: 	 lr: 0.00030000000000000073 	 Training loss: 0.0658307883515954
[2025-01-16 03:40:18,251] INFO: Iter 2700 Summary: 
[2025-01-16 03:40:18,251] INFO: 	 lr: 0.00030000000000000073 	 Training loss: 0.06568427156656981
[2025-01-16 03:40:30,480] INFO: Iter 2800 Summary: 
[2025-01-16 03:40:30,481] INFO: 	 lr: 0.00030000000000000073 	 Training loss: 0.06545645780861378
[2025-01-16 03:40:42,701] INFO: Iter 2900 Summary: 
[2025-01-16 03:40:42,701] INFO: 	 lr: 0.00030000000000000073 	 Training loss: 0.06540576636791229
[2025-01-16 03:40:55,187] INFO: Iter 3000 Summary: 
[2025-01-16 03:40:55,187] INFO: 	 lr: 0.00030000000000000073 	 Training loss: 0.06496251907199621
[2025-01-16 03:41:06,624] INFO: Iter 3100 Summary: 
[2025-01-16 03:41:06,624] INFO: 	 lr: 0.00030000000000000073 	 Training loss: 0.0644339432939887
[2025-01-16 03:41:18,558] INFO: Iter 3200 Summary: 
[2025-01-16 03:41:18,558] INFO: 	 lr: 0.00030000000000000073 	 Training loss: 0.06423560999333859
[2025-01-16 03:41:32,586] INFO: Iter 3300 Summary: 
[2025-01-16 03:41:32,587] INFO: 	 lr: 0.00030000000000000073 	 Training loss: 0.06390551261603833
[2025-01-16 03:41:46,064] INFO: Iter 3400 Summary: 
[2025-01-16 03:41:46,064] INFO: 	 lr: 0.00030000000000000073 	 Training loss: 0.06408596176654101
[2025-01-16 03:42:00,712] INFO: Iter 3500 Summary: 
[2025-01-16 03:42:00,712] INFO: 	 lr: 0.00030000000000000073 	 Training loss: 0.063617639914155
[2025-01-16 03:42:14,752] INFO: Iter 3600 Summary: 
[2025-01-16 03:42:14,753] INFO: 	 lr: 0.00030000000000000073 	 Training loss: 0.06354965873062611
[2025-01-16 03:42:26,929] INFO: Iter 3700 Summary: 
[2025-01-16 03:42:26,929] INFO: 	 lr: 0.00030000000000000073 	 Training loss: 0.06368703316897154
[2025-01-16 03:42:38,837] INFO: Iter 3800 Summary: 
[2025-01-16 03:42:38,837] INFO: 	 lr: 0.00030000000000000073 	 Training loss: 0.0634360432997346
[2025-01-16 03:42:51,403] INFO: Iter 3900 Summary: 
[2025-01-16 03:42:51,403] INFO: 	 lr: 0.00030000000000000073 	 Training loss: 0.06345631998032332
[2025-01-16 03:43:04,575] INFO: Iter 4000 Summary: 
[2025-01-16 03:43:04,575] INFO: 	 lr: 0.00030000000000000073 	 Training loss: 0.06352629691362381
[2025-01-16 03:43:20,734] INFO: Iter 4100 Summary: 
[2025-01-16 03:43:20,734] INFO: 	 lr: 0.00030000000000000073 	 Training loss: 0.06285861954092979
[2025-01-16 03:43:33,983] INFO: Iter 4200 Summary: 
[2025-01-16 03:43:33,984] INFO: 	 lr: 0.00030000000000000073 	 Training loss: 0.0632280570268631
[2025-01-16 03:43:47,847] INFO: Iter 4300 Summary: 
[2025-01-16 03:43:47,847] INFO: 	 lr: 0.00030000000000000073 	 Training loss: 0.06306093133985996
[2025-01-16 03:44:00,036] INFO: Iter 4400 Summary: 
[2025-01-16 03:44:00,046] INFO: 	 lr: 0.00030000000000000073 	 Training loss: 0.06245278764516115
[2025-01-16 03:44:13,487] INFO: Iter 4500 Summary: 
[2025-01-16 03:44:13,488] INFO: 	 lr: 0.00030000000000000073 	 Training loss: 0.06238235250115395
[2025-01-16 03:44:26,687] INFO: Iter 4600 Summary: 
[2025-01-16 03:44:26,688] INFO: 	 lr: 0.00030000000000000073 	 Training loss: 0.061792026348412035
[2025-01-16 03:44:38,438] INFO: Iter 4700 Summary: 
[2025-01-16 03:44:38,438] INFO: 	 lr: 0.00030000000000000073 	 Training loss: 0.06185944549739361
[2025-01-16 03:44:52,044] INFO: Iter 4800 Summary: 
[2025-01-16 03:44:52,044] INFO: 	 lr: 0.00030000000000000073 	 Training loss: 0.06149683516472578
[2025-01-16 03:45:06,093] INFO: Iter 4900 Summary: 
[2025-01-16 03:45:06,093] INFO: 	 lr: 0.00030000000000000073 	 Training loss: 0.0619178694486618
[2025-01-16 03:45:16,680] INFO: Iter 5000 Summary: 
[2025-01-16 03:45:16,681] INFO: 	 lr: 0.00030000000000000073 	 Training loss: 0.06161814853549004
[2025-01-16 03:45:29,315] INFO: Iter 5100 Summary: 
[2025-01-16 03:45:29,315] INFO: 	 lr: 0.00030000000000000073 	 Training loss: 0.06175102096050978
[2025-01-16 03:45:42,585] INFO: Iter 5200 Summary: 
[2025-01-16 03:45:42,585] INFO: 	 lr: 0.00030000000000000073 	 Training loss: 0.06146774023771286
[2025-01-16 03:45:54,592] INFO: Iter 5300 Summary: 
[2025-01-16 03:45:54,592] INFO: 	 lr: 0.00030000000000000073 	 Training loss: 0.06140958920121193
[2025-01-16 03:46:07,161] INFO: Iter 5400 Summary: 
[2025-01-16 03:46:07,162] INFO: 	 lr: 0.00030000000000000073 	 Training loss: 0.06112298283725977
[2025-01-16 03:46:20,382] INFO: Iter 5500 Summary: 
[2025-01-16 03:46:20,382] INFO: 	 lr: 0.00030000000000000073 	 Training loss: 0.06101834878325462
[2025-01-16 03:46:33,652] INFO: Iter 5600 Summary: 
[2025-01-16 03:46:33,652] INFO: 	 lr: 0.00030000000000000073 	 Training loss: 0.060093992687761784
[2025-01-16 03:46:45,885] INFO: Iter 5700 Summary: 
[2025-01-16 03:46:45,886] INFO: 	 lr: 0.00030000000000000073 	 Training loss: 0.06085364781320095
[2025-01-16 03:46:58,569] INFO: Iter 5800 Summary: 
[2025-01-16 03:46:58,569] INFO: 	 lr: 0.00030000000000000073 	 Training loss: 0.060670437105000016
[2025-01-16 03:47:10,782] INFO: Iter 5900 Summary: 
[2025-01-16 03:47:10,782] INFO: 	 lr: 0.00030000000000000073 	 Training loss: 0.060433647632598876
[2025-01-16 03:47:23,012] INFO: Iter 6000 Summary: 
[2025-01-16 03:47:23,012] INFO: 	 lr: 0.00030000000000000073 	 Training loss: 0.060657468028366565
[2025-01-16 03:47:39,418] INFO: Iter 6100 Summary: 
[2025-01-16 03:47:39,419] INFO: 	 lr: 0.00030000000000000073 	 Training loss: 0.060005018152296544
[2025-01-16 03:47:52,520] INFO: Iter 6200 Summary: 
[2025-01-16 03:47:52,520] INFO: 	 lr: 0.00030000000000000073 	 Training loss: 0.06009738236665726
[2025-01-16 03:48:03,916] INFO: Iter 6300 Summary: 
[2025-01-16 03:48:03,916] INFO: 	 lr: 0.00030000000000000073 	 Training loss: 0.05981476202607155
[2025-01-16 03:48:16,608] INFO: Iter 6400 Summary: 
[2025-01-16 03:48:16,608] INFO: 	 lr: 0.00030000000000000073 	 Training loss: 0.059795442260801794
[2025-01-16 03:48:28,453] INFO: Iter 6500 Summary: 
[2025-01-16 03:48:28,453] INFO: 	 lr: 0.00030000000000000073 	 Training loss: 0.05906641762703657
[2025-01-16 03:48:40,422] INFO: Iter 6600 Summary: 
[2025-01-16 03:48:40,422] INFO: 	 lr: 0.00030000000000000073 	 Training loss: 0.059411501437425615
[2025-01-16 03:48:52,078] INFO: Iter 6700 Summary: 
[2025-01-16 03:48:52,079] INFO: 	 lr: 0.00030000000000000073 	 Training loss: 0.059744153320789334
[2025-01-16 03:49:06,387] INFO: Iter 6800 Summary: 
[2025-01-16 03:49:06,387] INFO: 	 lr: 0.00030000000000000073 	 Training loss: 0.059319113716483116
[2025-01-16 03:49:20,803] INFO: Iter 6900 Summary: 
[2025-01-16 03:49:20,803] INFO: 	 lr: 0.00030000000000000073 	 Training loss: 0.05897111646831035
[2025-01-16 03:49:34,004] INFO: Iter 7000 Summary: 
[2025-01-16 03:49:34,004] INFO: 	 lr: 0.00030000000000000073 	 Training loss: 0.05923843327909708
[2025-01-16 03:49:45,738] INFO: Iter 7100 Summary: 
[2025-01-16 03:49:45,738] INFO: 	 lr: 0.00030000000000000073 	 Training loss: 0.05887029897421599
[2025-01-16 03:49:58,916] INFO: Iter 7200 Summary: 
[2025-01-16 03:49:58,916] INFO: 	 lr: 0.00030000000000000073 	 Training loss: 0.058941845782101154
[2025-01-16 03:50:12,386] INFO: Iter 7300 Summary: 
[2025-01-16 03:50:12,386] INFO: 	 lr: 0.00030000000000000073 	 Training loss: 0.058278243765234945
[2025-01-16 03:50:24,737] INFO: Iter 7400 Summary: 
[2025-01-16 03:50:24,737] INFO: 	 lr: 0.00030000000000000073 	 Training loss: 0.05815902255475521
[2025-01-16 03:50:38,193] INFO: Iter 7500 Summary: 
[2025-01-16 03:50:38,193] INFO: 	 lr: 0.00030000000000000073 	 Training loss: 0.05835214972496033
[2025-01-16 03:50:52,099] INFO: Iter 7600 Summary: 
[2025-01-16 03:50:52,100] INFO: 	 lr: 0.00030000000000000073 	 Training loss: 0.05853996645659208
[2025-01-16 03:51:04,028] INFO: Iter 7700 Summary: 
[2025-01-16 03:51:04,028] INFO: 	 lr: 0.00030000000000000073 	 Training loss: 0.05844489648938179
[2025-01-16 03:51:16,680] INFO: Iter 7800 Summary: 
[2025-01-16 03:51:16,681] INFO: 	 lr: 0.00030000000000000073 	 Training loss: 0.05831943180412054
[2025-01-16 03:51:29,702] INFO: Iter 7900 Summary: 
[2025-01-16 03:51:29,706] INFO: 	 lr: 0.00030000000000000073 	 Training loss: 0.05789683099836111
[2025-01-16 03:51:43,119] INFO: Iter 8000 Summary: 
[2025-01-16 03:51:43,119] INFO: 	 lr: 0.00030000000000000073 	 Training loss: 0.05747911065816879
[2025-01-16 03:51:58,381] INFO: Iter 8100 Summary: 
[2025-01-16 03:51:58,382] INFO: 	 lr: 0.00030000000000000073 	 Training loss: 0.0578960146009922
[2025-01-16 03:52:10,235] INFO: Iter 8200 Summary: 
[2025-01-16 03:52:10,235] INFO: 	 lr: 0.00030000000000000073 	 Training loss: 0.05790272530168295
[2025-01-16 03:52:25,661] INFO: Iter 8300 Summary: 
[2025-01-16 03:52:25,662] INFO: 	 lr: 0.00030000000000000073 	 Training loss: 0.057507012151181695
[2025-01-16 03:52:38,239] INFO: Iter 8400 Summary: 
[2025-01-16 03:52:38,240] INFO: 	 lr: 0.00030000000000000073 	 Training loss: 0.05747276347130537
[2025-01-16 03:52:50,283] INFO: Iter 8500 Summary: 
[2025-01-16 03:52:50,283] INFO: 	 lr: 0.00030000000000000073 	 Training loss: 0.057565867602825165
[2025-01-16 03:53:03,692] INFO: Iter 8600 Summary: 
[2025-01-16 03:53:03,692] INFO: 	 lr: 0.00030000000000000073 	 Training loss: 0.05777355059981346
[2025-01-16 03:53:15,077] INFO: Iter 8700 Summary: 
[2025-01-16 03:53:15,077] INFO: 	 lr: 0.00030000000000000073 	 Training loss: 0.05736688069999218
[2025-01-16 03:53:27,049] INFO: Iter 8800 Summary: 
[2025-01-16 03:53:27,049] INFO: 	 lr: 0.00030000000000000073 	 Training loss: 0.057636712454259394
[2025-01-16 03:53:39,940] INFO: Iter 8900 Summary: 
[2025-01-16 03:53:39,941] INFO: 	 lr: 0.00030000000000000073 	 Training loss: 0.056716997325420376
[2025-01-16 03:53:52,971] INFO: Iter 9000 Summary: 
[2025-01-16 03:53:52,971] INFO: 	 lr: 0.00030000000000000073 	 Training loss: 0.05660742234438658
[2025-01-16 03:54:04,931] INFO: Iter 9100 Summary: 
[2025-01-16 03:54:04,931] INFO: 	 lr: 0.00030000000000000073 	 Training loss: 0.056878258995711806
[2025-01-16 03:54:17,237] INFO: Iter 9200 Summary: 
[2025-01-16 03:54:17,238] INFO: 	 lr: 0.00030000000000000073 	 Training loss: 0.056552333571016786
[2025-01-16 03:54:29,932] INFO: Iter 9300 Summary: 
[2025-01-16 03:54:29,933] INFO: 	 lr: 0.00030000000000000073 	 Training loss: 0.05669867902994156
[2025-01-16 03:54:42,081] INFO: Iter 9400 Summary: 
[2025-01-16 03:54:42,081] INFO: 	 lr: 0.00030000000000000073 	 Training loss: 0.05661540139466524
[2025-01-16 03:54:55,851] INFO: Iter 9500 Summary: 
[2025-01-16 03:54:55,852] INFO: 	 lr: 0.00030000000000000073 	 Training loss: 0.056383654661476615
[2025-01-16 03:55:09,055] INFO: Iter 9600 Summary: 
[2025-01-16 03:55:09,056] INFO: 	 lr: 0.00030000000000000073 	 Training loss: 0.056759064085781574
[2025-01-16 03:55:21,479] INFO: Iter 9700 Summary: 
[2025-01-16 03:55:21,479] INFO: 	 lr: 0.00030000000000000073 	 Training loss: 0.05656492862850428
[2025-01-16 03:55:34,480] INFO: Iter 9800 Summary: 
[2025-01-16 03:55:34,480] INFO: 	 lr: 0.00030000000000000073 	 Training loss: 0.05616279348731041
[2025-01-16 03:55:47,933] INFO: Iter 9900 Summary: 
[2025-01-16 03:55:47,934] INFO: 	 lr: 0.00030000000000000073 	 Training loss: 0.055795463994145394
[2025-01-16 03:55:59,571] INFO: Iter 10000 Summary: 
[2025-01-16 03:55:59,571] INFO: 	 lr: 0.00030000000000000073 	 Training loss: 0.05640371575951576
[2025-01-16 03:56:14,689] INFO: Iter 10100 Summary: 
[2025-01-16 03:56:14,689] INFO: 	 lr: 0.00030000000000000073 	 Training loss: 0.055694782622158524
[2025-01-16 03:56:27,634] INFO: Iter 10200 Summary: 
[2025-01-16 03:56:27,634] INFO: 	 lr: 0.00030000000000000073 	 Training loss: 0.055902696326375005
[2025-01-16 03:56:41,420] INFO: Iter 10300 Summary: 
[2025-01-16 03:56:41,421] INFO: 	 lr: 0.00030000000000000073 	 Training loss: 0.055654340982437135
[2025-01-16 03:56:53,261] INFO: Iter 10400 Summary: 
[2025-01-16 03:56:53,261] INFO: 	 lr: 0.00030000000000000073 	 Training loss: 0.055848057977855206
[2025-01-16 03:57:04,892] INFO: Iter 10500 Summary: 
[2025-01-16 03:57:04,892] INFO: 	 lr: 0.00030000000000000073 	 Training loss: 0.05577563636004925
[2025-01-16 03:57:18,114] INFO: Iter 10600 Summary: 
[2025-01-16 03:57:18,115] INFO: 	 lr: 0.00030000000000000073 	 Training loss: 0.055540956519544125
[2025-01-16 03:57:30,102] INFO: Iter 10700 Summary: 
[2025-01-16 03:57:30,102] INFO: 	 lr: 0.00030000000000000073 	 Training loss: 0.05599910020828247
[2025-01-16 03:57:43,514] INFO: Iter 10800 Summary: 
[2025-01-16 03:57:43,514] INFO: 	 lr: 0.00030000000000000073 	 Training loss: 0.05551215413957834
[2025-01-16 03:57:56,118] INFO: Iter 10900 Summary: 
[2025-01-16 03:57:56,118] INFO: 	 lr: 0.00030000000000000073 	 Training loss: 0.05537260897457599
[2025-01-16 03:58:10,740] INFO: Iter 11000 Summary: 
[2025-01-16 03:58:10,741] INFO: 	 lr: 0.00030000000000000073 	 Training loss: 0.055413629785180094
[2025-01-16 03:58:24,535] INFO: Iter 11100 Summary: 
[2025-01-16 03:58:24,535] INFO: 	 lr: 0.00030000000000000073 	 Training loss: 0.05540560219436884
[2025-01-16 03:58:37,609] INFO: Iter 11200 Summary: 
[2025-01-16 03:58:37,609] INFO: 	 lr: 0.00030000000000000073 	 Training loss: 0.05504701688885689
[2025-01-16 03:58:50,111] INFO: Iter 11300 Summary: 
[2025-01-16 03:58:50,112] INFO: 	 lr: 0.00030000000000000073 	 Training loss: 0.05529065888375044
[2025-01-16 03:59:03,058] INFO: Iter 11400 Summary: 
[2025-01-16 03:59:03,058] INFO: 	 lr: 0.00030000000000000073 	 Training loss: 0.055531228221952916
[2025-01-16 03:59:15,152] INFO: Iter 11500 Summary: 
[2025-01-16 03:59:15,153] INFO: 	 lr: 0.00030000000000000073 	 Training loss: 0.054803069047629833
[2025-01-16 03:59:27,919] INFO: Iter 11600 Summary: 
[2025-01-16 03:59:27,919] INFO: 	 lr: 0.00030000000000000073 	 Training loss: 0.05480392049998045
[2025-01-16 03:59:41,085] INFO: Iter 11700 Summary: 
[2025-01-16 03:59:41,086] INFO: 	 lr: 0.00030000000000000073 	 Training loss: 0.05527518603950739
[2025-01-16 03:59:53,173] INFO: Iter 11800 Summary: 
[2025-01-16 03:59:53,173] INFO: 	 lr: 0.00030000000000000073 	 Training loss: 0.055179616585373875
[2025-01-16 04:00:07,015] INFO: Iter 11900 Summary: 
[2025-01-16 04:00:07,016] INFO: 	 lr: 0.00030000000000000073 	 Training loss: 0.05492729559540749
[2025-01-16 04:00:20,235] INFO: Iter 12000 Summary: 
[2025-01-16 04:00:20,235] INFO: 	 lr: 0.00030000000000000073 	 Training loss: 0.05473113257437944
[2025-01-16 04:00:35,649] INFO: Iter 12100 Summary: 
[2025-01-16 04:00:35,649] INFO: 	 lr: 0.00030000000000000073 	 Training loss: 0.05504501670598984
[2025-01-16 04:00:48,409] INFO: Iter 12200 Summary: 
[2025-01-16 04:00:48,410] INFO: 	 lr: 0.00030000000000000073 	 Training loss: 0.054647899456322195
[2025-01-16 04:01:00,417] INFO: Iter 12300 Summary: 
[2025-01-16 04:01:00,417] INFO: 	 lr: 0.00030000000000000073 	 Training loss: 0.05489868465811014
[2025-01-16 04:01:13,149] INFO: Iter 12400 Summary: 
[2025-01-16 04:01:13,150] INFO: 	 lr: 0.00030000000000000073 	 Training loss: 0.054356204569339754
[2025-01-16 04:01:25,785] INFO: Iter 12500 Summary: 
[2025-01-16 04:01:25,786] INFO: 	 lr: 0.00030000000000000073 	 Training loss: 0.05488895520567894
[2025-01-16 04:01:39,180] INFO: Iter 12600 Summary: 
[2025-01-16 04:01:39,180] INFO: 	 lr: 0.00030000000000000073 	 Training loss: 0.05459456745535135
[2025-01-16 04:01:52,207] INFO: Iter 12700 Summary: 
[2025-01-16 04:01:52,207] INFO: 	 lr: 0.00030000000000000073 	 Training loss: 0.05411959636956453
[2025-01-16 04:02:04,517] INFO: Iter 12800 Summary: 
[2025-01-16 04:02:04,518] INFO: 	 lr: 0.00030000000000000073 	 Training loss: 0.05433380864560604
[2025-01-16 04:02:17,644] INFO: Iter 12900 Summary: 
[2025-01-16 04:02:17,645] INFO: 	 lr: 0.00030000000000000073 	 Training loss: 0.054601045474410054
[2025-01-16 04:02:30,146] INFO: Iter 13000 Summary: 
[2025-01-16 04:02:30,146] INFO: 	 lr: 0.00030000000000000073 	 Training loss: 0.05480878885835409
[2025-01-16 04:02:43,764] INFO: Iter 13100 Summary: 
[2025-01-16 04:02:43,765] INFO: 	 lr: 0.00030000000000000073 	 Training loss: 0.05424031972885132
[2025-01-16 04:02:57,252] INFO: Iter 13200 Summary: 
[2025-01-16 04:02:57,254] INFO: 	 lr: 0.00030000000000000073 	 Training loss: 0.054474486149847505
[2025-01-16 04:03:11,036] INFO: Iter 13300 Summary: 
[2025-01-16 04:03:11,037] INFO: 	 lr: 0.00030000000000000073 	 Training loss: 0.054379255771636964
[2025-01-16 04:03:23,889] INFO: Iter 13400 Summary: 
[2025-01-16 04:03:23,889] INFO: 	 lr: 0.00030000000000000073 	 Training loss: 0.05402579486370087
[2025-01-16 04:03:35,505] INFO: Iter 13500 Summary: 
[2025-01-16 04:03:35,505] INFO: 	 lr: 0.00030000000000000073 	 Training loss: 0.05443134907633066
[2025-01-16 04:03:47,930] INFO: Iter 13600 Summary: 
[2025-01-16 04:03:47,931] INFO: 	 lr: 0.00030000000000000073 	 Training loss: 0.053865668252110484
[2025-01-16 04:04:01,863] INFO: Iter 13700 Summary: 
[2025-01-16 04:04:01,863] INFO: 	 lr: 0.00030000000000000073 	 Training loss: 0.05406261876225472
[2025-01-16 04:04:13,222] INFO: Iter 13800 Summary: 
[2025-01-16 04:04:13,223] INFO: 	 lr: 0.00030000000000000073 	 Training loss: 0.05408986493945122
[2025-01-16 04:04:25,456] INFO: Iter 13900 Summary: 
[2025-01-16 04:04:25,457] INFO: 	 lr: 0.00030000000000000073 	 Training loss: 0.053890465423464776
[2025-01-16 04:04:38,293] INFO: Iter 14000 Summary: 
[2025-01-16 04:04:38,293] INFO: 	 lr: 0.00030000000000000073 	 Training loss: 0.05374046020209789
[2025-01-16 04:04:54,056] INFO: Iter 14100 Summary: 
[2025-01-16 04:04:54,056] INFO: 	 lr: 0.00030000000000000073 	 Training loss: 0.05393612165004015
[2025-01-16 04:05:06,717] INFO: Iter 14200 Summary: 
[2025-01-16 04:05:06,717] INFO: 	 lr: 0.00030000000000000073 	 Training loss: 0.05391355618834495
[2025-01-16 04:05:21,285] INFO: Iter 14300 Summary: 
[2025-01-16 04:05:21,286] INFO: 	 lr: 0.00030000000000000073 	 Training loss: 0.05404106445610523
[2025-01-16 04:05:35,805] INFO: Iter 14400 Summary: 
[2025-01-16 04:05:35,805] INFO: 	 lr: 0.00030000000000000073 	 Training loss: 0.053899319916963576
[2025-01-16 04:05:49,832] INFO: Iter 14500 Summary: 
[2025-01-16 04:05:49,832] INFO: 	 lr: 0.00030000000000000073 	 Training loss: 0.054148593805730345
[2025-01-16 04:06:03,789] INFO: Iter 14600 Summary: 
[2025-01-16 04:06:03,789] INFO: 	 lr: 0.00030000000000000073 	 Training loss: 0.053746518939733506
[2025-01-16 04:06:16,556] INFO: Iter 14700 Summary: 
[2025-01-16 04:06:16,556] INFO: 	 lr: 0.00030000000000000073 	 Training loss: 0.053721802942454815
[2025-01-16 04:06:29,916] INFO: Iter 14800 Summary: 
[2025-01-16 04:06:29,916] INFO: 	 lr: 0.00030000000000000073 	 Training loss: 0.05394150365144015
[2025-01-16 04:06:43,103] INFO: Iter 14900 Summary: 
[2025-01-16 04:06:43,104] INFO: 	 lr: 0.00030000000000000073 	 Training loss: 0.05343633122742176
[2025-01-16 04:06:54,879] INFO: Iter 15000 Summary: 
[2025-01-16 04:06:54,879] INFO: 	 lr: 0.00030000000000000073 	 Training loss: 0.05383159089833498
[2025-01-16 04:07:07,366] INFO: Iter 15100 Summary: 
[2025-01-16 04:07:07,367] INFO: 	 lr: 0.00030000000000000073 	 Training loss: 0.05378824796527624
[2025-01-16 04:07:20,625] INFO: Iter 15200 Summary: 
[2025-01-16 04:07:20,625] INFO: 	 lr: 0.00030000000000000073 	 Training loss: 0.053305998742580414
[2025-01-16 04:07:33,163] INFO: Iter 15300 Summary: 
[2025-01-16 04:07:33,164] INFO: 	 lr: 0.00030000000000000073 	 Training loss: 0.05358603063970804
[2025-01-16 04:07:45,638] INFO: Iter 15400 Summary: 
[2025-01-16 04:07:45,638] INFO: 	 lr: 0.00030000000000000073 	 Training loss: 0.05330390829592943
[2025-01-16 04:07:57,625] INFO: Iter 15500 Summary: 
[2025-01-16 04:07:57,625] INFO: 	 lr: 0.00030000000000000073 	 Training loss: 0.05340686552226544
[2025-01-16 04:08:11,879] INFO: Iter 15600 Summary: 
[2025-01-16 04:08:11,880] INFO: 	 lr: 0.00030000000000000073 	 Training loss: 0.05327579393982887
[2025-01-16 04:08:23,882] INFO: Iter 15700 Summary: 
[2025-01-16 04:08:23,883] INFO: 	 lr: 0.00030000000000000073 	 Training loss: 0.05359949268400669
[2025-01-16 04:08:37,495] INFO: Iter 15800 Summary: 
[2025-01-16 04:08:37,496] INFO: 	 lr: 0.00030000000000000073 	 Training loss: 0.05349553879350424
[2025-01-16 04:08:51,309] INFO: Iter 15900 Summary: 
[2025-01-16 04:08:51,309] INFO: 	 lr: 0.00030000000000000073 	 Training loss: 0.052819798476994036
[2025-01-16 04:09:05,556] INFO: Iter 16000 Summary: 
[2025-01-16 04:09:05,557] INFO: 	 lr: 0.00030000000000000073 	 Training loss: 0.05331286557018757
[2025-01-16 04:09:21,592] INFO: Iter 16100 Summary: 
[2025-01-16 04:09:21,592] INFO: 	 lr: 0.00030000000000000073 	 Training loss: 0.05353599268943071
[2025-01-16 04:09:32,829] INFO: Iter 16200 Summary: 
[2025-01-16 04:09:32,830] INFO: 	 lr: 0.00030000000000000073 	 Training loss: 0.05305341016501188
[2025-01-16 04:09:47,299] INFO: Iter 16300 Summary: 
[2025-01-16 04:09:47,299] INFO: 	 lr: 0.00030000000000000073 	 Training loss: 0.053441996090114116
[2025-01-16 04:10:00,626] INFO: Iter 16400 Summary: 
[2025-01-16 04:10:00,626] INFO: 	 lr: 0.00030000000000000073 	 Training loss: 0.053250706605613235
[2025-01-16 04:10:14,105] INFO: Iter 16500 Summary: 
[2025-01-16 04:10:14,105] INFO: 	 lr: 0.00030000000000000073 	 Training loss: 0.0530585815012455
[2025-01-16 04:10:27,115] INFO: Iter 16600 Summary: 
[2025-01-16 04:10:27,116] INFO: 	 lr: 0.00030000000000000073 	 Training loss: 0.05344318769872189
[2025-01-16 04:10:39,501] INFO: Iter 16700 Summary: 
[2025-01-16 04:10:39,501] INFO: 	 lr: 0.00030000000000000073 	 Training loss: 0.05292341575026512
[2025-01-16 04:10:51,849] INFO: Iter 16800 Summary: 
[2025-01-16 04:10:51,849] INFO: 	 lr: 0.00030000000000000073 	 Training loss: 0.0530311893671751
[2025-01-16 04:11:04,725] INFO: Iter 16900 Summary: 
[2025-01-16 04:11:04,725] INFO: 	 lr: 0.00030000000000000073 	 Training loss: 0.05295711662620306
[2025-01-16 04:11:16,893] INFO: Iter 17000 Summary: 
[2025-01-16 04:11:16,893] INFO: 	 lr: 0.00030000000000000073 	 Training loss: 0.05299612332135439
[2025-01-16 04:11:28,609] INFO: Iter 17100 Summary: 
[2025-01-16 04:11:28,610] INFO: 	 lr: 0.00030000000000000073 	 Training loss: 0.053209839425981044
[2025-01-16 04:11:42,341] INFO: Iter 17200 Summary: 
[2025-01-16 04:11:42,341] INFO: 	 lr: 0.00030000000000000073 	 Training loss: 0.052736797370016575
[2025-01-16 04:11:55,651] INFO: Iter 17300 Summary: 
[2025-01-16 04:11:55,651] INFO: 	 lr: 0.00030000000000000073 	 Training loss: 0.05300897762179375
[2025-01-16 04:12:09,841] INFO: Iter 17400 Summary: 
[2025-01-16 04:12:09,841] INFO: 	 lr: 0.00030000000000000073 	 Training loss: 0.05328059576451778
[2025-01-16 04:12:22,181] INFO: Iter 17500 Summary: 
[2025-01-16 04:12:22,181] INFO: 	 lr: 0.00030000000000000073 	 Training loss: 0.05326089818030596
[2025-01-16 04:12:34,650] INFO: Iter 17600 Summary: 
[2025-01-16 04:12:34,650] INFO: 	 lr: 0.00030000000000000073 	 Training loss: 0.05318608433008194
[2025-01-16 04:12:47,356] INFO: Iter 17700 Summary: 
[2025-01-16 04:12:47,361] INFO: 	 lr: 0.00030000000000000073 	 Training loss: 0.052641623727977274
[2025-01-16 04:13:00,532] INFO: Iter 17800 Summary: 
[2025-01-16 04:13:00,533] INFO: 	 lr: 0.00030000000000000073 	 Training loss: 0.05293650548905134
[2025-01-16 04:13:12,865] INFO: Iter 17900 Summary: 
[2025-01-16 04:13:12,865] INFO: 	 lr: 0.00030000000000000073 	 Training loss: 0.05303054261952639
[2025-01-16 04:13:26,130] INFO: Iter 18000 Summary: 
[2025-01-16 04:13:26,131] INFO: 	 lr: 0.00030000000000000073 	 Training loss: 0.052968842536211015
[2025-01-16 04:13:42,167] INFO: Iter 18100 Summary: 
[2025-01-16 04:13:42,167] INFO: 	 lr: 0.00030000000000000073 	 Training loss: 0.052398565039038655
[2025-01-16 04:13:55,266] INFO: Iter 18200 Summary: 
[2025-01-16 04:13:55,267] INFO: 	 lr: 0.00030000000000000073 	 Training loss: 0.05291131764650345
[2025-01-16 04:14:09,140] INFO: Iter 18300 Summary: 
[2025-01-16 04:14:09,140] INFO: 	 lr: 0.00030000000000000073 	 Training loss: 0.0528187932446599
[2025-01-16 04:14:21,200] INFO: Iter 18400 Summary: 
[2025-01-16 04:14:21,201] INFO: 	 lr: 0.00030000000000000073 	 Training loss: 0.05301733270287514
[2025-01-16 04:14:33,628] INFO: Iter 18500 Summary: 
[2025-01-16 04:14:33,628] INFO: 	 lr: 0.00030000000000000073 	 Training loss: 0.052568930685520175
[2025-01-16 04:14:46,773] INFO: Iter 18600 Summary: 
[2025-01-16 04:14:46,773] INFO: 	 lr: 0.00030000000000000073 	 Training loss: 0.0524772771447897
[2025-01-16 04:14:59,447] INFO: Iter 18700 Summary: 
[2025-01-16 04:14:59,447] INFO: 	 lr: 0.00030000000000000073 	 Training loss: 0.05268504150211811
[2025-01-16 04:15:13,712] INFO: Iter 18800 Summary: 
[2025-01-16 04:15:13,712] INFO: 	 lr: 0.00030000000000000073 	 Training loss: 0.052688784524798395
[2025-01-16 04:15:25,786] INFO: Iter 18900 Summary: 
[2025-01-16 04:15:25,787] INFO: 	 lr: 0.00030000000000000073 	 Training loss: 0.05280333120375871
[2025-01-16 04:15:39,758] INFO: Iter 19000 Summary: 
[2025-01-16 04:15:39,759] INFO: 	 lr: 0.00030000000000000073 	 Training loss: 0.05256221819669008
[2025-01-16 04:15:53,234] INFO: Iter 19100 Summary: 
[2025-01-16 04:15:53,234] INFO: 	 lr: 0.00030000000000000073 	 Training loss: 0.05293161865323782
[2025-01-16 04:16:06,321] INFO: Iter 19200 Summary: 
[2025-01-16 04:16:06,322] INFO: 	 lr: 0.00030000000000000073 	 Training loss: 0.052886013463139536
[2025-01-16 04:16:19,738] INFO: Iter 19300 Summary: 
[2025-01-16 04:16:19,739] INFO: 	 lr: 0.00030000000000000073 	 Training loss: 0.05286993190646171
[2025-01-16 04:16:32,576] INFO: Iter 19400 Summary: 
[2025-01-16 04:16:32,576] INFO: 	 lr: 0.00030000000000000073 	 Training loss: 0.05238075971603393
[2025-01-16 04:16:45,272] INFO: Iter 19500 Summary: 
[2025-01-16 04:16:45,272] INFO: 	 lr: 0.00030000000000000073 	 Training loss: 0.05238515119999647
[2025-01-16 04:16:57,702] INFO: Iter 19600 Summary: 
[2025-01-16 04:16:57,702] INFO: 	 lr: 0.00030000000000000073 	 Training loss: 0.05252725709229708
[2025-01-16 04:17:10,611] INFO: Iter 19700 Summary: 
[2025-01-16 04:17:10,611] INFO: 	 lr: 0.00030000000000000073 	 Training loss: 0.052549671903252604
[2025-01-16 04:17:23,779] INFO: Iter 19800 Summary: 
[2025-01-16 04:17:23,779] INFO: 	 lr: 0.00030000000000000073 	 Training loss: 0.052661309614777566
[2025-01-16 04:17:36,213] INFO: Iter 19900 Summary: 
[2025-01-16 04:17:36,214] INFO: 	 lr: 0.00030000000000000073 	 Training loss: 0.05255116246640682
[2025-01-16 04:17:48,303] INFO: Iter 20000 Summary: 
[2025-01-16 04:17:48,303] INFO: 	 lr: 0.00030000000000000073 	 Training loss: 0.052375921346247196
[2025-01-16 04:18:03,633] INFO: Iter 20100 Summary: 
[2025-01-16 04:18:03,634] INFO: 	 lr: 0.00030000000000000073 	 Training loss: 0.05222698297351599
[2025-01-16 04:18:16,574] INFO: Iter 20200 Summary: 
[2025-01-16 04:18:16,575] INFO: 	 lr: 0.00030000000000000073 	 Training loss: 0.052457435578107836
[2025-01-16 04:18:30,466] INFO: Iter 20300 Summary: 
[2025-01-16 04:18:30,467] INFO: 	 lr: 0.00030000000000000073 	 Training loss: 0.05226426158100367
[2025-01-16 04:18:42,099] INFO: Iter 20400 Summary: 
[2025-01-16 04:18:42,099] INFO: 	 lr: 0.00030000000000000073 	 Training loss: 0.05237122755497694
[2025-01-16 04:18:54,157] INFO: Iter 20500 Summary: 
[2025-01-16 04:18:54,157] INFO: 	 lr: 0.00030000000000000073 	 Training loss: 0.052298799492418765
[2025-01-16 04:19:08,605] INFO: Iter 20600 Summary: 
[2025-01-16 04:19:08,605] INFO: 	 lr: 0.00030000000000000073 	 Training loss: 0.05241319578140974
[2025-01-16 04:19:20,178] INFO: Iter 20700 Summary: 
[2025-01-16 04:19:20,178] INFO: 	 lr: 0.00030000000000000073 	 Training loss: 0.05225664805620909
[2025-01-16 04:19:32,590] INFO: Iter 20800 Summary: 
[2025-01-16 04:19:32,590] INFO: 	 lr: 0.00030000000000000073 	 Training loss: 0.0522861097753048
[2025-01-16 04:19:45,932] INFO: Iter 20900 Summary: 
[2025-01-16 04:19:45,932] INFO: 	 lr: 0.00030000000000000073 	 Training loss: 0.05236712750047445
[2025-01-16 04:19:58,141] INFO: Iter 21000 Summary: 
[2025-01-16 04:19:58,141] INFO: 	 lr: 0.00030000000000000073 	 Training loss: 0.051956979483366014
[2025-01-16 04:20:10,236] INFO: Iter 21100 Summary: 
[2025-01-16 04:20:10,236] INFO: 	 lr: 0.00030000000000000073 	 Training loss: 0.05267289455980063
[2025-01-16 04:20:22,808] INFO: Iter 21200 Summary: 
[2025-01-16 04:20:22,808] INFO: 	 lr: 0.00030000000000000073 	 Training loss: 0.05241418182849884
[2025-01-16 04:20:36,077] INFO: Iter 21300 Summary: 
[2025-01-16 04:20:36,078] INFO: 	 lr: 0.00030000000000000073 	 Training loss: 0.05207396406680345
[2025-01-16 04:20:47,948] INFO: Iter 21400 Summary: 
[2025-01-16 04:20:47,948] INFO: 	 lr: 0.00030000000000000073 	 Training loss: 0.052172641940414904
[2025-01-16 04:21:01,497] INFO: Iter 21500 Summary: 
[2025-01-16 04:21:01,498] INFO: 	 lr: 0.00030000000000000073 	 Training loss: 0.05208264552056789
[2025-01-16 04:21:12,616] INFO: Iter 21600 Summary: 
[2025-01-16 04:21:12,616] INFO: 	 lr: 0.00030000000000000073 	 Training loss: 0.05193643137812615
[2025-01-16 04:21:24,489] INFO: Iter 21700 Summary: 
[2025-01-16 04:21:24,489] INFO: 	 lr: 0.00030000000000000073 	 Training loss: 0.052030675821006296
[2025-01-16 04:21:38,294] INFO: Iter 21800 Summary: 
[2025-01-16 04:21:38,294] INFO: 	 lr: 0.00030000000000000073 	 Training loss: 0.05249301817268133
[2025-01-16 04:21:51,446] INFO: Iter 21900 Summary: 
[2025-01-16 04:21:51,447] INFO: 	 lr: 0.00030000000000000073 	 Training loss: 0.051776391454041004
[2025-01-16 04:22:03,763] INFO: Iter 22000 Summary: 
[2025-01-16 04:22:03,763] INFO: 	 lr: 0.00030000000000000073 	 Training loss: 0.05217322755604983
[2025-01-16 04:22:21,485] INFO: Iter 22100 Summary: 
[2025-01-16 04:22:21,485] INFO: 	 lr: 0.00030000000000000073 	 Training loss: 0.05205353554338217
[2025-01-16 04:22:33,603] INFO: Iter 22200 Summary: 
[2025-01-16 04:22:33,603] INFO: 	 lr: 0.00030000000000000073 	 Training loss: 0.0519427315890789
[2025-01-16 04:22:44,846] INFO: Iter 22300 Summary: 
[2025-01-16 04:22:44,847] INFO: 	 lr: 0.00030000000000000073 	 Training loss: 0.0521772750467062
[2025-01-16 04:22:58,639] INFO: Iter 22400 Summary: 
[2025-01-16 04:22:58,639] INFO: 	 lr: 0.00030000000000000073 	 Training loss: 0.05205124709755182
[2025-01-16 04:23:11,477] INFO: Iter 22500 Summary: 
[2025-01-16 04:23:11,478] INFO: 	 lr: 0.00030000000000000073 	 Training loss: 0.051844533756375315
[2025-01-16 04:23:23,229] INFO: Iter 22600 Summary: 
[2025-01-16 04:23:23,229] INFO: 	 lr: 0.00030000000000000073 	 Training loss: 0.052097412571310994
[2025-01-16 04:23:36,621] INFO: Iter 22700 Summary: 
[2025-01-16 04:23:36,621] INFO: 	 lr: 0.00030000000000000073 	 Training loss: 0.05181400164961815
[2025-01-16 04:23:49,059] INFO: Iter 22800 Summary: 
[2025-01-16 04:23:49,059] INFO: 	 lr: 0.00030000000000000073 	 Training loss: 0.05195852570235729
[2025-01-16 04:24:01,181] INFO: Iter 22900 Summary: 
[2025-01-16 04:24:01,181] INFO: 	 lr: 0.00030000000000000073 	 Training loss: 0.05185305438935757
[2025-01-16 04:24:13,826] INFO: Iter 23000 Summary: 
[2025-01-16 04:24:13,826] INFO: 	 lr: 0.00030000000000000073 	 Training loss: 0.0519954826310277
[2025-01-16 04:24:27,249] INFO: Iter 23100 Summary: 
[2025-01-16 04:24:27,249] INFO: 	 lr: 0.00030000000000000073 	 Training loss: 0.05193724289536476
[2025-01-16 04:24:39,452] INFO: Iter 23200 Summary: 
[2025-01-16 04:24:39,452] INFO: 	 lr: 0.00030000000000000073 	 Training loss: 0.05202623836696148
[2025-01-16 04:24:52,600] INFO: Iter 23300 Summary: 
[2025-01-16 04:24:52,600] INFO: 	 lr: 0.00030000000000000073 	 Training loss: 0.05183381170034409
[2025-01-16 04:25:05,835] INFO: Iter 23400 Summary: 
[2025-01-16 04:25:05,836] INFO: 	 lr: 0.00030000000000000073 	 Training loss: 0.051837888360023496
[2025-01-16 04:25:17,375] INFO: Iter 23500 Summary: 
[2025-01-16 04:25:17,376] INFO: 	 lr: 0.00030000000000000073 	 Training loss: 0.051821317225694656
[2025-01-16 04:25:31,051] INFO: Iter 23600 Summary: 
[2025-01-16 04:25:31,052] INFO: 	 lr: 0.00030000000000000073 	 Training loss: 0.05230440132319927
[2025-01-16 04:25:45,110] INFO: Iter 23700 Summary: 
[2025-01-16 04:25:45,111] INFO: 	 lr: 0.00030000000000000073 	 Training loss: 0.05216025102883577
[2025-01-16 04:25:58,744] INFO: Iter 23800 Summary: 
[2025-01-16 04:25:58,744] INFO: 	 lr: 0.00030000000000000073 	 Training loss: 0.05177167002111673
[2025-01-16 04:26:12,113] INFO: Iter 23900 Summary: 
[2025-01-16 04:26:12,114] INFO: 	 lr: 0.00030000000000000073 	 Training loss: 0.05196237809956074
[2025-01-16 04:26:26,337] INFO: Iter 24000 Summary: 
[2025-01-16 04:26:26,337] INFO: 	 lr: 0.00030000000000000073 	 Training loss: 0.051673932671546935
[2025-01-16 04:26:42,468] INFO: Iter 24100 Summary: 
[2025-01-16 04:26:42,468] INFO: 	 lr: 0.00030000000000000073 	 Training loss: 0.05154715240001678
[2025-01-16 04:26:56,168] INFO: Iter 24200 Summary: 
[2025-01-16 04:26:56,168] INFO: 	 lr: 0.00030000000000000073 	 Training loss: 0.05186949409544468
[2025-01-16 04:27:08,653] INFO: Iter 24300 Summary: 
[2025-01-16 04:27:08,653] INFO: 	 lr: 0.00030000000000000073 	 Training loss: 0.05185093179345131
[2025-01-16 04:27:21,295] INFO: Iter 24400 Summary: 
[2025-01-16 04:27:21,295] INFO: 	 lr: 0.00030000000000000073 	 Training loss: 0.05196223311126232
[2025-01-16 04:27:35,533] INFO: Iter 24500 Summary: 
[2025-01-16 04:27:35,533] INFO: 	 lr: 0.00030000000000000073 	 Training loss: 0.05139188665896654
[2025-01-16 04:27:48,232] INFO: Iter 24600 Summary: 
[2025-01-16 04:27:48,233] INFO: 	 lr: 0.00030000000000000073 	 Training loss: 0.05173285614699125
[2025-01-16 04:28:01,198] INFO: Iter 24700 Summary: 
[2025-01-16 04:28:01,199] INFO: 	 lr: 0.00030000000000000073 	 Training loss: 0.051892437785863874
[2025-01-16 04:28:13,504] INFO: Iter 24800 Summary: 
[2025-01-16 04:28:13,505] INFO: 	 lr: 0.00030000000000000073 	 Training loss: 0.05170595292001963
[2025-01-16 04:28:27,288] INFO: Iter 24900 Summary: 
[2025-01-16 04:28:27,288] INFO: 	 lr: 0.00030000000000000073 	 Training loss: 0.051617334373295305
[2025-01-16 04:28:39,721] INFO: Iter 25000 Summary: 
[2025-01-16 04:28:39,721] INFO: 	 lr: 0.00030000000000000073 	 Training loss: 0.051789507120847705
[2025-01-16 04:28:52,489] INFO: Iter 25100 Summary: 
[2025-01-16 04:28:52,490] INFO: 	 lr: 0.00030000000000000073 	 Training loss: 0.05203493632376194
[2025-01-16 04:29:04,897] INFO: Iter 25200 Summary: 
[2025-01-16 04:29:04,897] INFO: 	 lr: 0.00030000000000000073 	 Training loss: 0.051780809983611106
[2025-01-16 04:29:17,562] INFO: Iter 25300 Summary: 
[2025-01-16 04:29:17,562] INFO: 	 lr: 0.00030000000000000073 	 Training loss: 0.051786612831056116
[2025-01-16 04:29:32,736] INFO: Iter 25400 Summary: 
[2025-01-16 04:29:32,736] INFO: 	 lr: 0.00030000000000000073 	 Training loss: 0.05168447121977806
[2025-01-16 04:29:44,703] INFO: Iter 25500 Summary: 
[2025-01-16 04:29:44,703] INFO: 	 lr: 0.00030000000000000073 	 Training loss: 0.05129542119801044
[2025-01-16 04:29:58,118] INFO: Iter 25600 Summary: 
[2025-01-16 04:29:58,119] INFO: 	 lr: 0.00030000000000000073 	 Training loss: 0.05157778151333332
[2025-01-16 04:30:09,335] INFO: Iter 25700 Summary: 
[2025-01-16 04:30:09,335] INFO: 	 lr: 0.00030000000000000073 	 Training loss: 0.05175087027251721
[2025-01-16 04:30:21,204] INFO: Iter 25800 Summary: 
[2025-01-16 04:30:21,204] INFO: 	 lr: 0.00030000000000000073 	 Training loss: 0.05169652670621872
[2025-01-16 04:30:33,518] INFO: Iter 25900 Summary: 
[2025-01-16 04:30:33,519] INFO: 	 lr: 0.00030000000000000073 	 Training loss: 0.05153846770524979
[2025-01-16 04:30:47,502] INFO: Iter 26000 Summary: 
[2025-01-16 04:30:47,502] INFO: 	 lr: 0.00030000000000000073 	 Training loss: 0.05160922475159168
[2025-01-16 04:31:04,767] INFO: Iter 26100 Summary: 
[2025-01-16 04:31:04,768] INFO: 	 lr: 0.00030000000000000073 	 Training loss: 0.05152109943330288
[2025-01-16 04:31:18,285] INFO: Iter 26200 Summary: 
[2025-01-16 04:31:18,286] INFO: 	 lr: 0.00030000000000000073 	 Training loss: 0.05152227383106947
[2025-01-16 04:31:32,755] INFO: Iter 26300 Summary: 
[2025-01-16 04:31:32,755] INFO: 	 lr: 0.00030000000000000073 	 Training loss: 0.0515926218405366
[2025-01-16 04:31:45,225] INFO: Iter 26400 Summary: 
[2025-01-16 04:31:45,225] INFO: 	 lr: 0.00030000000000000073 	 Training loss: 0.05132583193480968
[2025-01-16 04:31:58,665] INFO: Iter 26500 Summary: 
[2025-01-16 04:31:58,666] INFO: 	 lr: 0.00030000000000000073 	 Training loss: 0.05174839235842228
[2025-01-16 04:32:11,842] INFO: Iter 26600 Summary: 
[2025-01-16 04:32:11,842] INFO: 	 lr: 0.00030000000000000073 	 Training loss: 0.05183933474123478
[2025-01-16 04:32:24,640] INFO: Iter 26700 Summary: 
[2025-01-16 04:32:24,641] INFO: 	 lr: 0.00030000000000000073 	 Training loss: 0.05126439839601517
[2025-01-16 04:32:39,923] INFO: Iter 26800 Summary: 
[2025-01-16 04:32:39,923] INFO: 	 lr: 0.00030000000000000073 	 Training loss: 0.05121623210608959
[2025-01-16 04:32:53,387] INFO: Iter 26900 Summary: 
[2025-01-16 04:32:53,387] INFO: 	 lr: 0.00030000000000000073 	 Training loss: 0.0515736585855484
[2025-01-16 04:33:06,284] INFO: Iter 27000 Summary: 
[2025-01-16 04:33:06,285] INFO: 	 lr: 0.00030000000000000073 	 Training loss: 0.051243205592036246
[2025-01-16 04:33:20,476] INFO: Iter 27100 Summary: 
[2025-01-16 04:33:20,476] INFO: 	 lr: 0.00030000000000000073 	 Training loss: 0.05162887908518314
[2025-01-16 04:33:34,296] INFO: Iter 27200 Summary: 
[2025-01-16 04:33:34,296] INFO: 	 lr: 0.00030000000000000073 	 Training loss: 0.051686001420021055
[2025-01-16 04:33:47,197] INFO: Iter 27300 Summary: 
[2025-01-16 04:33:47,198] INFO: 	 lr: 0.00030000000000000073 	 Training loss: 0.05161963239312172
[2025-01-16 04:34:00,510] INFO: Iter 27400 Summary: 
[2025-01-16 04:34:00,510] INFO: 	 lr: 0.00030000000000000073 	 Training loss: 0.05138900831341744
[2025-01-16 04:34:13,706] INFO: Iter 27500 Summary: 
[2025-01-16 04:34:13,706] INFO: 	 lr: 0.00030000000000000073 	 Training loss: 0.0513686091452837
[2025-01-16 04:34:26,097] INFO: Iter 27600 Summary: 
[2025-01-16 04:34:26,097] INFO: 	 lr: 0.00030000000000000073 	 Training loss: 0.05144425936043263
[2025-01-16 04:34:37,773] INFO: Iter 27700 Summary: 
[2025-01-16 04:34:37,774] INFO: 	 lr: 0.00030000000000000073 	 Training loss: 0.051406397670507434
[2025-01-16 04:34:50,828] INFO: Iter 27800 Summary: 
[2025-01-16 04:34:50,829] INFO: 	 lr: 0.00030000000000000073 	 Training loss: 0.051541889607906344
[2025-01-16 04:35:03,399] INFO: Iter 27900 Summary: 
[2025-01-16 04:35:03,400] INFO: 	 lr: 0.00030000000000000073 	 Training loss: 0.05154792811721563
[2025-01-16 04:35:15,124] INFO: Iter 28000 Summary: 
[2025-01-16 04:35:15,125] INFO: 	 lr: 0.00030000000000000073 	 Training loss: 0.05140175301581621
[2025-01-16 04:35:32,216] INFO: Iter 28100 Summary: 
[2025-01-16 04:35:32,217] INFO: 	 lr: 0.00030000000000000073 	 Training loss: 0.051122060790657994
[2025-01-16 04:35:44,725] INFO: Iter 28200 Summary: 
[2025-01-16 04:35:44,726] INFO: 	 lr: 0.00030000000000000073 	 Training loss: 0.05138503652065993
[2025-01-16 04:35:58,189] INFO: Iter 28300 Summary: 
[2025-01-16 04:35:58,189] INFO: 	 lr: 0.00030000000000000073 	 Training loss: 0.051387872472405435
[2025-01-16 04:36:10,025] INFO: Iter 28400 Summary: 
[2025-01-16 04:36:10,025] INFO: 	 lr: 0.00030000000000000073 	 Training loss: 0.05137742012739181
[2025-01-16 04:36:22,489] INFO: Iter 28500 Summary: 
[2025-01-16 04:36:22,489] INFO: 	 lr: 0.00030000000000000073 	 Training loss: 0.05121797475963831
[2025-01-16 04:36:35,433] INFO: Iter 28600 Summary: 
[2025-01-16 04:36:35,433] INFO: 	 lr: 0.00030000000000000073 	 Training loss: 0.05118072398006916
[2025-01-16 04:36:46,662] INFO: Iter 28700 Summary: 
[2025-01-16 04:36:46,663] INFO: 	 lr: 0.00030000000000000073 	 Training loss: 0.05150972455739975
[2025-01-16 04:37:00,364] INFO: Iter 28800 Summary: 
[2025-01-16 04:37:00,365] INFO: 	 lr: 0.00030000000000000073 	 Training loss: 0.05142590366303921
[2025-01-16 04:37:13,676] INFO: Iter 28900 Summary: 
[2025-01-16 04:37:13,676] INFO: 	 lr: 0.00030000000000000073 	 Training loss: 0.05123074281960726
[2025-01-16 04:37:24,366] INFO: Iter 29000 Summary: 
[2025-01-16 04:37:24,367] INFO: 	 lr: 0.00030000000000000073 	 Training loss: 0.05169364687055349
[2025-01-16 04:37:36,665] INFO: Iter 29100 Summary: 
[2025-01-16 04:37:36,665] INFO: 	 lr: 0.00030000000000000073 	 Training loss: 0.05106312990188599
[2025-01-16 04:37:47,089] INFO: Iter 29200 Summary: 
[2025-01-16 04:37:47,089] INFO: 	 lr: 0.00030000000000000073 	 Training loss: 0.05132686570286751
[2025-01-16 04:37:59,907] INFO: Iter 29300 Summary: 
[2025-01-16 04:37:59,907] INFO: 	 lr: 0.00030000000000000073 	 Training loss: 0.05110793299973011
[2025-01-16 04:38:12,485] INFO: Iter 29400 Summary: 
[2025-01-16 04:38:12,485] INFO: 	 lr: 0.00030000000000000073 	 Training loss: 0.05115425430238247
[2025-01-16 04:38:27,889] INFO: Iter 29500 Summary: 
[2025-01-16 04:38:27,890] INFO: 	 lr: 0.00030000000000000073 	 Training loss: 0.05137296073138714
[2025-01-16 04:38:39,569] INFO: Iter 29600 Summary: 
[2025-01-16 04:38:39,570] INFO: 	 lr: 0.00030000000000000073 	 Training loss: 0.05089502315968275
[2025-01-16 04:38:51,916] INFO: Iter 29700 Summary: 
[2025-01-16 04:38:51,916] INFO: 	 lr: 0.00030000000000000073 	 Training loss: 0.051092976704239845
[2025-01-16 04:39:04,027] INFO: Iter 29800 Summary: 
[2025-01-16 04:39:04,028] INFO: 	 lr: 0.00030000000000000073 	 Training loss: 0.05145607206970453
[2025-01-16 04:39:16,312] INFO: Iter 29900 Summary: 
[2025-01-16 04:39:16,312] INFO: 	 lr: 0.00030000000000000073 	 Training loss: 0.05120446216315031
[2025-01-16 04:39:27,958] INFO: Iter 30000 Summary: 
[2025-01-16 04:39:27,959] INFO: 	 lr: 0.00030000000000000073 	 Training loss: 0.05144938841462135
[2025-01-16 04:39:43,148] INFO: Iter 30100 Summary: 
[2025-01-16 04:39:43,149] INFO: 	 lr: 1.2900000000000026e-05 	 Training loss: 0.05028166025876999
[2025-01-16 04:39:56,007] INFO: Iter 30200 Summary: 
[2025-01-16 04:39:56,008] INFO: 	 lr: 1.000000000000002e-05 	 Training loss: 0.049675428755581376
[2025-01-16 04:40:07,920] INFO: Iter 30300 Summary: 
[2025-01-16 04:40:07,921] INFO: 	 lr: 1.000000000000002e-05 	 Training loss: 0.0493815204128623
[2025-01-16 04:40:21,948] INFO: Iter 30400 Summary: 
[2025-01-16 04:40:21,948] INFO: 	 lr: 1.000000000000002e-05 	 Training loss: 0.04953485205769539
[2025-01-16 04:40:34,606] INFO: Iter 30500 Summary: 
[2025-01-16 04:40:34,607] INFO: 	 lr: 1.000000000000002e-05 	 Training loss: 0.04933099638670683
[2025-01-16 04:40:48,147] INFO: Iter 30600 Summary: 
[2025-01-16 04:40:48,147] INFO: 	 lr: 1.000000000000002e-05 	 Training loss: 0.04930364478379488
[2025-01-16 04:41:02,356] INFO: Iter 30700 Summary: 
[2025-01-16 04:41:02,356] INFO: 	 lr: 1.000000000000002e-05 	 Training loss: 0.04902316194027662
[2025-01-16 04:41:15,797] INFO: Iter 30800 Summary: 
[2025-01-16 04:41:15,797] INFO: 	 lr: 1.000000000000002e-05 	 Training loss: 0.049028753377497195
[2025-01-16 04:41:29,356] INFO: Iter 30900 Summary: 
[2025-01-16 04:41:29,357] INFO: 	 lr: 1.000000000000002e-05 	 Training loss: 0.0489608009904623
[2025-01-16 04:41:41,822] INFO: Iter 31000 Summary: 
[2025-01-16 04:41:41,822] INFO: 	 lr: 1.000000000000002e-05 	 Training loss: 0.04930717013776302
[2025-01-16 04:41:54,802] INFO: Iter 31100 Summary: 
[2025-01-16 04:41:54,802] INFO: 	 lr: 1.000000000000002e-05 	 Training loss: 0.04866977203637361
[2025-01-16 04:42:08,313] INFO: Iter 31200 Summary: 
[2025-01-16 04:42:08,313] INFO: 	 lr: 1.000000000000002e-05 	 Training loss: 0.048962660133838654
[2025-01-16 04:42:21,873] INFO: Iter 31300 Summary: 
[2025-01-16 04:42:21,873] INFO: 	 lr: 1.000000000000002e-05 	 Training loss: 0.04902907717972994
[2025-01-16 04:42:35,021] INFO: Iter 31400 Summary: 
[2025-01-16 04:42:35,021] INFO: 	 lr: 1.000000000000002e-05 	 Training loss: 0.049066392928361895
[2025-01-16 04:42:48,506] INFO: Iter 31500 Summary: 
[2025-01-16 04:42:48,506] INFO: 	 lr: 1.000000000000002e-05 	 Training loss: 0.04886412791907788
[2025-01-16 04:43:02,561] INFO: Iter 31600 Summary: 
[2025-01-16 04:43:02,562] INFO: 	 lr: 1.000000000000002e-05 	 Training loss: 0.048838974609971046
[2025-01-16 04:43:15,916] INFO: Iter 31700 Summary: 
[2025-01-16 04:43:15,916] INFO: 	 lr: 1.000000000000002e-05 	 Training loss: 0.04889074310660362
[2025-01-16 04:43:28,973] INFO: Iter 31800 Summary: 
[2025-01-16 04:43:28,973] INFO: 	 lr: 1.000000000000002e-05 	 Training loss: 0.04864982880651951
[2025-01-16 04:43:41,425] INFO: Iter 31900 Summary: 
[2025-01-16 04:43:41,426] INFO: 	 lr: 1.000000000000002e-05 	 Training loss: 0.04892565757036209
[2025-01-16 04:43:54,836] INFO: Iter 32000 Summary: 
[2025-01-16 04:43:54,836] INFO: 	 lr: 1.000000000000002e-05 	 Training loss: 0.04906894616782665
[2025-01-16 04:44:11,524] INFO: Iter 32100 Summary: 
[2025-01-16 04:44:11,525] INFO: 	 lr: 1.000000000000002e-05 	 Training loss: 0.048864740319550036
[2025-01-16 04:44:26,207] INFO: Iter 32200 Summary: 
[2025-01-16 04:44:26,208] INFO: 	 lr: 1.000000000000002e-05 	 Training loss: 0.048962389901280406
[2025-01-16 04:44:37,790] INFO: Iter 32300 Summary: 
[2025-01-16 04:44:37,790] INFO: 	 lr: 1.000000000000002e-05 	 Training loss: 0.048729518093168736
[2025-01-16 04:44:48,720] INFO: Iter 32400 Summary: 
[2025-01-16 04:44:48,720] INFO: 	 lr: 1.000000000000002e-05 	 Training loss: 0.04864145871251822
[2025-01-16 04:44:59,351] INFO: Iter 32500 Summary: 
[2025-01-16 04:44:59,351] INFO: 	 lr: 1.000000000000002e-05 	 Training loss: 0.04885004609823227
[2025-01-16 04:45:10,461] INFO: Iter 32600 Summary: 
[2025-01-16 04:45:10,461] INFO: 	 lr: 1.000000000000002e-05 	 Training loss: 0.049035226590931416
[2025-01-16 04:45:22,384] INFO: Iter 32700 Summary: 
[2025-01-16 04:45:22,384] INFO: 	 lr: 1.000000000000002e-05 	 Training loss: 0.04849041219800711
[2025-01-16 04:45:33,562] INFO: Iter 32800 Summary: 
[2025-01-16 04:45:33,563] INFO: 	 lr: 1.000000000000002e-05 	 Training loss: 0.048830981999635696
[2025-01-16 04:45:46,360] INFO: Iter 32900 Summary: 
[2025-01-16 04:45:46,361] INFO: 	 lr: 1.000000000000002e-05 	 Training loss: 0.048787015415728094
[2025-01-16 04:45:58,840] INFO: Iter 33000 Summary: 
[2025-01-16 04:45:58,841] INFO: 	 lr: 1.000000000000002e-05 	 Training loss: 0.048588600270450116
[2025-01-16 04:46:10,901] INFO: Iter 33100 Summary: 
[2025-01-16 04:46:10,901] INFO: 	 lr: 1.000000000000002e-05 	 Training loss: 0.04875346276909113
[2025-01-16 04:46:23,709] INFO: Iter 33200 Summary: 
[2025-01-16 04:46:23,709] INFO: 	 lr: 1.000000000000002e-05 	 Training loss: 0.04873108737170696
[2025-01-16 04:46:37,483] INFO: Iter 33300 Summary: 
[2025-01-16 04:46:37,483] INFO: 	 lr: 1.000000000000002e-05 	 Training loss: 0.04854185439646244
[2025-01-16 04:46:50,751] INFO: Iter 33400 Summary: 
[2025-01-16 04:46:50,752] INFO: 	 lr: 1.000000000000002e-05 	 Training loss: 0.04862955924123526
[2025-01-16 04:47:02,284] INFO: Iter 33500 Summary: 
[2025-01-16 04:47:02,284] INFO: 	 lr: 1.000000000000002e-05 	 Training loss: 0.04845254994928837
[2025-01-16 04:47:14,536] INFO: Iter 33600 Summary: 
[2025-01-16 04:47:14,537] INFO: 	 lr: 1.000000000000002e-05 	 Training loss: 0.04849050015211105
[2025-01-16 04:47:25,734] INFO: Iter 33700 Summary: 
[2025-01-16 04:47:25,734] INFO: 	 lr: 1.000000000000002e-05 	 Training loss: 0.04853034522384405
[2025-01-16 04:47:37,456] INFO: Iter 33800 Summary: 
[2025-01-16 04:47:37,456] INFO: 	 lr: 1.000000000000002e-05 	 Training loss: 0.04823997355997563
[2025-01-16 04:47:49,915] INFO: Iter 33900 Summary: 
[2025-01-16 04:47:49,915] INFO: 	 lr: 1.000000000000002e-05 	 Training loss: 0.04848219331353903
[2025-01-16 04:48:03,678] INFO: Iter 34000 Summary: 
[2025-01-16 04:48:03,679] INFO: 	 lr: 1.000000000000002e-05 	 Training loss: 0.04870743867009878
[2025-01-16 04:48:17,521] INFO: Iter 34100 Summary: 
[2025-01-16 04:48:17,522] INFO: 	 lr: 1.000000000000002e-05 	 Training loss: 0.0488347128033638
[2025-01-16 04:48:29,929] INFO: Iter 34200 Summary: 
[2025-01-16 04:48:29,929] INFO: 	 lr: 1.000000000000002e-05 	 Training loss: 0.048722859919071194
[2025-01-16 04:48:42,559] INFO: Iter 34300 Summary: 
[2025-01-16 04:48:42,559] INFO: 	 lr: 1.000000000000002e-05 	 Training loss: 0.048947566896677015
[2025-01-16 04:48:56,099] INFO: Iter 34400 Summary: 
[2025-01-16 04:48:56,099] INFO: 	 lr: 1.000000000000002e-05 	 Training loss: 0.04827873043715954
[2025-01-16 04:49:08,713] INFO: Iter 34500 Summary: 
[2025-01-16 04:49:08,714] INFO: 	 lr: 1.000000000000002e-05 	 Training loss: 0.048474359512329104
[2025-01-16 04:49:22,573] INFO: Iter 34600 Summary: 
[2025-01-16 04:49:22,573] INFO: 	 lr: 1.000000000000002e-05 	 Training loss: 0.04839454650878906
[2025-01-16 04:49:35,311] INFO: Iter 34700 Summary: 
[2025-01-16 04:49:35,311] INFO: 	 lr: 1.000000000000002e-05 	 Training loss: 0.048642621524631974
[2025-01-16 04:49:48,377] INFO: Iter 34800 Summary: 
[2025-01-16 04:49:48,377] INFO: 	 lr: 1.000000000000002e-05 	 Training loss: 0.04856131017208099
[2025-01-16 04:50:00,845] INFO: Iter 34900 Summary: 
[2025-01-16 04:50:00,845] INFO: 	 lr: 1.000000000000002e-05 	 Training loss: 0.04867718949913979
[2025-01-16 04:50:14,661] INFO: Iter 35000 Summary: 
[2025-01-16 04:50:14,661] INFO: 	 lr: 1.000000000000002e-05 	 Training loss: 0.048626840971410276
[2025-01-16 04:50:26,313] INFO: Iter 35100 Summary: 
[2025-01-16 04:50:26,313] INFO: 	 lr: 1.000000000000002e-05 	 Training loss: 0.04867944188416004
[2025-01-16 04:50:39,971] INFO: Iter 35200 Summary: 
[2025-01-16 04:50:39,971] INFO: 	 lr: 1.000000000000002e-05 	 Training loss: 0.048173523098230364
[2025-01-16 04:50:53,406] INFO: Iter 35300 Summary: 
[2025-01-16 04:50:53,407] INFO: 	 lr: 1.000000000000002e-05 	 Training loss: 0.048906244300305844
[2025-01-16 04:51:04,880] INFO: Iter 35400 Summary: 
[2025-01-16 04:51:04,881] INFO: 	 lr: 1.000000000000002e-05 	 Training loss: 0.04856473814696074
[2025-01-16 04:51:18,525] INFO: Iter 35500 Summary: 
[2025-01-16 04:51:18,525] INFO: 	 lr: 1.000000000000002e-05 	 Training loss: 0.048661467880010606
[2025-01-16 04:51:31,866] INFO: Iter 35600 Summary: 
[2025-01-16 04:51:31,867] INFO: 	 lr: 1.000000000000002e-05 	 Training loss: 0.04866654776036739
[2025-01-16 04:51:45,207] INFO: Iter 35700 Summary: 
[2025-01-16 04:51:45,208] INFO: 	 lr: 1.000000000000002e-05 	 Training loss: 0.04874207604676485
[2025-01-16 04:51:57,159] INFO: Iter 35800 Summary: 
[2025-01-16 04:51:57,159] INFO: 	 lr: 1.000000000000002e-05 	 Training loss: 0.04819681014865637
[2025-01-16 04:52:10,579] INFO: Iter 35900 Summary: 
[2025-01-16 04:52:10,580] INFO: 	 lr: 1.000000000000002e-05 	 Training loss: 0.04826812207698822
[2025-01-16 04:52:23,561] INFO: Iter 36000 Summary: 
[2025-01-16 04:52:23,561] INFO: 	 lr: 1.000000000000002e-05 	 Training loss: 0.04871614072471857
[2025-01-16 04:52:38,538] INFO: Iter 36100 Summary: 
[2025-01-16 04:52:38,538] INFO: 	 lr: 1.000000000000002e-05 	 Training loss: 0.04843668583780527
[2025-01-16 04:52:50,230] INFO: Iter 36200 Summary: 
[2025-01-16 04:52:50,230] INFO: 	 lr: 1.000000000000002e-05 	 Training loss: 0.04848119992762804
[2025-01-16 04:53:03,029] INFO: Iter 36300 Summary: 
[2025-01-16 04:53:03,029] INFO: 	 lr: 1.000000000000002e-05 	 Training loss: 0.04841293446719647
[2025-01-16 04:53:17,731] INFO: Iter 36400 Summary: 
[2025-01-16 04:53:17,732] INFO: 	 lr: 1.000000000000002e-05 	 Training loss: 0.04845754213631153
[2025-01-16 04:53:31,050] INFO: Iter 36500 Summary: 
[2025-01-16 04:53:31,050] INFO: 	 lr: 1.000000000000002e-05 	 Training loss: 0.04861453410238028
[2025-01-16 04:53:42,968] INFO: Iter 36600 Summary: 
[2025-01-16 04:53:42,968] INFO: 	 lr: 1.000000000000002e-05 	 Training loss: 0.048220364898443224
[2025-01-16 04:53:55,337] INFO: Iter 36700 Summary: 
[2025-01-16 04:53:55,337] INFO: 	 lr: 1.000000000000002e-05 	 Training loss: 0.04857143592089415
[2025-01-16 04:54:07,839] INFO: Iter 36800 Summary: 
[2025-01-16 04:54:07,840] INFO: 	 lr: 1.000000000000002e-05 	 Training loss: 0.04837575864046812
[2025-01-16 04:54:19,928] INFO: Iter 36900 Summary: 
[2025-01-16 04:54:19,928] INFO: 	 lr: 1.000000000000002e-05 	 Training loss: 0.04871955566108227
[2025-01-16 04:54:33,267] INFO: Iter 37000 Summary: 
[2025-01-16 04:54:33,268] INFO: 	 lr: 1.000000000000002e-05 	 Training loss: 0.048361358307301996
[2025-01-16 04:54:45,738] INFO: Iter 37100 Summary: 
[2025-01-16 04:54:45,738] INFO: 	 lr: 1.000000000000002e-05 	 Training loss: 0.04808801859617233
[2025-01-16 04:54:58,844] INFO: Iter 37200 Summary: 
[2025-01-16 04:54:58,844] INFO: 	 lr: 1.000000000000002e-05 	 Training loss: 0.04848955370485783
[2025-01-16 04:55:11,909] INFO: Iter 37300 Summary: 
[2025-01-16 04:55:11,909] INFO: 	 lr: 1.000000000000002e-05 	 Training loss: 0.048423598371446136
[2025-01-16 04:55:25,426] INFO: Iter 37400 Summary: 
[2025-01-16 04:55:25,426] INFO: 	 lr: 1.000000000000002e-05 	 Training loss: 0.04846194393932819
[2025-01-16 04:55:37,513] INFO: Iter 37500 Summary: 
[2025-01-16 04:55:37,513] INFO: 	 lr: 1.000000000000002e-05 	 Training loss: 0.04818365298211574
[2025-01-16 04:55:48,895] INFO: Iter 37600 Summary: 
[2025-01-16 04:55:48,895] INFO: 	 lr: 1.000000000000002e-05 	 Training loss: 0.04848571460694075
[2025-01-16 04:56:01,805] INFO: Iter 37700 Summary: 
[2025-01-16 04:56:01,805] INFO: 	 lr: 1.000000000000002e-05 	 Training loss: 0.04813079584389925
[2025-01-16 04:56:14,653] INFO: Iter 37800 Summary: 
[2025-01-16 04:56:14,654] INFO: 	 lr: 1.000000000000002e-05 	 Training loss: 0.04833632100373506
[2025-01-16 04:56:28,497] INFO: Iter 37900 Summary: 
[2025-01-16 04:56:28,497] INFO: 	 lr: 1.000000000000002e-05 	 Training loss: 0.0482362624630332
[2025-01-16 04:56:40,110] INFO: Iter 38000 Summary: 
[2025-01-16 04:56:40,110] INFO: 	 lr: 1.000000000000002e-05 	 Training loss: 0.04877528917044401
[2025-01-16 04:56:56,563] INFO: Iter 38100 Summary: 
[2025-01-16 04:56:56,563] INFO: 	 lr: 1.000000000000002e-05 	 Training loss: 0.048268823996186254
[2025-01-16 04:57:07,804] INFO: Iter 38200 Summary: 
[2025-01-16 04:57:07,804] INFO: 	 lr: 1.000000000000002e-05 	 Training loss: 0.04806935772299767
[2025-01-16 04:57:20,997] INFO: Iter 38300 Summary: 
[2025-01-16 04:57:20,998] INFO: 	 lr: 1.000000000000002e-05 	 Training loss: 0.04816001951694489
[2025-01-16 04:57:35,133] INFO: Iter 38400 Summary: 
[2025-01-16 04:57:35,134] INFO: 	 lr: 1.000000000000002e-05 	 Training loss: 0.04827266614884138
[2025-01-16 04:57:46,806] INFO: Iter 38500 Summary: 
[2025-01-16 04:57:46,806] INFO: 	 lr: 1.000000000000002e-05 	 Training loss: 0.0483933088555932
[2025-01-16 04:57:59,112] INFO: Iter 38600 Summary: 
[2025-01-16 04:57:59,112] INFO: 	 lr: 1.000000000000002e-05 	 Training loss: 0.047955709658563134
[2025-01-16 04:58:09,648] INFO: Iter 38700 Summary: 
[2025-01-16 04:58:09,648] INFO: 	 lr: 1.000000000000002e-05 	 Training loss: 0.048300213925540444
[2025-01-16 04:58:22,905] INFO: Iter 38800 Summary: 
[2025-01-16 04:58:22,905] INFO: 	 lr: 1.000000000000002e-05 	 Training loss: 0.048513203561306
[2025-01-16 04:58:35,352] INFO: Iter 38900 Summary: 
[2025-01-16 04:58:35,352] INFO: 	 lr: 1.000000000000002e-05 	 Training loss: 0.048138556741178035
[2025-01-16 04:58:48,874] INFO: Iter 39000 Summary: 
[2025-01-16 04:58:48,875] INFO: 	 lr: 1.000000000000002e-05 	 Training loss: 0.04846795193850994
[2025-01-16 04:59:02,290] INFO: Iter 39100 Summary: 
[2025-01-16 04:59:02,290] INFO: 	 lr: 1.000000000000002e-05 	 Training loss: 0.04793433248996735
[2025-01-16 04:59:15,652] INFO: Iter 39200 Summary: 
[2025-01-16 04:59:15,653] INFO: 	 lr: 1.000000000000002e-05 	 Training loss: 0.04830217476934195
[2025-01-16 04:59:27,682] INFO: Iter 39300 Summary: 
[2025-01-16 04:59:27,683] INFO: 	 lr: 1.000000000000002e-05 	 Training loss: 0.04838916752487421
[2025-01-16 04:59:39,695] INFO: Iter 39400 Summary: 
[2025-01-16 04:59:39,695] INFO: 	 lr: 1.000000000000002e-05 	 Training loss: 0.04817009124904871
[2025-01-16 04:59:52,947] INFO: Iter 39500 Summary: 
[2025-01-16 04:59:52,947] INFO: 	 lr: 1.000000000000002e-05 	 Training loss: 0.04829210493713618
[2025-01-16 05:00:05,930] INFO: Iter 39600 Summary: 
[2025-01-16 05:00:05,930] INFO: 	 lr: 1.000000000000002e-05 	 Training loss: 0.04837484076619148
[2025-01-16 05:00:18,493] INFO: Iter 39700 Summary: 
[2025-01-16 05:00:18,494] INFO: 	 lr: 1.000000000000002e-05 	 Training loss: 0.04838185951113701
[2025-01-16 05:00:32,429] INFO: Iter 39800 Summary: 
[2025-01-16 05:00:32,429] INFO: 	 lr: 1.000000000000002e-05 	 Training loss: 0.04819622065871954
[2025-01-16 05:00:45,746] INFO: Iter 39900 Summary: 
[2025-01-16 05:00:45,746] INFO: 	 lr: 1.000000000000002e-05 	 Training loss: 0.048225330710411074
[2025-01-16 05:00:57,536] INFO: Iter 40000 Summary: 
[2025-01-16 05:00:57,537] INFO: 	 lr: 1.000000000000002e-05 	 Training loss: 0.04804524064064026
[2025-01-16 05:01:13,470] INFO: Iter 40100 Summary: 
[2025-01-16 05:01:13,471] INFO: 	 lr: 1.000000000000002e-05 	 Training loss: 0.04874136071652174
[2025-01-16 05:01:27,115] INFO: Iter 40200 Summary: 
[2025-01-16 05:01:27,115] INFO: 	 lr: 1.000000000000002e-05 	 Training loss: 0.04849580574780703
[2025-01-16 05:01:39,432] INFO: Iter 40300 Summary: 
[2025-01-16 05:01:39,432] INFO: 	 lr: 1.000000000000002e-05 	 Training loss: 0.04823207810521126
[2025-01-16 05:01:52,658] INFO: Iter 40400 Summary: 
[2025-01-16 05:01:52,658] INFO: 	 lr: 1.000000000000002e-05 	 Training loss: 0.048321264162659645
[2025-01-16 05:02:07,585] INFO: Iter 40500 Summary: 
[2025-01-16 05:02:07,585] INFO: 	 lr: 1.000000000000002e-05 	 Training loss: 0.048121585696935656
[2025-01-16 05:02:19,747] INFO: Iter 40600 Summary: 
[2025-01-16 05:02:19,747] INFO: 	 lr: 1.000000000000002e-05 	 Training loss: 0.04811606392264366
[2025-01-16 05:02:33,563] INFO: Iter 40700 Summary: 
[2025-01-16 05:02:33,563] INFO: 	 lr: 1.000000000000002e-05 	 Training loss: 0.04796709183603525
[2025-01-16 05:02:45,681] INFO: Iter 40800 Summary: 
[2025-01-16 05:02:45,681] INFO: 	 lr: 1.000000000000002e-05 	 Training loss: 0.0482065137475729
[2025-01-16 05:02:58,094] INFO: Iter 40900 Summary: 
[2025-01-16 05:02:58,094] INFO: 	 lr: 1.000000000000002e-05 	 Training loss: 0.04825572982430458
[2025-01-16 05:03:10,820] INFO: Iter 41000 Summary: 
[2025-01-16 05:03:10,821] INFO: 	 lr: 1.000000000000002e-05 	 Training loss: 0.04823560375720262
[2025-01-16 05:03:23,362] INFO: Iter 41100 Summary: 
[2025-01-16 05:03:23,363] INFO: 	 lr: 1.000000000000002e-05 	 Training loss: 0.048272685632109645
[2025-01-16 05:03:37,538] INFO: Iter 41200 Summary: 
[2025-01-16 05:03:37,539] INFO: 	 lr: 1.000000000000002e-05 	 Training loss: 0.048367994017899034
[2025-01-16 05:03:49,991] INFO: Iter 41300 Summary: 
[2025-01-16 05:03:49,991] INFO: 	 lr: 1.000000000000002e-05 	 Training loss: 0.04822047773748636
[2025-01-16 05:04:02,845] INFO: Iter 41400 Summary: 
[2025-01-16 05:04:02,845] INFO: 	 lr: 1.000000000000002e-05 	 Training loss: 0.04819291912019253
[2025-01-16 05:04:13,387] INFO: Iter 41500 Summary: 
[2025-01-16 05:04:13,387] INFO: 	 lr: 1.000000000000002e-05 	 Training loss: 0.04813513547182083
[2025-01-16 05:04:26,561] INFO: Iter 41600 Summary: 
[2025-01-16 05:04:26,562] INFO: 	 lr: 1.000000000000002e-05 	 Training loss: 0.04791522346436977
[2025-01-16 05:04:38,874] INFO: Iter 41700 Summary: 
[2025-01-16 05:04:38,874] INFO: 	 lr: 1.000000000000002e-05 	 Training loss: 0.04809699799865484
[2025-01-16 05:04:51,848] INFO: Iter 41800 Summary: 
[2025-01-16 05:04:51,849] INFO: 	 lr: 1.000000000000002e-05 	 Training loss: 0.04821282997727394
[2025-01-16 05:05:03,071] INFO: Iter 41900 Summary: 
[2025-01-16 05:05:03,072] INFO: 	 lr: 1.000000000000002e-05 	 Training loss: 0.048096606060862544
[2025-01-16 05:05:15,820] INFO: Iter 42000 Summary: 
[2025-01-16 05:05:15,820] INFO: 	 lr: 1.000000000000002e-05 	 Training loss: 0.047899321243166926
[2025-01-16 05:05:31,968] INFO: Iter 42100 Summary: 
[2025-01-16 05:05:31,969] INFO: 	 lr: 1.000000000000002e-05 	 Training loss: 0.04835315573960543
[2025-01-16 05:05:44,129] INFO: Iter 42200 Summary: 
[2025-01-16 05:05:44,129] INFO: 	 lr: 1.000000000000002e-05 	 Training loss: 0.04813577555119991
[2025-01-16 05:05:56,067] INFO: Iter 42300 Summary: 
[2025-01-16 05:05:56,068] INFO: 	 lr: 1.000000000000002e-05 	 Training loss: 0.04810384511947632
[2025-01-16 05:06:09,614] INFO: Iter 42400 Summary: 
[2025-01-16 05:06:09,614] INFO: 	 lr: 1.000000000000002e-05 	 Training loss: 0.0480994713678956
[2025-01-16 05:06:23,395] INFO: Iter 42500 Summary: 
[2025-01-16 05:06:23,396] INFO: 	 lr: 1.000000000000002e-05 	 Training loss: 0.047874569185078146
[2025-01-16 05:06:36,027] INFO: Iter 42600 Summary: 
[2025-01-16 05:06:36,027] INFO: 	 lr: 1.000000000000002e-05 	 Training loss: 0.0478863113000989
[2025-01-16 05:06:48,409] INFO: Iter 42700 Summary: 
[2025-01-16 05:06:48,409] INFO: 	 lr: 1.000000000000002e-05 	 Training loss: 0.04798171851783991
[2025-01-16 05:07:01,258] INFO: Iter 42800 Summary: 
[2025-01-16 05:07:01,258] INFO: 	 lr: 1.000000000000002e-05 	 Training loss: 0.04797833472490311
[2025-01-16 05:07:13,083] INFO: Iter 42900 Summary: 
[2025-01-16 05:07:13,083] INFO: 	 lr: 1.000000000000002e-05 	 Training loss: 0.04797613404691219
[2025-01-16 05:07:24,658] INFO: Iter 43000 Summary: 
[2025-01-16 05:07:24,659] INFO: 	 lr: 1.000000000000002e-05 	 Training loss: 0.04792482946068048
[2025-01-16 05:07:36,026] INFO: Iter 43100 Summary: 
[2025-01-16 05:07:36,026] INFO: 	 lr: 1.000000000000002e-05 	 Training loss: 0.04798229698091745
[2025-01-16 05:07:49,777] INFO: Iter 43200 Summary: 
[2025-01-16 05:07:49,777] INFO: 	 lr: 1.000000000000002e-05 	 Training loss: 0.048419558927416805
[2025-01-16 05:07:59,925] INFO: Iter 43300 Summary: 
[2025-01-16 05:07:59,926] INFO: 	 lr: 1.000000000000002e-05 	 Training loss: 0.04815831195563078
[2025-01-16 05:08:12,367] INFO: Iter 43400 Summary: 
[2025-01-16 05:08:12,367] INFO: 	 lr: 1.000000000000002e-05 	 Training loss: 0.0482208114862442
[2025-01-16 05:08:25,707] INFO: Iter 43500 Summary: 
[2025-01-16 05:08:25,708] INFO: 	 lr: 1.000000000000002e-05 	 Training loss: 0.04808395430445671
[2025-01-16 05:08:37,580] INFO: Iter 43600 Summary: 
[2025-01-16 05:08:37,581] INFO: 	 lr: 1.000000000000002e-05 	 Training loss: 0.048616833500564095
[2025-01-16 05:08:50,756] INFO: Iter 43700 Summary: 
[2025-01-16 05:08:50,757] INFO: 	 lr: 1.000000000000002e-05 	 Training loss: 0.04792938232421875
[2025-01-16 05:09:03,502] INFO: Iter 43800 Summary: 
[2025-01-16 05:09:03,503] INFO: 	 lr: 1.000000000000002e-05 	 Training loss: 0.0480465442687273
[2025-01-16 05:09:15,706] INFO: Iter 43900 Summary: 
[2025-01-16 05:09:15,706] INFO: 	 lr: 1.000000000000002e-05 	 Training loss: 0.048179972246289254
[2025-01-16 05:09:28,312] INFO: Iter 44000 Summary: 
[2025-01-16 05:09:28,312] INFO: 	 lr: 1.000000000000002e-05 	 Training loss: 0.04785154823213816
[2025-01-16 05:09:45,186] INFO: Iter 44100 Summary: 
[2025-01-16 05:09:45,187] INFO: 	 lr: 1.000000000000002e-05 	 Training loss: 0.04826713521033525
[2025-01-16 05:09:58,862] INFO: Iter 44200 Summary: 
[2025-01-16 05:09:58,862] INFO: 	 lr: 1.000000000000002e-05 	 Training loss: 0.047893696017563346
[2025-01-16 05:10:11,705] INFO: Iter 44300 Summary: 
[2025-01-16 05:10:11,706] INFO: 	 lr: 1.000000000000002e-05 	 Training loss: 0.04804828990250826
[2025-01-16 05:10:25,869] INFO: Iter 44400 Summary: 
[2025-01-16 05:10:25,869] INFO: 	 lr: 1.000000000000002e-05 	 Training loss: 0.04821402564644814
[2025-01-16 05:10:38,033] INFO: Iter 44500 Summary: 
[2025-01-16 05:10:38,034] INFO: 	 lr: 1.000000000000002e-05 	 Training loss: 0.04825246635824442
[2025-01-16 05:10:52,185] INFO: Iter 44600 Summary: 
[2025-01-16 05:10:52,185] INFO: 	 lr: 1.000000000000002e-05 	 Training loss: 0.04764098845422268
[2025-01-16 05:11:05,250] INFO: Iter 44700 Summary: 
[2025-01-16 05:11:05,250] INFO: 	 lr: 1.000000000000002e-05 	 Training loss: 0.04778610929846763
[2025-01-16 05:11:19,244] INFO: Iter 44800 Summary: 
[2025-01-16 05:11:19,244] INFO: 	 lr: 1.000000000000002e-05 	 Training loss: 0.0479620786011219
[2025-01-16 05:11:32,697] INFO: Iter 44900 Summary: 
[2025-01-16 05:11:32,697] INFO: 	 lr: 1.000000000000002e-05 	 Training loss: 0.048258246332406995
[2025-01-16 05:11:44,951] INFO: Iter 45000 Summary: 
[2025-01-16 05:11:44,952] INFO: 	 lr: 1.000000000000002e-05 	 Training loss: 0.048053359463810924
[2025-01-16 05:11:57,938] INFO: Iter 45100 Summary: 
[2025-01-16 05:11:57,938] INFO: 	 lr: 1.000000000000002e-05 	 Training loss: 0.048362598642706874
[2025-01-16 05:12:10,838] INFO: Iter 45200 Summary: 
[2025-01-16 05:12:10,839] INFO: 	 lr: 1.000000000000002e-05 	 Training loss: 0.04796917553991079
[2025-01-16 05:12:24,238] INFO: Iter 45300 Summary: 
[2025-01-16 05:12:24,239] INFO: 	 lr: 1.000000000000002e-05 	 Training loss: 0.04809095207601786
[2025-01-16 05:12:37,085] INFO: Iter 45400 Summary: 
[2025-01-16 05:12:37,085] INFO: 	 lr: 1.000000000000002e-05 	 Training loss: 0.048008690066635606
[2025-01-16 05:12:51,572] INFO: Iter 45500 Summary: 
[2025-01-16 05:12:51,573] INFO: 	 lr: 1.000000000000002e-05 	 Training loss: 0.048018287494778635
[2025-01-16 05:13:04,025] INFO: Iter 45600 Summary: 
[2025-01-16 05:13:04,025] INFO: 	 lr: 1.000000000000002e-05 	 Training loss: 0.048053902834653855
[2025-01-16 05:13:17,788] INFO: Iter 45700 Summary: 
[2025-01-16 05:13:17,788] INFO: 	 lr: 1.000000000000002e-05 	 Training loss: 0.04839433118700981
[2025-01-16 05:13:30,993] INFO: Iter 45800 Summary: 
[2025-01-16 05:13:30,993] INFO: 	 lr: 1.000000000000002e-05 	 Training loss: 0.04805535573512316
[2025-01-16 05:13:45,313] INFO: Iter 45900 Summary: 
[2025-01-16 05:13:45,314] INFO: 	 lr: 1.000000000000002e-05 	 Training loss: 0.04780097734183073
[2025-01-16 05:13:59,070] INFO: Iter 46000 Summary: 
[2025-01-16 05:13:59,070] INFO: 	 lr: 1.000000000000002e-05 	 Training loss: 0.04812867544591427
[2025-01-16 05:14:17,065] INFO: Iter 46100 Summary: 
[2025-01-16 05:14:17,066] INFO: 	 lr: 1.000000000000002e-05 	 Training loss: 0.04813677940517664
[2025-01-16 05:14:29,097] INFO: Iter 46200 Summary: 
[2025-01-16 05:14:29,097] INFO: 	 lr: 1.000000000000002e-05 	 Training loss: 0.0480717283859849
[2025-01-16 05:14:42,621] INFO: Iter 46300 Summary: 
[2025-01-16 05:14:42,621] INFO: 	 lr: 1.000000000000002e-05 	 Training loss: 0.047843923196196556
[2025-01-16 05:14:55,495] INFO: Iter 46400 Summary: 
[2025-01-16 05:14:55,495] INFO: 	 lr: 1.000000000000002e-05 	 Training loss: 0.04802283301949501
[2025-01-16 05:15:07,569] INFO: Iter 46500 Summary: 
[2025-01-16 05:15:07,570] INFO: 	 lr: 1.000000000000002e-05 	 Training loss: 0.04786152120679617
[2025-01-16 05:15:21,317] INFO: Iter 46600 Summary: 
[2025-01-16 05:15:21,318] INFO: 	 lr: 1.000000000000002e-05 	 Training loss: 0.047911567613482475
[2025-01-16 05:15:34,852] INFO: Iter 46700 Summary: 
[2025-01-16 05:15:34,853] INFO: 	 lr: 1.000000000000002e-05 	 Training loss: 0.04773620266467333
[2025-01-16 05:15:47,484] INFO: Iter 46800 Summary: 
[2025-01-16 05:15:47,484] INFO: 	 lr: 1.000000000000002e-05 	 Training loss: 0.04822040930390358
[2025-01-16 05:16:00,741] INFO: Iter 46900 Summary: 
[2025-01-16 05:16:00,741] INFO: 	 lr: 1.000000000000002e-05 	 Training loss: 0.047899023927748204
[2025-01-16 05:16:13,913] INFO: Iter 47000 Summary: 
[2025-01-16 05:16:13,913] INFO: 	 lr: 1.000000000000002e-05 	 Training loss: 0.0479416473209858
[2025-01-16 05:16:26,462] INFO: Iter 47100 Summary: 
[2025-01-16 05:16:26,462] INFO: 	 lr: 1.000000000000002e-05 	 Training loss: 0.048055147156119346
[2025-01-16 05:16:38,902] INFO: Iter 47200 Summary: 
[2025-01-16 05:16:38,903] INFO: 	 lr: 1.000000000000002e-05 	 Training loss: 0.047833766974508765
[2025-01-16 05:16:51,833] INFO: Iter 47300 Summary: 
[2025-01-16 05:16:51,834] INFO: 	 lr: 1.000000000000002e-05 	 Training loss: 0.04788646586239338
[2025-01-16 05:17:04,150] INFO: Iter 47400 Summary: 
[2025-01-16 05:17:04,150] INFO: 	 lr: 1.000000000000002e-05 	 Training loss: 0.0478741354495287
[2025-01-16 05:17:17,262] INFO: Iter 47500 Summary: 
[2025-01-16 05:17:17,262] INFO: 	 lr: 1.000000000000002e-05 	 Training loss: 0.04810014117509127
[2025-01-16 05:17:29,316] INFO: Iter 47600 Summary: 
[2025-01-16 05:17:29,317] INFO: 	 lr: 1.000000000000002e-05 	 Training loss: 0.04784988462924957
[2025-01-16 05:17:43,565] INFO: Iter 47700 Summary: 
[2025-01-16 05:17:43,565] INFO: 	 lr: 1.000000000000002e-05 	 Training loss: 0.047744866348803046
[2025-01-16 05:17:57,067] INFO: Iter 47800 Summary: 
[2025-01-16 05:17:57,067] INFO: 	 lr: 1.000000000000002e-05 	 Training loss: 0.047673333622515204
[2025-01-16 05:18:09,323] INFO: Iter 47900 Summary: 
[2025-01-16 05:18:09,323] INFO: 	 lr: 1.000000000000002e-05 	 Training loss: 0.048133568987250325
[2025-01-16 05:18:22,105] INFO: Iter 48000 Summary: 
[2025-01-16 05:18:22,105] INFO: 	 lr: 1.000000000000002e-05 	 Training loss: 0.04786628969013691
[2025-01-16 05:18:37,916] INFO: Iter 48100 Summary: 
[2025-01-16 05:18:37,916] INFO: 	 lr: 1.000000000000002e-05 	 Training loss: 0.04775632627308369
[2025-01-16 05:18:49,877] INFO: Iter 48200 Summary: 
[2025-01-16 05:18:49,877] INFO: 	 lr: 1.000000000000002e-05 	 Training loss: 0.04769299283623695
[2025-01-16 05:19:03,040] INFO: Iter 48300 Summary: 
[2025-01-16 05:19:03,040] INFO: 	 lr: 1.000000000000002e-05 	 Training loss: 0.04815481349825859
[2025-01-16 05:19:16,597] INFO: Iter 48400 Summary: 
[2025-01-16 05:19:16,597] INFO: 	 lr: 1.000000000000002e-05 	 Training loss: 0.048133624754846095
[2025-01-16 05:19:29,321] INFO: Iter 48500 Summary: 
[2025-01-16 05:19:29,321] INFO: 	 lr: 1.000000000000002e-05 	 Training loss: 0.048215012066066265
[2025-01-16 05:19:41,811] INFO: Iter 48600 Summary: 
[2025-01-16 05:19:41,811] INFO: 	 lr: 1.000000000000002e-05 	 Training loss: 0.04807028826326132
[2025-01-16 05:19:56,145] INFO: Iter 48700 Summary: 
[2025-01-16 05:19:56,146] INFO: 	 lr: 1.000000000000002e-05 	 Training loss: 0.04797652810811996
[2025-01-16 05:20:09,163] INFO: Iter 48800 Summary: 
[2025-01-16 05:20:09,164] INFO: 	 lr: 1.000000000000002e-05 	 Training loss: 0.04773998580873012
[2025-01-16 05:20:22,611] INFO: Iter 48900 Summary: 
[2025-01-16 05:20:22,612] INFO: 	 lr: 1.000000000000002e-05 	 Training loss: 0.04790186945348978
[2025-01-16 05:20:35,507] INFO: Iter 49000 Summary: 
[2025-01-16 05:20:35,508] INFO: 	 lr: 1.000000000000002e-05 	 Training loss: 0.047594226822257044
[2025-01-16 05:20:47,779] INFO: Iter 49100 Summary: 
[2025-01-16 05:20:47,780] INFO: 	 lr: 1.000000000000002e-05 	 Training loss: 0.048334336951375005
[2025-01-16 05:20:58,660] INFO: Iter 49200 Summary: 
[2025-01-16 05:20:58,660] INFO: 	 lr: 1.000000000000002e-05 	 Training loss: 0.047829034887254235
[2025-01-16 05:21:10,943] INFO: Iter 49300 Summary: 
[2025-01-16 05:21:10,943] INFO: 	 lr: 1.000000000000002e-05 	 Training loss: 0.04799803271889687
[2025-01-16 05:21:24,236] INFO: Iter 49400 Summary: 
[2025-01-16 05:21:24,237] INFO: 	 lr: 1.000000000000002e-05 	 Training loss: 0.04761614315211773
[2025-01-16 05:21:37,213] INFO: Iter 49500 Summary: 
[2025-01-16 05:21:37,213] INFO: 	 lr: 1.000000000000002e-05 	 Training loss: 0.048230189010500905
[2025-01-16 05:21:50,786] INFO: Iter 49600 Summary: 
[2025-01-16 05:21:50,786] INFO: 	 lr: 1.000000000000002e-05 	 Training loss: 0.04793049897998571
[2025-01-16 05:22:03,141] INFO: Iter 49700 Summary: 
[2025-01-16 05:22:03,141] INFO: 	 lr: 1.000000000000002e-05 	 Training loss: 0.048070060200989244
[2025-01-16 05:22:15,140] INFO: Iter 49800 Summary: 
[2025-01-16 05:22:15,141] INFO: 	 lr: 1.000000000000002e-05 	 Training loss: 0.04780135616660118
[2025-01-16 05:22:28,261] INFO: Iter 49900 Summary: 
[2025-01-16 05:22:28,261] INFO: 	 lr: 1.000000000000002e-05 	 Training loss: 0.04774439837783575
[2025-01-16 05:22:41,159] INFO: Iter 50000 Summary: 
[2025-01-16 05:22:41,159] INFO: 	 lr: 1.000000000000002e-05 	 Training loss: 0.04781933285295963
[2025-01-16 05:22:58,794] INFO: Iter 50100 Summary: 
[2025-01-16 05:22:58,795] INFO: 	 lr: 1.000000000000002e-05 	 Training loss: 0.04765976410359144
[2025-01-16 05:23:11,237] INFO: Iter 50200 Summary: 
[2025-01-16 05:23:11,238] INFO: 	 lr: 1.000000000000002e-05 	 Training loss: 0.04801036972552538
[2025-01-16 05:23:22,553] INFO: Iter 50300 Summary: 
[2025-01-16 05:23:22,554] INFO: 	 lr: 1.000000000000002e-05 	 Training loss: 0.04771414302289486
[2025-01-16 05:23:35,642] INFO: Iter 50400 Summary: 
[2025-01-16 05:23:35,643] INFO: 	 lr: 1.000000000000002e-05 	 Training loss: 0.048000909350812436
[2025-01-16 05:23:49,872] INFO: Iter 50500 Summary: 
[2025-01-16 05:23:49,872] INFO: 	 lr: 1.000000000000002e-05 	 Training loss: 0.0476866177842021
[2025-01-16 05:24:01,654] INFO: Iter 50600 Summary: 
[2025-01-16 05:24:01,654] INFO: 	 lr: 1.000000000000002e-05 	 Training loss: 0.047804616019129755
[2025-01-16 05:24:15,249] INFO: Iter 50700 Summary: 
[2025-01-16 05:24:15,249] INFO: 	 lr: 1.000000000000002e-05 	 Training loss: 0.047808017060160635
[2025-01-16 05:24:28,555] INFO: Iter 50800 Summary: 
[2025-01-16 05:24:28,555] INFO: 	 lr: 1.000000000000002e-05 	 Training loss: 0.04782167423516512
[2025-01-16 05:24:40,769] INFO: Iter 50900 Summary: 
[2025-01-16 05:24:40,770] INFO: 	 lr: 1.000000000000002e-05 	 Training loss: 0.04780988693237305
[2025-01-16 05:24:53,249] INFO: Iter 51000 Summary: 
[2025-01-16 05:24:53,249] INFO: 	 lr: 1.000000000000002e-05 	 Training loss: 0.04784941751509905
[2025-01-16 05:25:07,116] INFO: Iter 51100 Summary: 
[2025-01-16 05:25:07,116] INFO: 	 lr: 1.000000000000002e-05 	 Training loss: 0.047897772304713725
[2025-01-16 05:25:20,107] INFO: Iter 51200 Summary: 
[2025-01-16 05:25:20,107] INFO: 	 lr: 1.000000000000002e-05 	 Training loss: 0.0475424150750041
[2025-01-16 05:25:32,627] INFO: Iter 51300 Summary: 
[2025-01-16 05:25:32,628] INFO: 	 lr: 1.000000000000002e-05 	 Training loss: 0.04788255877792835
[2025-01-16 05:25:47,592] INFO: Iter 51400 Summary: 
[2025-01-16 05:25:47,592] INFO: 	 lr: 1.000000000000002e-05 	 Training loss: 0.04793209914118052
[2025-01-16 05:26:01,713] INFO: Iter 51500 Summary: 
[2025-01-16 05:26:01,714] INFO: 	 lr: 1.000000000000002e-05 	 Training loss: 0.04740701172500849
[2025-01-16 05:26:14,543] INFO: Iter 51600 Summary: 
[2025-01-16 05:26:14,544] INFO: 	 lr: 1.000000000000002e-05 	 Training loss: 0.04786019489169121
[2025-01-16 05:26:27,283] INFO: Iter 51700 Summary: 
[2025-01-16 05:26:27,283] INFO: 	 lr: 1.000000000000002e-05 	 Training loss: 0.04793560102581978
[2025-01-16 05:26:40,875] INFO: Iter 51800 Summary: 
[2025-01-16 05:26:40,875] INFO: 	 lr: 1.000000000000002e-05 	 Training loss: 0.04761057768017054
[2025-01-16 05:26:53,181] INFO: Iter 51900 Summary: 
[2025-01-16 05:26:53,181] INFO: 	 lr: 1.000000000000002e-05 	 Training loss: 0.04796711824834347
[2025-01-16 05:27:06,272] INFO: Iter 52000 Summary: 
[2025-01-16 05:27:06,272] INFO: 	 lr: 1.000000000000002e-05 	 Training loss: 0.04788097929209471
[2025-01-16 05:27:22,294] INFO: Iter 52100 Summary: 
[2025-01-16 05:27:22,295] INFO: 	 lr: 1.000000000000002e-05 	 Training loss: 0.04786891058087349
[2025-01-16 05:27:35,418] INFO: Iter 52200 Summary: 
[2025-01-16 05:27:35,419] INFO: 	 lr: 1.000000000000002e-05 	 Training loss: 0.047776679955422875
[2025-01-16 05:27:48,627] INFO: Iter 52300 Summary: 
[2025-01-16 05:27:48,627] INFO: 	 lr: 1.000000000000002e-05 	 Training loss: 0.04788746293634176
[2025-01-16 05:28:01,895] INFO: Iter 52400 Summary: 
[2025-01-16 05:28:01,895] INFO: 	 lr: 1.000000000000002e-05 	 Training loss: 0.047711718939244745
[2025-01-16 05:28:13,393] INFO: Iter 52500 Summary: 
[2025-01-16 05:28:13,393] INFO: 	 lr: 1.000000000000002e-05 	 Training loss: 0.04771252766251564
[2025-01-16 05:28:26,924] INFO: Iter 52600 Summary: 
[2025-01-16 05:28:26,924] INFO: 	 lr: 1.000000000000002e-05 	 Training loss: 0.04785741690546274
[2025-01-16 05:28:38,448] INFO: Iter 52700 Summary: 
[2025-01-16 05:28:38,448] INFO: 	 lr: 1.000000000000002e-05 	 Training loss: 0.0478444292768836
[2025-01-16 05:28:51,541] INFO: Iter 52800 Summary: 
[2025-01-16 05:28:51,542] INFO: 	 lr: 1.000000000000002e-05 	 Training loss: 0.0476901138946414
[2025-01-16 05:29:05,156] INFO: Iter 52900 Summary: 
[2025-01-16 05:29:05,156] INFO: 	 lr: 1.000000000000002e-05 	 Training loss: 0.047564613744616506
[2025-01-16 05:29:18,377] INFO: Iter 53000 Summary: 
[2025-01-16 05:29:18,377] INFO: 	 lr: 1.000000000000002e-05 	 Training loss: 0.0478929253295064
[2025-01-16 05:29:31,176] INFO: Iter 53100 Summary: 
[2025-01-16 05:29:31,176] INFO: 	 lr: 1.000000000000002e-05 	 Training loss: 0.04769725058227778
[2025-01-16 05:29:42,688] INFO: Iter 53200 Summary: 
[2025-01-16 05:29:42,688] INFO: 	 lr: 1.000000000000002e-05 	 Training loss: 0.047710325829684735
[2025-01-16 05:29:52,730] INFO: Iter 53300 Summary: 
[2025-01-16 05:29:52,731] INFO: 	 lr: 1.000000000000002e-05 	 Training loss: 0.04770031034946442
[2025-01-16 05:30:03,750] INFO: Iter 53400 Summary: 
[2025-01-16 05:30:03,750] INFO: 	 lr: 1.000000000000002e-05 	 Training loss: 0.04775894790887833
[2025-01-16 05:30:16,929] INFO: Iter 53500 Summary: 
[2025-01-16 05:30:16,929] INFO: 	 lr: 1.000000000000002e-05 	 Training loss: 0.047358684800565244
[2025-01-16 05:30:28,985] INFO: Iter 53600 Summary: 
[2025-01-16 05:30:28,985] INFO: 	 lr: 1.000000000000002e-05 	 Training loss: 0.04772580366581678
[2025-01-16 05:30:41,112] INFO: Iter 53700 Summary: 
[2025-01-16 05:30:41,112] INFO: 	 lr: 1.000000000000002e-05 	 Training loss: 0.04754206694662571
[2025-01-16 05:30:54,637] INFO: Iter 53800 Summary: 
[2025-01-16 05:30:54,637] INFO: 	 lr: 1.000000000000002e-05 	 Training loss: 0.04809246823191643
[2025-01-16 05:31:06,457] INFO: Iter 53900 Summary: 
[2025-01-16 05:31:06,457] INFO: 	 lr: 1.000000000000002e-05 	 Training loss: 0.04817703429609537
[2025-01-16 05:31:18,189] INFO: Iter 54000 Summary: 
[2025-01-16 05:31:18,190] INFO: 	 lr: 1.000000000000002e-05 	 Training loss: 0.04760721519589424
[2025-01-16 05:31:33,725] INFO: Iter 54100 Summary: 
[2025-01-16 05:31:33,725] INFO: 	 lr: 1.000000000000002e-05 	 Training loss: 0.04736269038170576
[2025-01-16 05:31:47,423] INFO: Iter 54200 Summary: 
[2025-01-16 05:31:47,424] INFO: 	 lr: 1.000000000000002e-05 	 Training loss: 0.04775048434734344
[2025-01-16 05:32:00,474] INFO: Iter 54300 Summary: 
[2025-01-16 05:32:00,475] INFO: 	 lr: 1.000000000000002e-05 	 Training loss: 0.04757400877773762
[2025-01-16 05:32:13,743] INFO: Iter 54400 Summary: 
[2025-01-16 05:32:13,743] INFO: 	 lr: 1.000000000000002e-05 	 Training loss: 0.047716757468879226
[2025-01-16 05:32:26,700] INFO: Iter 54500 Summary: 
[2025-01-16 05:32:26,700] INFO: 	 lr: 1.000000000000002e-05 	 Training loss: 0.04766806393861771
[2025-01-16 05:32:37,813] INFO: Iter 54600 Summary: 
[2025-01-16 05:32:37,813] INFO: 	 lr: 1.000000000000002e-05 	 Training loss: 0.04768313229084015
[2025-01-16 05:32:49,977] INFO: Iter 54700 Summary: 
[2025-01-16 05:32:49,977] INFO: 	 lr: 1.000000000000002e-05 	 Training loss: 0.047739294916391374
[2025-01-16 05:33:01,694] INFO: Iter 54800 Summary: 
[2025-01-16 05:33:01,694] INFO: 	 lr: 1.000000000000002e-05 	 Training loss: 0.047741966843605044
[2025-01-16 05:33:14,552] INFO: Iter 54900 Summary: 
[2025-01-16 05:33:14,553] INFO: 	 lr: 1.000000000000002e-05 	 Training loss: 0.04768705535680055
[2025-01-16 05:33:27,893] INFO: Iter 55000 Summary: 
[2025-01-16 05:33:27,893] INFO: 	 lr: 1.000000000000002e-05 	 Training loss: 0.04740673679858446
[2025-01-16 05:33:40,530] INFO: Iter 55100 Summary: 
[2025-01-16 05:33:40,530] INFO: 	 lr: 1.000000000000002e-05 	 Training loss: 0.04750002108514309
[2025-01-16 05:33:55,650] INFO: Iter 55200 Summary: 
[2025-01-16 05:33:55,650] INFO: 	 lr: 1.000000000000002e-05 	 Training loss: 0.047808467335999014
[2025-01-16 05:34:08,449] INFO: Iter 55300 Summary: 
[2025-01-16 05:34:08,449] INFO: 	 lr: 1.000000000000002e-05 	 Training loss: 0.0479763400182128
[2025-01-16 05:34:20,096] INFO: Iter 55400 Summary: 
[2025-01-16 05:34:20,096] INFO: 	 lr: 1.000000000000002e-05 	 Training loss: 0.0478895553201437
[2025-01-16 05:34:32,503] INFO: Iter 55500 Summary: 
[2025-01-16 05:34:32,504] INFO: 	 lr: 1.000000000000002e-05 	 Training loss: 0.047806797362864015
[2025-01-16 05:34:46,690] INFO: Iter 55600 Summary: 
[2025-01-16 05:34:46,690] INFO: 	 lr: 1.000000000000002e-05 	 Training loss: 0.04772099833935499
[2025-01-16 05:35:00,017] INFO: Iter 55700 Summary: 
[2025-01-16 05:35:00,017] INFO: 	 lr: 1.000000000000002e-05 	 Training loss: 0.04754166342318058
[2025-01-16 05:35:12,674] INFO: Iter 55800 Summary: 
[2025-01-16 05:35:12,674] INFO: 	 lr: 1.000000000000002e-05 	 Training loss: 0.04771159242838621
[2025-01-16 05:35:25,075] INFO: Iter 55900 Summary: 
[2025-01-16 05:35:25,075] INFO: 	 lr: 1.000000000000002e-05 	 Training loss: 0.04765185955911875
[2025-01-16 05:35:38,981] INFO: Iter 56000 Summary: 
[2025-01-16 05:35:38,981] INFO: 	 lr: 1.000000000000002e-05 	 Training loss: 0.04792497355490923
[2025-01-16 05:35:55,293] INFO: Iter 56100 Summary: 
[2025-01-16 05:35:55,294] INFO: 	 lr: 1.000000000000002e-05 	 Training loss: 0.04757101893424988
[2025-01-16 05:36:09,096] INFO: Iter 56200 Summary: 
[2025-01-16 05:36:09,096] INFO: 	 lr: 1.000000000000002e-05 	 Training loss: 0.04756670106202364
[2025-01-16 05:36:21,252] INFO: Iter 56300 Summary: 
[2025-01-16 05:36:21,252] INFO: 	 lr: 1.000000000000002e-05 	 Training loss: 0.047800958566367624
[2025-01-16 05:36:33,012] INFO: Iter 56400 Summary: 
[2025-01-16 05:36:33,013] INFO: 	 lr: 1.000000000000002e-05 	 Training loss: 0.04771756660193205
[2025-01-16 05:36:45,341] INFO: Iter 56500 Summary: 
[2025-01-16 05:36:45,341] INFO: 	 lr: 1.000000000000002e-05 	 Training loss: 0.04755115900188685
[2025-01-16 05:36:55,405] INFO: Iter 56600 Summary: 
[2025-01-16 05:36:55,405] INFO: 	 lr: 1.000000000000002e-05 	 Training loss: 0.04755295243114233
[2025-01-16 05:37:08,376] INFO: Iter 56700 Summary: 
[2025-01-16 05:37:08,377] INFO: 	 lr: 1.000000000000002e-05 	 Training loss: 0.04781973917037249
[2025-01-16 05:37:20,139] INFO: Iter 56800 Summary: 
[2025-01-16 05:37:20,139] INFO: 	 lr: 1.000000000000002e-05 	 Training loss: 0.047680698074400424
[2025-01-16 05:37:34,822] INFO: Iter 56900 Summary: 
[2025-01-16 05:37:34,823] INFO: 	 lr: 1.000000000000002e-05 	 Training loss: 0.04785776883363724
[2025-01-16 05:37:46,588] INFO: Iter 57000 Summary: 
[2025-01-16 05:37:46,588] INFO: 	 lr: 1.000000000000002e-05 	 Training loss: 0.04767603699117899
[2025-01-16 05:37:58,704] INFO: Iter 57100 Summary: 
[2025-01-16 05:37:58,705] INFO: 	 lr: 1.000000000000002e-05 	 Training loss: 0.047632399052381515
[2025-01-16 05:38:11,540] INFO: Iter 57200 Summary: 
[2025-01-16 05:38:11,540] INFO: 	 lr: 1.000000000000002e-05 	 Training loss: 0.047844571992754936
[2025-01-16 05:38:24,016] INFO: Iter 57300 Summary: 
[2025-01-16 05:38:24,017] INFO: 	 lr: 1.000000000000002e-05 	 Training loss: 0.047580629624426364
[2025-01-16 05:38:36,004] INFO: Iter 57400 Summary: 
[2025-01-16 05:38:36,005] INFO: 	 lr: 1.000000000000002e-05 	 Training loss: 0.04790395841002464
[2025-01-16 05:38:48,304] INFO: Iter 57500 Summary: 
[2025-01-16 05:38:48,304] INFO: 	 lr: 1.000000000000002e-05 	 Training loss: 0.04780006781220436
[2025-01-16 05:39:00,928] INFO: Iter 57600 Summary: 
[2025-01-16 05:39:00,928] INFO: 	 lr: 1.000000000000002e-05 	 Training loss: 0.04777294229716063
[2025-01-16 05:39:14,123] INFO: Iter 57700 Summary: 
[2025-01-16 05:39:14,123] INFO: 	 lr: 1.000000000000002e-05 	 Training loss: 0.047425833232700824
[2025-01-16 05:39:27,439] INFO: Iter 57800 Summary: 
[2025-01-16 05:39:27,439] INFO: 	 lr: 1.000000000000002e-05 	 Training loss: 0.047732862457633016
[2025-01-16 05:39:40,400] INFO: Iter 57900 Summary: 
[2025-01-16 05:39:40,401] INFO: 	 lr: 1.000000000000002e-05 	 Training loss: 0.047443481273949144
[2025-01-16 05:39:54,531] INFO: Iter 58000 Summary: 
[2025-01-16 05:39:54,531] INFO: 	 lr: 1.000000000000002e-05 	 Training loss: 0.04768315181136131
[2025-01-16 05:40:09,046] INFO: Iter 58100 Summary: 
[2025-01-16 05:40:09,047] INFO: 	 lr: 1.000000000000002e-05 	 Training loss: 0.047878977581858634
[2025-01-16 05:40:21,190] INFO: Iter 58200 Summary: 
[2025-01-16 05:40:21,190] INFO: 	 lr: 1.000000000000002e-05 	 Training loss: 0.04738808907568455
[2025-01-16 05:40:34,998] INFO: Iter 58300 Summary: 
[2025-01-16 05:40:34,999] INFO: 	 lr: 1.000000000000002e-05 	 Training loss: 0.04740531291812658
[2025-01-16 05:40:48,848] INFO: Iter 58400 Summary: 
[2025-01-16 05:40:48,848] INFO: 	 lr: 1.000000000000002e-05 	 Training loss: 0.04741376508027315
[2025-01-16 05:41:00,643] INFO: Iter 58500 Summary: 
[2025-01-16 05:41:00,644] INFO: 	 lr: 1.000000000000002e-05 	 Training loss: 0.0479354102537036
[2025-01-16 05:41:12,860] INFO: Iter 58600 Summary: 
[2025-01-16 05:41:12,861] INFO: 	 lr: 1.000000000000002e-05 	 Training loss: 0.047831835001707075
[2025-01-16 05:41:26,334] INFO: Iter 58700 Summary: 
[2025-01-16 05:41:26,335] INFO: 	 lr: 1.000000000000002e-05 	 Training loss: 0.047624296694993976
[2025-01-16 05:41:39,772] INFO: Iter 58800 Summary: 
[2025-01-16 05:41:39,772] INFO: 	 lr: 1.000000000000002e-05 	 Training loss: 0.04746734444051981
[2025-01-16 05:41:52,582] INFO: Iter 58900 Summary: 
[2025-01-16 05:41:52,582] INFO: 	 lr: 1.000000000000002e-05 	 Training loss: 0.047622150555253026
[2025-01-16 05:42:05,970] INFO: Iter 59000 Summary: 
[2025-01-16 05:42:05,970] INFO: 	 lr: 1.000000000000002e-05 	 Training loss: 0.04781363740563393
[2025-01-16 05:42:19,677] INFO: Iter 59100 Summary: 
[2025-01-16 05:42:19,678] INFO: 	 lr: 1.000000000000002e-05 	 Training loss: 0.04765081752091646
[2025-01-16 05:42:33,925] INFO: Iter 59200 Summary: 
[2025-01-16 05:42:33,926] INFO: 	 lr: 1.000000000000002e-05 	 Training loss: 0.04758274007588625
[2025-01-16 05:42:48,475] INFO: Iter 59300 Summary: 
[2025-01-16 05:42:48,475] INFO: 	 lr: 1.000000000000002e-05 	 Training loss: 0.04735132355242968
[2025-01-16 05:43:00,287] INFO: Iter 59400 Summary: 
[2025-01-16 05:43:00,287] INFO: 	 lr: 1.000000000000002e-05 	 Training loss: 0.04787086524069309
[2025-01-16 05:43:13,217] INFO: Iter 59500 Summary: 
[2025-01-16 05:43:13,218] INFO: 	 lr: 1.000000000000002e-05 	 Training loss: 0.04744814023375511
[2025-01-16 05:43:26,382] INFO: Iter 59600 Summary: 
[2025-01-16 05:43:26,382] INFO: 	 lr: 1.000000000000002e-05 	 Training loss: 0.04730834651738405
[2025-01-16 05:43:37,986] INFO: Iter 59700 Summary: 
[2025-01-16 05:43:37,986] INFO: 	 lr: 1.000000000000002e-05 	 Training loss: 0.04735220070928335
[2025-01-16 05:43:49,586] INFO: Iter 59800 Summary: 
[2025-01-16 05:43:49,586] INFO: 	 lr: 1.000000000000002e-05 	 Training loss: 0.047878629639744756
[2025-01-16 05:44:02,528] INFO: Iter 59900 Summary: 
[2025-01-16 05:44:02,528] INFO: 	 lr: 1.000000000000002e-05 	 Training loss: 0.0476100367680192
[2025-01-16 05:44:16,791] INFO: Iter 60000 Summary: 
[2025-01-16 05:44:16,791] INFO: 	 lr: 1.000000000000002e-05 	 Training loss: 0.04785704061388969
[2025-01-16 05:44:33,515] INFO: Iter 60100 Summary: 
[2025-01-16 05:44:33,515] INFO: 	 lr: 1.000000000000002e-05 	 Training loss: 0.047411482334136966
[2025-01-16 05:44:46,452] INFO: Iter 60200 Summary: 
[2025-01-16 05:44:46,452] INFO: 	 lr: 1.000000000000002e-05 	 Training loss: 0.04748488146811724
[2025-01-16 05:45:00,202] INFO: Iter 60300 Summary: 
[2025-01-16 05:45:00,203] INFO: 	 lr: 1.000000000000002e-05 	 Training loss: 0.047721590064465996
[2025-01-16 05:45:13,366] INFO: Iter 60400 Summary: 
[2025-01-16 05:45:13,366] INFO: 	 lr: 1.000000000000002e-05 	 Training loss: 0.04760292381048203
[2025-01-16 05:45:26,301] INFO: Iter 60500 Summary: 
[2025-01-16 05:45:26,301] INFO: 	 lr: 1.000000000000002e-05 	 Training loss: 0.047752171941101554
[2025-01-16 05:45:39,072] INFO: Iter 60600 Summary: 
[2025-01-16 05:45:39,072] INFO: 	 lr: 1.000000000000002e-05 	 Training loss: 0.047535013817250726
[2025-01-16 05:45:51,859] INFO: Iter 60700 Summary: 
[2025-01-16 05:45:51,859] INFO: 	 lr: 1.000000000000002e-05 	 Training loss: 0.0476729392260313
[2025-01-16 05:46:04,133] INFO: Iter 60800 Summary: 
[2025-01-16 05:46:04,133] INFO: 	 lr: 1.000000000000002e-05 	 Training loss: 0.04744973439723253
[2025-01-16 05:46:14,798] INFO: Iter 60900 Summary: 
[2025-01-16 05:46:14,798] INFO: 	 lr: 1.000000000000002e-05 	 Training loss: 0.04766663558781147
[2025-01-16 05:46:26,716] INFO: Iter 61000 Summary: 
[2025-01-16 05:46:26,717] INFO: 	 lr: 1.000000000000002e-05 	 Training loss: 0.04755924101918936
[2025-01-16 05:46:39,637] INFO: Iter 61100 Summary: 
[2025-01-16 05:46:39,638] INFO: 	 lr: 1.000000000000002e-05 	 Training loss: 0.0475075126439333
[2025-01-16 05:46:52,803] INFO: Iter 61200 Summary: 
[2025-01-16 05:46:52,803] INFO: 	 lr: 1.000000000000002e-05 	 Training loss: 0.04744609512388706
[2025-01-16 05:47:04,886] INFO: Iter 61300 Summary: 
[2025-01-16 05:47:04,886] INFO: 	 lr: 1.000000000000002e-05 	 Training loss: 0.04768135868012905
[2025-01-16 05:47:17,721] INFO: Iter 61400 Summary: 
[2025-01-16 05:47:17,722] INFO: 	 lr: 1.000000000000002e-05 	 Training loss: 0.04762584745883942
[2025-01-16 05:47:29,539] INFO: Iter 61500 Summary: 
[2025-01-16 05:47:29,539] INFO: 	 lr: 1.000000000000002e-05 	 Training loss: 0.04764717429876328
[2025-01-16 05:47:42,548] INFO: Iter 61600 Summary: 
[2025-01-16 05:47:42,549] INFO: 	 lr: 1.000000000000002e-05 	 Training loss: 0.04755930740386247
[2025-01-16 05:47:55,510] INFO: Iter 61700 Summary: 
[2025-01-16 05:47:55,511] INFO: 	 lr: 1.000000000000002e-05 	 Training loss: 0.047694222666323186
[2025-01-16 05:48:08,821] INFO: Iter 61800 Summary: 
[2025-01-16 05:48:08,821] INFO: 	 lr: 1.000000000000002e-05 	 Training loss: 0.04767634406685829
[2025-01-16 05:48:21,236] INFO: Iter 61900 Summary: 
[2025-01-16 05:48:21,237] INFO: 	 lr: 1.000000000000002e-05 	 Training loss: 0.04741343684494495
[2025-01-16 05:48:33,426] INFO: Iter 62000 Summary: 
[2025-01-16 05:48:33,426] INFO: 	 lr: 1.000000000000002e-05 	 Training loss: 0.047579659037292006
[2025-01-16 05:48:48,774] INFO: Iter 62100 Summary: 
[2025-01-16 05:48:48,775] INFO: 	 lr: 1.000000000000002e-05 	 Training loss: 0.047660356163978575
[2025-01-16 05:49:01,397] INFO: Iter 62200 Summary: 
[2025-01-16 05:49:01,397] INFO: 	 lr: 1.000000000000002e-05 	 Training loss: 0.04756464097648859
[2025-01-16 05:49:13,778] INFO: Iter 62300 Summary: 
[2025-01-16 05:49:13,778] INFO: 	 lr: 1.000000000000002e-05 	 Training loss: 0.04762383036315441
[2025-01-16 05:49:27,061] INFO: Iter 62400 Summary: 
[2025-01-16 05:49:27,062] INFO: 	 lr: 1.000000000000002e-05 	 Training loss: 0.047576310262084004
[2025-01-16 05:49:40,650] INFO: Iter 62500 Summary: 
[2025-01-16 05:49:40,650] INFO: 	 lr: 1.000000000000002e-05 	 Training loss: 0.04738400470465422
[2025-01-16 05:49:52,373] INFO: Iter 62600 Summary: 
[2025-01-16 05:49:52,373] INFO: 	 lr: 1.000000000000002e-05 	 Training loss: 0.0473611793294549
[2025-01-16 05:50:05,616] INFO: Iter 62700 Summary: 
[2025-01-16 05:50:05,616] INFO: 	 lr: 1.000000000000002e-05 	 Training loss: 0.04725982390344143
[2025-01-16 05:50:20,981] INFO: Iter 62800 Summary: 
[2025-01-16 05:50:20,982] INFO: 	 lr: 1.000000000000002e-05 	 Training loss: 0.047743054032325746
[2025-01-16 05:50:32,570] INFO: Iter 62900 Summary: 
[2025-01-16 05:50:32,571] INFO: 	 lr: 1.000000000000002e-05 	 Training loss: 0.04785731416195631
[2025-01-16 05:50:44,131] INFO: Iter 63000 Summary: 
[2025-01-16 05:50:44,131] INFO: 	 lr: 1.000000000000002e-05 	 Training loss: 0.04748310904949903
[2025-01-16 05:50:56,612] INFO: Iter 63100 Summary: 
[2025-01-16 05:50:56,612] INFO: 	 lr: 1.000000000000002e-05 	 Training loss: 0.04718896321952343
[2025-01-16 05:51:10,274] INFO: Iter 63200 Summary: 
[2025-01-16 05:51:10,275] INFO: 	 lr: 1.000000000000002e-05 	 Training loss: 0.04764786098152399
[2025-01-16 05:51:25,156] INFO: Iter 63300 Summary: 
[2025-01-16 05:51:25,157] INFO: 	 lr: 1.000000000000002e-05 	 Training loss: 0.047579270526766776
[2025-01-16 05:51:36,691] INFO: Iter 63400 Summary: 
[2025-01-16 05:51:36,691] INFO: 	 lr: 1.000000000000002e-05 	 Training loss: 0.04753045473247766
[2025-01-16 05:51:47,863] INFO: Iter 63500 Summary: 
[2025-01-16 05:51:47,863] INFO: 	 lr: 1.000000000000002e-05 	 Training loss: 0.04762734111398458
[2025-01-16 05:51:58,257] INFO: Iter 63600 Summary: 
[2025-01-16 05:51:58,257] INFO: 	 lr: 1.000000000000002e-05 	 Training loss: 0.04778120171278715
[2025-01-16 05:52:07,840] INFO: Iter 63700 Summary: 
[2025-01-16 05:52:07,840] INFO: 	 lr: 1.000000000000002e-05 	 Training loss: 0.047377089746296404
[2025-01-16 05:52:17,990] INFO: Iter 63800 Summary: 
[2025-01-16 05:52:17,991] INFO: 	 lr: 1.000000000000002e-05 	 Training loss: 0.04744473036378622
[2025-01-16 05:52:27,052] INFO: Iter 63900 Summary: 
[2025-01-16 05:52:27,052] INFO: 	 lr: 1.000000000000002e-05 	 Training loss: 0.04744564712047577
[2025-01-16 05:52:35,231] INFO: Iter 64000 Summary: 
[2025-01-16 05:52:35,231] INFO: 	 lr: 1.000000000000002e-05 	 Training loss: 0.04736716784536839
[2025-01-16 05:52:45,566] INFO: Iter 64100 Summary: 
[2025-01-16 05:52:45,567] INFO: 	 lr: 1.000000000000002e-05 	 Training loss: 0.04765037525445223
[2025-01-16 05:52:54,477] INFO: Iter 64200 Summary: 
[2025-01-16 05:52:54,478] INFO: 	 lr: 1.000000000000002e-05 	 Training loss: 0.0474986333027482
[2025-01-16 05:53:03,104] INFO: Iter 64300 Summary: 
[2025-01-16 05:53:03,105] INFO: 	 lr: 1.000000000000002e-05 	 Training loss: 0.04763160180300474
[2025-01-16 05:53:12,450] INFO: Iter 64400 Summary: 
[2025-01-16 05:53:12,450] INFO: 	 lr: 1.000000000000002e-05 	 Training loss: 0.04715369965881109
[2025-01-16 05:53:20,925] INFO: Iter 64500 Summary: 
[2025-01-16 05:53:20,925] INFO: 	 lr: 1.000000000000002e-05 	 Training loss: 0.0473459181189537
[2025-01-16 05:53:29,318] INFO: Iter 64600 Summary: 
[2025-01-16 05:53:29,318] INFO: 	 lr: 1.000000000000002e-05 	 Training loss: 0.0475964243337512
[2025-01-16 05:53:37,464] INFO: Iter 64700 Summary: 
[2025-01-16 05:53:37,464] INFO: 	 lr: 1.000000000000002e-05 	 Training loss: 0.04776086159050465
[2025-01-16 05:53:46,006] INFO: Iter 64800 Summary: 
[2025-01-16 05:53:46,006] INFO: 	 lr: 1.000000000000002e-05 	 Training loss: 0.04696723025292158
[2025-01-16 05:53:54,535] INFO: Iter 64900 Summary: 
[2025-01-16 05:53:54,535] INFO: 	 lr: 1.000000000000002e-05 	 Training loss: 0.047206722535192966
[2025-01-16 05:54:03,295] INFO: Iter 65000 Summary: 
[2025-01-16 05:54:03,295] INFO: 	 lr: 1.000000000000002e-05 	 Training loss: 0.04777599558234215
[2025-01-16 05:54:12,641] INFO: Iter 65100 Summary: 
[2025-01-16 05:54:12,641] INFO: 	 lr: 1.000000000000002e-05 	 Training loss: 0.047566755898296835
[2025-01-16 05:54:20,701] INFO: Iter 65200 Summary: 
[2025-01-16 05:54:20,702] INFO: 	 lr: 1.000000000000002e-05 	 Training loss: 0.04733752284198999
[2025-01-16 05:54:29,136] INFO: Iter 65300 Summary: 
[2025-01-16 05:54:29,136] INFO: 	 lr: 1.000000000000002e-05 	 Training loss: 0.04737102635204792
[2025-01-16 05:54:37,448] INFO: Iter 65400 Summary: 
[2025-01-16 05:54:37,448] INFO: 	 lr: 1.000000000000002e-05 	 Training loss: 0.04741667453199625
[2025-01-16 05:54:46,171] INFO: Iter 65500 Summary: 
[2025-01-16 05:54:46,171] INFO: 	 lr: 1.000000000000002e-05 	 Training loss: 0.047376267164945605
[2025-01-16 05:54:54,521] INFO: Iter 65600 Summary: 
[2025-01-16 05:54:54,521] INFO: 	 lr: 1.000000000000002e-05 	 Training loss: 0.04735088635236025
[2025-01-16 05:55:02,948] INFO: Iter 65700 Summary: 
[2025-01-16 05:55:02,948] INFO: 	 lr: 1.000000000000002e-05 	 Training loss: 0.047828365676105024
[2025-01-16 05:55:11,906] INFO: Iter 65800 Summary: 
[2025-01-16 05:55:11,907] INFO: 	 lr: 1.000000000000002e-05 	 Training loss: 0.04758428603410721
[2025-01-16 05:55:20,718] INFO: Iter 65900 Summary: 
[2025-01-16 05:55:20,718] INFO: 	 lr: 1.000000000000002e-05 	 Training loss: 0.04731393303722143
[2025-01-16 05:55:29,337] INFO: Iter 66000 Summary: 
[2025-01-16 05:55:29,338] INFO: 	 lr: 1.000000000000002e-05 	 Training loss: 0.04748775664716959
[2025-01-16 05:55:39,993] INFO: Iter 66100 Summary: 
[2025-01-16 05:55:39,994] INFO: 	 lr: 1.000000000000002e-05 	 Training loss: 0.047501261718571185
[2025-01-16 05:55:48,385] INFO: Iter 66200 Summary: 
[2025-01-16 05:55:48,386] INFO: 	 lr: 1.000000000000002e-05 	 Training loss: 0.047181235030293464
[2025-01-16 05:55:56,731] INFO: Iter 66300 Summary: 
[2025-01-16 05:55:56,731] INFO: 	 lr: 1.000000000000002e-05 	 Training loss: 0.04743160635232926
[2025-01-16 05:56:05,054] INFO: Iter 66400 Summary: 
[2025-01-16 05:56:05,054] INFO: 	 lr: 1.000000000000002e-05 	 Training loss: 0.04746941726654768
[2025-01-16 05:56:13,904] INFO: Iter 66500 Summary: 
[2025-01-16 05:56:13,904] INFO: 	 lr: 1.000000000000002e-05 	 Training loss: 0.04752756420522928
[2025-01-16 05:56:22,316] INFO: Iter 66600 Summary: 
[2025-01-16 05:56:22,316] INFO: 	 lr: 1.000000000000002e-05 	 Training loss: 0.04702077932655811
[2025-01-16 05:56:30,598] INFO: Iter 66700 Summary: 
[2025-01-16 05:56:30,598] INFO: 	 lr: 1.000000000000002e-05 	 Training loss: 0.04737293172627687
[2025-01-16 05:56:39,202] INFO: Iter 66800 Summary: 
[2025-01-16 05:56:39,202] INFO: 	 lr: 1.000000000000002e-05 	 Training loss: 0.047661973983049395
[2025-01-16 05:56:47,415] INFO: Iter 66900 Summary: 
[2025-01-16 05:56:47,416] INFO: 	 lr: 1.000000000000002e-05 	 Training loss: 0.04740249540656805
[2025-01-16 05:56:56,350] INFO: Iter 67000 Summary: 
[2025-01-16 05:56:56,350] INFO: 	 lr: 1.000000000000002e-05 	 Training loss: 0.047433837950229644
[2025-01-16 05:57:04,779] INFO: Iter 67100 Summary: 
[2025-01-16 05:57:04,779] INFO: 	 lr: 1.000000000000002e-05 	 Training loss: 0.04754895035177469
[2025-01-16 05:57:14,204] INFO: Iter 67200 Summary: 
[2025-01-16 05:57:14,204] INFO: 	 lr: 1.000000000000002e-05 	 Training loss: 0.04718152862042189
[2025-01-16 05:57:22,731] INFO: Iter 67300 Summary: 
[2025-01-16 05:57:22,731] INFO: 	 lr: 1.000000000000002e-05 	 Training loss: 0.04734647560864687
[2025-01-16 05:57:31,097] INFO: Iter 67400 Summary: 
[2025-01-16 05:57:31,097] INFO: 	 lr: 1.000000000000002e-05 	 Training loss: 0.04749880343675614
[2025-01-16 05:57:39,104] INFO: Iter 67500 Summary: 
[2025-01-16 05:57:39,104] INFO: 	 lr: 1.000000000000002e-05 	 Training loss: 0.0472751185297966
[2025-01-16 05:57:47,802] INFO: Iter 67600 Summary: 
[2025-01-16 05:57:47,803] INFO: 	 lr: 1.000000000000002e-05 	 Training loss: 0.04739608179777861
[2025-01-16 05:57:56,247] INFO: Iter 67700 Summary: 
[2025-01-16 05:57:56,247] INFO: 	 lr: 1.000000000000002e-05 	 Training loss: 0.04770169492810965
[2025-01-16 05:58:04,776] INFO: Iter 67800 Summary: 
[2025-01-16 05:58:04,777] INFO: 	 lr: 1.000000000000002e-05 	 Training loss: 0.04734135769307613
[2025-01-16 05:58:13,846] INFO: Iter 67900 Summary: 
[2025-01-16 05:58:13,847] INFO: 	 lr: 1.000000000000002e-05 	 Training loss: 0.047511946111917495
[2025-01-16 05:58:23,590] INFO: Iter 68000 Summary: 
[2025-01-16 05:58:23,590] INFO: 	 lr: 1.000000000000002e-05 	 Training loss: 0.04757454633712768
[2025-01-16 05:58:34,165] INFO: Iter 68100 Summary: 
[2025-01-16 05:58:34,165] INFO: 	 lr: 1.000000000000002e-05 	 Training loss: 0.04738472204655409
[2025-01-16 05:58:42,926] INFO: Iter 68200 Summary: 
[2025-01-16 05:58:42,926] INFO: 	 lr: 1.000000000000002e-05 	 Training loss: 0.04727529034018516
[2025-01-16 05:58:50,944] INFO: Iter 68300 Summary: 
[2025-01-16 05:58:50,944] INFO: 	 lr: 1.000000000000002e-05 	 Training loss: 0.04733825895935297
[2025-01-16 05:58:58,977] INFO: Iter 68400 Summary: 
[2025-01-16 05:58:58,977] INFO: 	 lr: 1.000000000000002e-05 	 Training loss: 0.047326419204473495
[2025-01-16 05:59:07,172] INFO: Iter 68500 Summary: 
[2025-01-16 05:59:07,172] INFO: 	 lr: 1.000000000000002e-05 	 Training loss: 0.04750660352408886
[2025-01-16 05:59:16,003] INFO: Iter 68600 Summary: 
[2025-01-16 05:59:16,003] INFO: 	 lr: 1.000000000000002e-05 	 Training loss: 0.047234037555754185
[2025-01-16 05:59:24,836] INFO: Iter 68700 Summary: 
[2025-01-16 05:59:24,836] INFO: 	 lr: 1.000000000000002e-05 	 Training loss: 0.04755155973136425
[2025-01-16 05:59:33,451] INFO: Iter 68800 Summary: 
[2025-01-16 05:59:33,451] INFO: 	 lr: 1.000000000000002e-05 	 Training loss: 0.047538653649389744
[2025-01-16 05:59:41,645] INFO: Iter 68900 Summary: 
[2025-01-16 05:59:41,645] INFO: 	 lr: 1.000000000000002e-05 	 Training loss: 0.047320970743894575
[2025-01-16 05:59:50,588] INFO: Iter 69000 Summary: 
[2025-01-16 05:59:50,588] INFO: 	 lr: 1.000000000000002e-05 	 Training loss: 0.0470134661346674
[2025-01-16 05:59:59,805] INFO: Iter 69100 Summary: 
[2025-01-16 05:59:59,805] INFO: 	 lr: 1.000000000000002e-05 	 Training loss: 0.04748810596764088
[2025-01-16 06:00:09,593] INFO: Iter 69200 Summary: 
[2025-01-16 06:00:09,594] INFO: 	 lr: 1.000000000000002e-05 	 Training loss: 0.04741072613745928
[2025-01-16 06:00:18,739] INFO: Iter 69300 Summary: 
[2025-01-16 06:00:18,740] INFO: 	 lr: 1.000000000000002e-05 	 Training loss: 0.04743904497474432
[2025-01-16 06:00:26,766] INFO: Iter 69400 Summary: 
[2025-01-16 06:00:26,766] INFO: 	 lr: 1.000000000000002e-05 	 Training loss: 0.04742298353463412
[2025-01-16 06:00:35,682] INFO: Iter 69500 Summary: 
[2025-01-16 06:00:35,683] INFO: 	 lr: 1.000000000000002e-05 	 Training loss: 0.04719152837991714
[2025-01-16 06:00:43,885] INFO: Iter 69600 Summary: 
[2025-01-16 06:00:43,886] INFO: 	 lr: 1.000000000000002e-05 	 Training loss: 0.047222698517143724
[2025-01-16 06:00:52,562] INFO: Iter 69700 Summary: 
[2025-01-16 06:00:52,563] INFO: 	 lr: 1.000000000000002e-05 	 Training loss: 0.04696517497301102
[2025-01-16 06:01:00,898] INFO: Iter 69800 Summary: 
[2025-01-16 06:01:00,899] INFO: 	 lr: 1.000000000000002e-05 	 Training loss: 0.04748104941099882
[2025-01-16 06:01:09,866] INFO: Iter 69900 Summary: 
[2025-01-16 06:01:09,866] INFO: 	 lr: 1.000000000000002e-05 	 Training loss: 0.04745202202349901
[2025-01-16 06:01:18,536] INFO: Iter 70000 Summary: 
[2025-01-16 06:01:18,536] INFO: 	 lr: 1.000000000000002e-05 	 Training loss: 0.04714896515011788
[2025-01-16 06:01:28,268] INFO: Iter 70100 Summary: 
[2025-01-16 06:01:28,269] INFO: 	 lr: 1.000000000000002e-05 	 Training loss: 0.04745254635810852
[2025-01-16 06:01:36,820] INFO: Iter 70200 Summary: 
[2025-01-16 06:01:36,820] INFO: 	 lr: 1.000000000000002e-05 	 Training loss: 0.04684682875871658
[2025-01-16 06:01:45,463] INFO: Iter 70300 Summary: 
[2025-01-16 06:01:45,463] INFO: 	 lr: 1.000000000000002e-05 	 Training loss: 0.04763381741940975
[2025-01-16 06:01:54,309] INFO: Iter 70400 Summary: 
[2025-01-16 06:01:54,309] INFO: 	 lr: 1.000000000000002e-05 	 Training loss: 0.04735156338661909
[2025-01-16 06:02:02,665] INFO: Iter 70500 Summary: 
[2025-01-16 06:02:02,665] INFO: 	 lr: 1.000000000000002e-05 	 Training loss: 0.04705431587994099
[2025-01-16 06:02:11,096] INFO: Iter 70600 Summary: 
[2025-01-16 06:02:11,097] INFO: 	 lr: 1.000000000000002e-05 	 Training loss: 0.047529544681310654
[2025-01-16 06:02:19,319] INFO: Iter 70700 Summary: 
[2025-01-16 06:02:19,319] INFO: 	 lr: 1.000000000000002e-05 	 Training loss: 0.047390387877821925
[2025-01-16 06:02:26,976] INFO: Iter 70800 Summary: 
[2025-01-16 06:02:26,976] INFO: 	 lr: 1.000000000000002e-05 	 Training loss: 0.047269388772547244
[2025-01-16 06:02:35,653] INFO: Iter 70900 Summary: 
[2025-01-16 06:02:35,653] INFO: 	 lr: 1.000000000000002e-05 	 Training loss: 0.04757730841636658
[2025-01-16 06:02:44,122] INFO: Iter 71000 Summary: 
[2025-01-16 06:02:44,122] INFO: 	 lr: 1.000000000000002e-05 	 Training loss: 0.04724789995700121
[2025-01-16 06:02:52,245] INFO: Iter 71100 Summary: 
[2025-01-16 06:02:52,245] INFO: 	 lr: 1.000000000000002e-05 	 Training loss: 0.04729253631085158
[2025-01-16 06:03:00,487] INFO: Iter 71200 Summary: 
[2025-01-16 06:03:00,488] INFO: 	 lr: 1.000000000000002e-05 	 Training loss: 0.04751996554434299
[2025-01-16 06:03:09,301] INFO: Iter 71300 Summary: 
[2025-01-16 06:03:09,302] INFO: 	 lr: 1.000000000000002e-05 	 Training loss: 0.04730191402137279
[2025-01-16 06:03:17,788] INFO: Iter 71400 Summary: 
[2025-01-16 06:03:17,788] INFO: 	 lr: 1.000000000000002e-05 	 Training loss: 0.04734375990927219
[2025-01-16 06:03:25,988] INFO: Iter 71500 Summary: 
[2025-01-16 06:03:25,988] INFO: 	 lr: 1.000000000000002e-05 	 Training loss: 0.04714636731892824
[2025-01-16 06:03:34,634] INFO: Iter 71600 Summary: 
[2025-01-16 06:03:34,634] INFO: 	 lr: 1.000000000000002e-05 	 Training loss: 0.0474648942425847
[2025-01-16 06:03:43,392] INFO: Iter 71700 Summary: 
[2025-01-16 06:03:43,393] INFO: 	 lr: 1.000000000000002e-05 	 Training loss: 0.04733791150152683
[2025-01-16 06:03:51,867] INFO: Iter 71800 Summary: 
[2025-01-16 06:03:51,867] INFO: 	 lr: 1.000000000000002e-05 	 Training loss: 0.04742636661976576
[2025-01-16 06:04:00,518] INFO: Iter 71900 Summary: 
[2025-01-16 06:04:00,518] INFO: 	 lr: 1.000000000000002e-05 	 Training loss: 0.0473629280179739
[2025-01-16 06:04:09,331] INFO: Iter 72000 Summary: 
[2025-01-16 06:04:09,332] INFO: 	 lr: 1.000000000000002e-05 	 Training loss: 0.047212685942649844
[2025-01-16 06:04:19,759] INFO: Iter 72100 Summary: 
[2025-01-16 06:04:19,760] INFO: 	 lr: 1.000000000000002e-05 	 Training loss: 0.04721380274742842
[2025-01-16 06:04:28,571] INFO: Iter 72200 Summary: 
[2025-01-16 06:04:28,571] INFO: 	 lr: 1.000000000000002e-05 	 Training loss: 0.047294720523059365
[2025-01-16 06:04:37,294] INFO: Iter 72300 Summary: 
[2025-01-16 06:04:37,294] INFO: 	 lr: 1.000000000000002e-05 	 Training loss: 0.04733023636043072
[2025-01-16 06:04:45,960] INFO: Iter 72400 Summary: 
[2025-01-16 06:04:45,960] INFO: 	 lr: 1.000000000000002e-05 	 Training loss: 0.04739606749266386
[2025-01-16 06:04:54,950] INFO: Iter 72500 Summary: 
[2025-01-16 06:04:54,951] INFO: 	 lr: 1.000000000000002e-05 	 Training loss: 0.04716442883014679
[2025-01-16 06:05:03,599] INFO: Iter 72600 Summary: 
[2025-01-16 06:05:03,599] INFO: 	 lr: 1.000000000000002e-05 	 Training loss: 0.04715435728430748
[2025-01-16 06:05:13,273] INFO: Iter 72700 Summary: 
[2025-01-16 06:05:13,274] INFO: 	 lr: 1.000000000000002e-05 	 Training loss: 0.04719546277076006
[2025-01-16 06:05:21,498] INFO: Iter 72800 Summary: 
[2025-01-16 06:05:21,498] INFO: 	 lr: 1.000000000000002e-05 	 Training loss: 0.047430882565677165
[2025-01-16 06:05:29,974] INFO: Iter 72900 Summary: 
[2025-01-16 06:05:29,974] INFO: 	 lr: 1.000000000000002e-05 	 Training loss: 0.047342165857553485
[2025-01-16 06:05:38,220] INFO: Iter 73000 Summary: 
[2025-01-16 06:05:38,220] INFO: 	 lr: 1.000000000000002e-05 	 Training loss: 0.04754783045500517
[2025-01-16 06:05:46,232] INFO: Iter 73100 Summary: 
[2025-01-16 06:05:46,233] INFO: 	 lr: 1.000000000000002e-05 	 Training loss: 0.04723341580480337
[2025-01-16 06:05:54,983] INFO: Iter 73200 Summary: 
[2025-01-16 06:05:54,983] INFO: 	 lr: 1.000000000000002e-05 	 Training loss: 0.04696072965860367
[2025-01-16 06:06:03,770] INFO: Iter 73300 Summary: 
[2025-01-16 06:06:03,770] INFO: 	 lr: 1.000000000000002e-05 	 Training loss: 0.047232291810214516
[2025-01-16 06:06:11,942] INFO: Iter 73400 Summary: 
[2025-01-16 06:06:11,942] INFO: 	 lr: 1.000000000000002e-05 	 Training loss: 0.04714253608137369
[2025-01-16 06:06:20,380] INFO: Iter 73500 Summary: 
[2025-01-16 06:06:20,380] INFO: 	 lr: 1.000000000000002e-05 	 Training loss: 0.0475005392357707
[2025-01-16 06:06:28,381] INFO: Iter 73600 Summary: 
[2025-01-16 06:06:28,381] INFO: 	 lr: 1.000000000000002e-05 	 Training loss: 0.04720664922147989
[2025-01-16 06:06:38,312] INFO: Iter 73700 Summary: 
[2025-01-16 06:06:38,312] INFO: 	 lr: 1.000000000000002e-05 	 Training loss: 0.04709366325289011
[2025-01-16 06:06:46,546] INFO: Iter 73800 Summary: 
[2025-01-16 06:06:46,546] INFO: 	 lr: 1.000000000000002e-05 	 Training loss: 0.04692289218306542
[2025-01-16 06:06:55,144] INFO: Iter 73900 Summary: 
[2025-01-16 06:06:55,145] INFO: 	 lr: 1.000000000000002e-05 	 Training loss: 0.04729725271463394
[2025-01-16 06:07:04,375] INFO: Iter 74000 Summary: 
[2025-01-16 06:07:04,375] INFO: 	 lr: 1.000000000000002e-05 	 Training loss: 0.04716977823525667
[2025-01-16 06:07:14,312] INFO: Iter 74100 Summary: 
[2025-01-16 06:07:14,312] INFO: 	 lr: 1.000000000000002e-05 	 Training loss: 0.047230672389268875
[2025-01-16 06:07:23,128] INFO: Iter 74200 Summary: 
[2025-01-16 06:07:23,129] INFO: 	 lr: 1.000000000000002e-05 	 Training loss: 0.04741052273660898
[2025-01-16 06:07:31,497] INFO: Iter 74300 Summary: 
[2025-01-16 06:07:31,498] INFO: 	 lr: 1.000000000000002e-05 	 Training loss: 0.04725653111934662
[2025-01-16 06:07:40,041] INFO: Iter 74400 Summary: 
[2025-01-16 06:07:40,042] INFO: 	 lr: 1.000000000000002e-05 	 Training loss: 0.04728015530854464
[2025-01-16 06:07:48,420] INFO: Iter 74500 Summary: 
[2025-01-16 06:07:48,420] INFO: 	 lr: 1.000000000000002e-05 	 Training loss: 0.047233578935265544
[2025-01-16 06:07:56,519] INFO: Iter 74600 Summary: 
[2025-01-16 06:07:56,519] INFO: 	 lr: 1.000000000000002e-05 	 Training loss: 0.04723177745938301
[2025-01-16 06:08:06,678] INFO: Iter 74700 Summary: 
[2025-01-16 06:08:06,679] INFO: 	 lr: 1.000000000000002e-05 	 Training loss: 0.04718108005821705
[2025-01-16 06:08:14,865] INFO: Iter 74800 Summary: 
[2025-01-16 06:08:14,865] INFO: 	 lr: 1.000000000000002e-05 	 Training loss: 0.04736616116017103
[2025-01-16 06:08:23,309] INFO: Iter 74900 Summary: 
[2025-01-16 06:08:23,309] INFO: 	 lr: 1.000000000000002e-05 	 Training loss: 0.04729667074978352
[2025-01-16 06:08:31,477] INFO: Iter 75000 Summary: 
[2025-01-16 06:08:31,478] INFO: 	 lr: 1.000000000000002e-05 	 Training loss: 0.04718726117163897
[2025-01-16 06:08:39,701] INFO: Iter 75100 Summary: 
[2025-01-16 06:08:39,701] INFO: 	 lr: 1.000000000000002e-05 	 Training loss: 0.04721745256334543
[2025-01-16 06:08:48,543] INFO: Iter 75200 Summary: 
[2025-01-16 06:08:48,543] INFO: 	 lr: 1.000000000000002e-05 	 Training loss: 0.04720164947211743
[2025-01-16 06:08:56,878] INFO: Iter 75300 Summary: 
[2025-01-16 06:08:56,878] INFO: 	 lr: 1.000000000000002e-05 	 Training loss: 0.04739606790244579
[2025-01-16 06:09:06,491] INFO: Iter 75400 Summary: 
[2025-01-16 06:09:06,492] INFO: 	 lr: 1.000000000000002e-05 	 Training loss: 0.04727617457509041
[2025-01-16 06:09:14,833] INFO: Iter 75500 Summary: 
[2025-01-16 06:09:14,834] INFO: 	 lr: 1.000000000000002e-05 	 Training loss: 0.047087169662117956
[2025-01-16 06:09:23,442] INFO: Iter 75600 Summary: 
[2025-01-16 06:09:23,442] INFO: 	 lr: 1.000000000000002e-05 	 Training loss: 0.047260967008769514
[2025-01-16 06:09:32,976] INFO: Iter 75700 Summary: 
[2025-01-16 06:09:32,976] INFO: 	 lr: 1.000000000000002e-05 	 Training loss: 0.04712485816329717
[2025-01-16 06:09:41,193] INFO: Iter 75800 Summary: 
[2025-01-16 06:09:41,193] INFO: 	 lr: 1.000000000000002e-05 	 Training loss: 0.047137964032590386
[2025-01-16 06:09:49,468] INFO: Iter 75900 Summary: 
[2025-01-16 06:09:49,468] INFO: 	 lr: 1.000000000000002e-05 	 Training loss: 0.04721170913428068
[2025-01-16 06:09:58,006] INFO: Iter 76000 Summary: 
[2025-01-16 06:09:58,006] INFO: 	 lr: 1.000000000000002e-05 	 Training loss: 0.046961478479206564
[2025-01-16 06:10:09,358] INFO: Iter 76100 Summary: 
[2025-01-16 06:10:09,359] INFO: 	 lr: 1.000000000000002e-05 	 Training loss: 0.047223095633089546
[2025-01-16 06:10:17,740] INFO: Iter 76200 Summary: 
[2025-01-16 06:10:17,740] INFO: 	 lr: 1.000000000000002e-05 	 Training loss: 0.04715876813977957
[2025-01-16 06:10:26,043] INFO: Iter 76300 Summary: 
[2025-01-16 06:10:26,044] INFO: 	 lr: 1.000000000000002e-05 	 Training loss: 0.04729200448840856
[2025-01-16 06:10:34,463] INFO: Iter 76400 Summary: 
[2025-01-16 06:10:34,463] INFO: 	 lr: 1.000000000000002e-05 	 Training loss: 0.0469898546114564
[2025-01-16 06:10:42,301] INFO: Iter 76500 Summary: 
[2025-01-16 06:10:42,301] INFO: 	 lr: 1.000000000000002e-05 	 Training loss: 0.04720183398574591
[2025-01-16 06:10:50,595] INFO: Iter 76600 Summary: 
[2025-01-16 06:10:50,595] INFO: 	 lr: 1.000000000000002e-05 	 Training loss: 0.047538057900965214
[2025-01-16 06:10:59,128] INFO: Iter 76700 Summary: 
[2025-01-16 06:10:59,128] INFO: 	 lr: 1.000000000000002e-05 	 Training loss: 0.04699581202119589
[2025-01-16 06:11:08,545] INFO: Iter 76800 Summary: 
[2025-01-16 06:11:08,545] INFO: 	 lr: 1.000000000000002e-05 	 Training loss: 0.047360248118638995
[2025-01-16 06:11:17,933] INFO: Iter 76900 Summary: 
[2025-01-16 06:11:17,934] INFO: 	 lr: 1.000000000000002e-05 	 Training loss: 0.04717265494167805
[2025-01-16 06:11:27,120] INFO: Iter 77000 Summary: 
[2025-01-16 06:11:27,120] INFO: 	 lr: 1.000000000000002e-05 	 Training loss: 0.047233207002282146
[2025-01-16 06:11:36,047] INFO: Iter 77100 Summary: 
[2025-01-16 06:11:36,047] INFO: 	 lr: 1.000000000000002e-05 	 Training loss: 0.0472786820307374
[2025-01-16 06:11:44,066] INFO: Iter 77200 Summary: 
[2025-01-16 06:11:44,066] INFO: 	 lr: 1.000000000000002e-05 	 Training loss: 0.04713956642895937
[2025-01-16 06:11:52,844] INFO: Iter 77300 Summary: 
[2025-01-16 06:11:52,844] INFO: 	 lr: 1.000000000000002e-05 	 Training loss: 0.04708543561398983
[2025-01-16 06:12:01,211] INFO: Iter 77400 Summary: 
[2025-01-16 06:12:01,211] INFO: 	 lr: 1.000000000000002e-05 	 Training loss: 0.04694400686770678
[2025-01-16 06:12:10,483] INFO: Iter 77500 Summary: 
[2025-01-16 06:12:10,484] INFO: 	 lr: 1.000000000000002e-05 	 Training loss: 0.0471442698314786
[2025-01-16 06:12:18,665] INFO: Iter 77600 Summary: 
[2025-01-16 06:12:18,665] INFO: 	 lr: 1.000000000000002e-05 	 Training loss: 0.04716617129743099
[2025-01-16 06:12:26,840] INFO: Iter 77700 Summary: 
[2025-01-16 06:12:26,840] INFO: 	 lr: 1.000000000000002e-05 	 Training loss: 0.047326111048460004
[2025-01-16 06:12:35,053] INFO: Iter 77800 Summary: 
[2025-01-16 06:12:35,053] INFO: 	 lr: 1.000000000000002e-05 	 Training loss: 0.047166696675121786
[2025-01-16 06:12:43,611] INFO: Iter 77900 Summary: 
[2025-01-16 06:12:43,612] INFO: 	 lr: 1.000000000000002e-05 	 Training loss: 0.0472361958399415
[2025-01-16 06:12:51,724] INFO: Iter 78000 Summary: 
[2025-01-16 06:12:51,724] INFO: 	 lr: 1.000000000000002e-05 	 Training loss: 0.04695417042821646
[2025-01-16 06:13:02,856] INFO: Iter 78100 Summary: 
[2025-01-16 06:13:02,856] INFO: 	 lr: 1.000000000000002e-05 	 Training loss: 0.047202757820487024
[2025-01-16 06:13:11,539] INFO: Iter 78200 Summary: 
[2025-01-16 06:13:11,539] INFO: 	 lr: 1.000000000000002e-05 	 Training loss: 0.04713806785643101
[2025-01-16 06:13:19,646] INFO: Iter 78300 Summary: 
[2025-01-16 06:13:19,647] INFO: 	 lr: 1.000000000000002e-05 	 Training loss: 0.046808919832110406
[2025-01-16 06:13:28,089] INFO: Iter 78400 Summary: 
[2025-01-16 06:13:28,090] INFO: 	 lr: 1.000000000000002e-05 	 Training loss: 0.04745039336383343
[2025-01-16 06:13:36,423] INFO: Iter 78500 Summary: 
[2025-01-16 06:13:36,423] INFO: 	 lr: 1.000000000000002e-05 	 Training loss: 0.04719637516885996
[2025-01-16 06:13:44,605] INFO: Iter 78600 Summary: 
[2025-01-16 06:13:44,606] INFO: 	 lr: 1.000000000000002e-05 	 Training loss: 0.04690503377467394
[2025-01-16 06:13:52,947] INFO: Iter 78700 Summary: 
[2025-01-16 06:13:52,947] INFO: 	 lr: 1.000000000000002e-05 	 Training loss: 0.04719830632209778
[2025-01-16 06:14:01,959] INFO: Iter 78800 Summary: 
[2025-01-16 06:14:01,959] INFO: 	 lr: 1.000000000000002e-05 	 Training loss: 0.047080656215548515
[2025-01-16 06:14:10,227] INFO: Iter 78900 Summary: 
[2025-01-16 06:14:10,228] INFO: 	 lr: 1.000000000000002e-05 	 Training loss: 0.0473179367557168
[2025-01-16 06:14:18,650] INFO: Iter 79000 Summary: 
[2025-01-16 06:14:18,651] INFO: 	 lr: 1.000000000000002e-05 	 Training loss: 0.04734422642737627
[2025-01-16 06:14:27,670] INFO: Iter 79100 Summary: 
[2025-01-16 06:14:27,670] INFO: 	 lr: 1.000000000000002e-05 	 Training loss: 0.04723084568977356
[2025-01-16 06:14:36,041] INFO: Iter 79200 Summary: 
[2025-01-16 06:14:36,041] INFO: 	 lr: 1.000000000000002e-05 	 Training loss: 0.046896838545799256
[2025-01-16 06:14:44,518] INFO: Iter 79300 Summary: 
[2025-01-16 06:14:44,518] INFO: 	 lr: 1.000000000000002e-05 	 Training loss: 0.04712591476738453
[2025-01-16 06:14:52,779] INFO: Iter 79400 Summary: 
[2025-01-16 06:14:52,779] INFO: 	 lr: 1.000000000000002e-05 	 Training loss: 0.047313976995646954
[2025-01-16 06:15:01,604] INFO: Iter 79500 Summary: 
[2025-01-16 06:15:01,604] INFO: 	 lr: 1.000000000000002e-05 	 Training loss: 0.04700013317167759
[2025-01-16 06:15:09,930] INFO: Iter 79600 Summary: 
[2025-01-16 06:15:09,930] INFO: 	 lr: 1.000000000000002e-05 	 Training loss: 0.0473686808720231
[2025-01-16 06:15:19,290] INFO: Iter 79700 Summary: 
[2025-01-16 06:15:19,290] INFO: 	 lr: 1.000000000000002e-05 	 Training loss: 0.047018314525485036
[2025-01-16 06:15:28,113] INFO: Iter 79800 Summary: 
[2025-01-16 06:15:28,114] INFO: 	 lr: 1.000000000000002e-05 	 Training loss: 0.04705712161958218
[2025-01-16 06:15:36,925] INFO: Iter 79900 Summary: 
[2025-01-16 06:15:36,926] INFO: 	 lr: 1.000000000000002e-05 	 Training loss: 0.04705958813428879
[2025-01-16 06:15:45,414] INFO: Iter 80000 Summary: 
[2025-01-16 06:15:45,414] INFO: 	 lr: 1.000000000000002e-05 	 Training loss: 0.04688339754939079
